Species,Owner,Country.of.Origin,Region,Number.of.Bags,Bag.Weight,In.Country.Partner,Grading.Date,Variety,Processing.Method,Aroma,Flavor,Aftertaste,Acidity,Body,Balance,Cupper.Points,Total.Cup.Points,Moisture,Category.One.Defects,Color,Category.Two.Defects,altitude_mean_meters,categoria_altitud,Nombre_Comercial
Arabica,metad plc,Ethiopia,Other,300,60 kg,METAD Agricultural Development plc,"April 4th, 2015",Other,Washed / Wet,8.67,8.83,8.67,8.75,8.5,8.42,8.75,90.58,0.12,0,Green,0,2075.0,Premium (Arabica),Private Reserve MET
Arabica,metad plc,Ethiopia,Other,300,60 kg,METAD Agricultural Development plc,"April 4th, 2015",Other,Washed / Wet,8.75,8.67,8.5,8.58,8.42,8.42,8.58,89.92,0.12,0,Green,1,2075.0,Premium (Arabica),Private Reserve MET
Arabica,grounds for health admin,Guatemala,Other,5,1,Specialty Coffee Association,"May 31st, 2010",Bourbon,Washed / Wet,8.42,8.5,8.42,8.42,8.33,8.42,9.25,89.75,0.0,0,Green,0,1700.0,Alta (Arabica),Mill GRO
Arabica,yidnekachew dabessa,Ethiopia,Other,320,60 kg,METAD Agricultural Development plc,"March 26th, 2015",Other,Natural / Dry,8.17,8.58,8.42,8.42,8.5,8.25,8.67,89.0,0.11,0,Green,2,2000.0,Premium (Arabica),Heritage YID
Arabica,metad plc,Ethiopia,Other,300,60 kg,METAD Agricultural Development plc,"April 4th, 2015",Other,Washed / Wet,8.25,8.5,8.25,8.5,8.42,8.33,8.58,88.83,0.12,0,Green,2,2075.0,Premium (Arabica),Private Reserve MET
Arabica,ji-ae ahn,Brazil,Other,100,30 kg,Specialty Coffee Institute of Asia,"September 3rd, 2013",Bourbon,Natural / Dry,8.58,8.42,8.42,8.5,8.25,8.33,8.33,88.83,0.11,0,Blue-Green,1,1000.0,Media (Arabica),Mill JI-
Arabica,hugo valdivia,Peru,Other,100,69 kg,Specialty Coffee Institute of Asia,"September 17th, 2012",Other,Washed / Wet,8.42,8.5,8.33,8.5,8.25,8.25,8.5,88.75,0.11,0,Blue-Green,0,1300.0,Media (Arabica),Mill HUG
Arabica,ethiopia commodity exchange,Ethiopia,Other,300,60 kg,Ethiopia Commodity Exchange,"September 2nd, 2010",Other,Natural / Dry,8.25,8.33,8.5,8.42,8.33,8.5,9.0,88.67,0.03,0,Green,0,1635.0,Alta (Arabica),Select Harvest ETH
Arabica,ethiopia commodity exchange,Ethiopia,Other,300,60 kg,Ethiopia Commodity Exchange,"September 2nd, 2010",Other,Natural / Dry,8.67,8.67,8.58,8.42,8.33,8.42,8.67,88.42,0.03,0,Green,0,1635.0,Alta (Arabica),Select Harvest ETH
Arabica,diamond enterprise plc,Ethiopia,Other,50,60 kg,METAD Agricultural Development plc,"March 30th, 2015",Other,Natural / Dry,8.08,8.58,8.5,8.5,7.67,8.42,8.5,88.25,0.1,0,Green,4,1822.5,Premium (Arabica),Private Reserve DIA
Arabica,mohammed lalo,Ethiopia,Other,300,60 kg,METAD Agricultural Development plc,"March 27th, 2015",Other,Natural / Dry,8.17,8.67,8.25,8.5,7.75,8.17,8.58,88.08,0.1,0,Green,1,1905.0,Premium (Arabica),Mill MOH
Arabica,cqi q coffee sample representative,Other,Other,10,1 kg,Almacafé,"March 13th, 2015",Other,Washed / Wet,8.25,8.42,8.17,8.33,8.08,8.17,8.5,87.92,0.0,0,Other,0,1872.0,Premium (Arabica),Mill CQI
Arabica,cqi q coffee sample representative,Other,Other,10,1 kg,Almacafé,"March 13th, 2015",Other,Washed / Wet,8.08,8.67,8.33,8.42,8.0,8.08,8.33,87.92,0.0,0,Other,0,1943.0,Premium (Arabica),Mill CQI
Arabica,grounds for health admin,United States (Hawaii),kona,1,1,Specialty Coffee Association,"May 31st, 2010",Hawaiian Kona,Natural / Dry,8.33,8.42,8.08,8.25,8.25,8.0,8.58,87.92,0.0,0,Blue-Green,2,185.80608,Baja (Arabica),Mill GRO
Arabica,ethiopia commodity exchange,Ethiopia,Other,300,60 kg,Ethiopia Commodity Exchange,"August 31st, 2010",Other,Natural / Dry,8.25,8.33,8.5,8.25,8.58,8.75,8.5,87.83,0.05,0,Green,2,1635.0,Alta (Arabica),Select Harvest ETH
Arabica,cqi q coffee sample representative,Other,Other,10,1 kg,Almacafé,"March 13th, 2015",Other,Washed / Wet,8.0,8.5,8.58,8.17,8.17,8.0,8.17,87.58,0.0,0,Other,0,2080.0,Premium (Arabica),Mill CQI
Arabica,grounds for health admin,Indonesia,Other,1,"2 kg,lbs",Specialty Coffee Association,"May 31st, 2010",Other,Washed / Wet,8.33,8.25,7.83,7.75,8.5,8.42,8.33,87.42,0.03,0,Blue-Green,0,1500.0,Alta (Arabica),Mill GRO
Arabica,ethiopia commodity exchange,Ethiopia,Other,150,6,Ethiopia Commodity Exchange,"June 16th, 2010",Other,Natural / Dry,8.17,8.33,8.25,8.33,8.42,8.33,8.83,87.33,0.05,0,Green,2,1800.0,Premium (Arabica),Select Harvest ETH
Arabica,yunnan coffee exchange,China,yunnan,3,60 kg,Yunnan Coffee Exchange,"April 7th, 2016",Catimor,Washed / Wet,8.42,8.25,8.08,8.17,7.92,8.0,8.42,87.25,0.1,0,Green,0,1450.0,Media (Arabica),Private Reserve YUN
Arabica,essencecoffee,Ethiopia,Other,250,60 kg,Blossom Valley International,"March 25th, 2015",Other,Natural / Dry,8.17,8.17,8.0,8.17,8.08,8.33,8.33,87.25,0.0,0,Green,8,1850.0,Premium (Arabica),Private Reserve ESS
Arabica,cqi q coffee sample representative,Other,Other,10,1 kg,Almacafé,"March 13th, 2015",Other,Washed / Wet,8.0,8.25,8.08,8.5,8.25,8.0,8.17,87.25,0.0,0,Other,0,2019.0,Premium (Arabica),Mill CQI
Arabica,the coffee source inc.,Costa Rica,Other,250,3 lbs,Specialty Coffee Association,"April 2nd, 2014",Caturra,Washed / Wet,8.08,8.25,8.0,8.17,8.0,8.33,8.33,87.17,0.11,0,Green,2,1300.0,Media (Arabica),Origins THE
Arabica,roberto licona franco,Mexico,Other,14,1 kg,AMECAFE,"July 26th, 2012",Other,Washed / Wet,8.17,8.25,8.17,8.0,7.83,8.17,8.58,87.17,0.13,0,Green,0,1320.0,Media (Arabica),Origins ROB
Arabica,cqi q coffee sample representative,Other,Other,10,1 kg,Almacafé,"March 13th, 2015",Other,Washed / Wet,8.25,8.33,8.17,8.17,7.83,8.17,8.17,87.08,0.0,0,Other,0,2112.0,Premium (Arabica),Mill CQI
Arabica,ji-ae ahn,Ethiopia,sidamo,100,60 kg,Specialty Coffee Institute of Asia,"September 3rd, 2013",Other,Natural / Dry,8.42,8.17,7.92,8.17,8.33,8.0,8.08,87.08,0.11,0,Blue-Green,1,1800.0,Premium (Arabica),Mill JI-
Arabica,nucoffee,Brazil,south of minas,3,60 kg,NUCOFFEE,"December 3rd, 2011",Bourbon,Natural / Dry,8.5,8.5,8.0,8.0,8.0,8.0,7.92,86.92,0.12,0,Green,2,1250.0,Media (Arabica),Heritage NUC
Arabica,ethiopia commodity exchange,Ethiopia,sidamo,150,6,Ethiopia Commodity Exchange,"June 16th, 2010",Other,Natural / Dry,7.83,8.25,8.08,8.17,8.17,8.17,8.25,86.92,0.05,0,Green,2,1800.0,Premium (Arabica),Select Harvest ETH
Arabica,kabum trading company,Uganda,Other,100,60 kg,Uganda Coffee Development Authority,"June 26th, 2014",SL14,Washed / Wet,8.42,8.17,8.17,8.17,7.83,7.92,8.17,86.83,0.12,0,Green,1,1950.0,Premium (Arabica),Origins KAB
Arabica,bismarck castro,Honduras,comayagua,275,69 kg,Instituto Hondureño del Café,"May 18th, 2017",Caturra,Washed / Wet,8.17,8.08,8.08,8.0,8.08,8.0,8.25,86.67,0.1,0,Green,3,1400.0,Media (Arabica),Heritage BIS
Arabica,"lin, che-hao krude 林哲豪",Taiwan,Other,20,50 kg,Specialty Coffee Association,"May 18th, 2016",Other,Pulped Natural / Honey,8.0,8.0,8.0,8.25,8.0,8.17,8.17,86.58,0.0,0,Green,0,1200.0,Media (Arabica),Heritage LIN
Arabica,nora zeas,Nicaragua,Other,275,6,Specialty Coffee Association,"May 18th, 2010",Caturra,Washed / Wet,7.92,8.25,8.0,8.33,8.0,8.08,8.0,86.58,0.08,0,Green,2,1100.0,Media (Arabica),Mill NOR
Arabica,specialty coffee-korea,"Tanzania, United Republic Of",Other,100,60 kg,Specialty Coffee Institute of Asia,"September 3rd, 2013",Other,Natural / Dry,8.42,8.17,8.17,8.0,7.58,8.0,8.17,86.5,0.11,0,Blue-Green,1,1600.0,Alta (Arabica),Private Reserve SPE
Arabica,nucoffee,Brazil,Other,29,60 kg,NUCOFFEE,"December 3rd, 2011",Bourbon,Natural / Dry,8.5,8.17,8.0,7.75,8.0,8.0,8.0,86.42,0.12,0,Green,2,1300.0,Media (Arabica),Heritage NUC
Arabica,francisco a mena,Costa Rica,Other,250,2 lbs,Specialty Coffee Association of Costa Rica,"December 3rd, 2015",Caturra,Washed / Wet,8.17,7.83,8.0,8.08,7.83,8.0,8.42,86.33,0.0,0,Blue-Green,0,1300.0,Media (Arabica),Heritage FRA
Arabica,hider abamecha,Ethiopia,Other,320,60 kg,METAD Agricultural Development plc,"March 27th, 2015",Other,Natural / Dry,8.0,8.08,7.92,8.0,8.08,8.08,8.08,86.25,0.1,0,Green,3,1775.0,Alta (Arabica),Select Harvest HID
Arabica,daniel magu,Kenya,Other,320,1 kg,Kenya Coffee Traders Association,"May 30th, 2014",Other,Washed / Wet,8.08,8.0,8.0,8.25,7.92,7.92,8.08,86.25,0.12,0,Blue-Green,1,1800.0,Premium (Arabica),Heritage DAN
Arabica,kona pacific farmers cooperative,United States (Hawaii),kona,10,100 lbs,Specialty Coffee Association,"April 6th, 2012",Hawaiian Kona,Natural / Dry,8.08,8.17,8.0,7.92,7.92,7.83,8.33,86.25,0.0,1,Blue-Green,4,157.93516800000003,Baja (Arabica),Private Reserve KON
Arabica,kona pacific farmers cooperative,United States (Hawaii),kona,25,100 lbs,Specialty Coffee Association,"January 28th, 2011",Hawaiian Kona,Natural / Dry,8.25,8.42,8.08,7.75,7.67,7.83,8.25,86.25,0.0,2,Blue-Green,1,157.93516800000003,Baja (Arabica),Private Reserve KON
Arabica,ethiopia commodity exchange,Ethiopia,Other,300,6,Ethiopia Commodity Exchange,"June 17th, 2010",Other,Natural / Dry,7.92,7.75,8.08,8.08,8.08,8.17,8.17,86.25,0.1,0,Green,2,1800.0,Premium (Arabica),Select Harvest ETH
Arabica,cqi q coffee sample representative,Other,Other,10,1 kg,Almacafé,"March 13th, 2015",Other,Washed / Wet,7.67,8.17,8.0,8.0,8.17,8.08,8.08,86.17,0.0,0,Other,0,1941.0,Premium (Arabica),Mill CQI
Arabica,itdp international,Thailand,Other,53,1 kg,Specialty Coffee Association,"April 12th, 2012",Caturra,Washed / Wet,7.83,8.33,7.83,8.25,7.58,7.92,8.42,86.17,0.1,1,Green,9,1300.0,Media (Arabica),Mill ITD
Arabica,jacques pereira carneiro,Brazil,Other,300,60 kg,Specialty Coffee Association,"January 4th, 2011",Yellow Bourbon,Natural / Dry,8.17,7.92,7.92,7.75,8.33,8.0,8.08,86.17,0.08,0,Green,2,12.0,Baja (Arabica),Select Harvest JAC
Arabica,jacques pereira carneiro,Brazil,Other,300,60 kg,Specialty Coffee Association,"January 4th, 2011",Yellow Bourbon,Natural / Dry,8.42,7.92,8.0,7.75,7.92,8.0,8.17,86.17,0.01,0,Green,3,12.0,Baja (Arabica),Select Harvest JAC
Arabica,"lin, che-hao krude 林哲豪",Taiwan,Other,10,15 kg,Specialty Coffee Association,"June 10th, 2015",Bourbon,Semi-Washed / Semi-Pulped,8.08,8.17,7.75,8.08,7.75,7.83,8.42,86.08,0.12,0,Green,0,1000.0,Media (Arabica),Heritage LIN
Arabica,jungle estate,Kenya,Other,12,60 kg,Kenya Coffee Traders Association,"January 29th, 2015",SL28,Natural / Dry,8.08,8.08,8.0,8.0,7.83,8.08,8.0,86.08,0.11,0,Blue-Green,2,1754.0,Alta (Arabica),Private Reserve JUN
Arabica,nucoffee,Brazil,south of minas,7,60 kg,NUCOFFEE,"December 3rd, 2011",Bourbon,Semi-Washed / Semi-Pulped,8.33,8.0,8.0,8.0,7.75,8.0,8.0,86.08,0.11,0,Blue-Green,2,1250.0,Media (Arabica),Heritage NUC
Arabica,great lakes coffee uganda,Uganda,Other,1,60 kg,Uganda Coffee Development Authority,"October 1st, 2014",SL14,Semi-Washed / Semi-Pulped,8.08,8.08,7.83,7.92,8.08,7.92,8.08,86.0,0.0,0,Green,0,1675.0,Alta (Arabica),Mill GRE
Arabica,lusso lab,Colombia,Other,1,2 kg,Specialty Coffee Association,"March 20th, 2014",Caturra,Washed / Wet,7.75,7.92,7.83,8.08,8.08,8.17,8.17,86.0,0.12,1,Green,1,1200.0,Media (Arabica),Mill LUS
Arabica,lusso lab,Kenya,Other,1,1 kg,Specialty Coffee Association,"February 6th, 2014",SL28,Washed / Wet,7.92,8.17,7.83,8.5,7.5,7.92,8.17,86.0,0.11,0,Green,1,1860.0,Premium (Arabica),Mill LUS
Arabica,afca,Uganda,Other,1,60 kg,Africa Fine Coffee Association,"February 13th, 2012",Other,Washed / Wet,8.25,8.0,7.83,8.08,8.0,7.92,7.92,86.0,0.1,0,Blue-Green,0,1650.0,Alta (Arabica),Private Reserve AFC
Arabica,ethiopia commodity exchange,Ethiopia,sidamo,300,6,Ethiopia Commodity Exchange,"June 17th, 2010",Other,Natural / Dry,7.75,8.08,8.0,8.25,8.0,8.0,7.92,86.0,0.01,0,Green,4,1750.0,Alta (Arabica),Select Harvest ETH
Arabica,grounds for health admin,United States (Hawaii),kona,1,2,Specialty Coffee Association,"May 31st, 2010",Hawaiian Kona,Natural / Dry,8.33,8.17,7.75,8.0,7.75,7.83,8.17,86.0,0.0,0,Blue-Green,0,130.06425600000003,Baja (Arabica),Mill GRO
Arabica,juan luis alvarado romero,Guatemala,Other,80,69 kg,Asociacion Nacional Del Café,"May 16th, 2016",Bourbon,Washed / Wet,7.92,8.08,7.92,8.08,8.08,7.83,8.0,85.92,0.1,0,Green,3,431.999136,Baja (Arabica),Mill JUA
Arabica,kawacom uganda ltd,Uganda,Other,1,60 kg,Uganda Coffee Development Authority,"June 30th, 2014",SL14,Natural / Dry,8.17,8.17,7.92,8.08,7.83,7.75,8.0,85.92,0.12,0,Green,0,1650.0,Alta (Arabica),Mill KAW
Arabica,exportadora de cafe condor s.a,Colombia,huila,275,70 kg,Almacafé,"July 26th, 2013",Caturra,Washed / Wet,8.0,8.0,8.0,8.17,7.83,8.0,7.92,85.92,0.0,1,Blue-Green,0,1800.0,Premium (Arabica),Heritage EXP
Arabica,gonzalo hernandez,Other,Other,37,60 kg,Specialty Coffee Association of Costa Rica,"October 9th, 2017",Gesha,Washed / Wet,8.0,8.0,7.92,8.08,7.83,8.0,8.0,85.83,0.08,0,Blue-Green,0,1600.0,Alta (Arabica),Heritage GON
Arabica,ibrahim hussien speciality coffee producer &export,Ethiopia,Other,320,60 kg,METAD Agricultural Development plc,"April 4th, 2015",Other,Washed / Wet,7.83,8.08,7.92,8.08,8.0,7.92,8.0,85.83,0.1,0,Green,4,1900.0,Premium (Arabica),Origins IBR
Arabica,juan luis alvarado romero,Guatemala,Other,150,1 kg,Asociacion Nacional Del Café,"July 3rd, 2012",Bourbon,Washed / Wet,7.83,8.0,8.0,8.17,7.83,8.0,8.0,85.83,0.12,0,Green,3,464.5152000000001,Baja (Arabica),Mill JUA
Arabica,juan luis alvarado romero,Guatemala,Other,275,1 kg,Asociacion Nacional Del Café,"June 5th, 2012",Catuai,Washed / Wet,8.0,8.0,7.83,8.33,7.83,7.83,8.0,85.83,0.1,0,Blue-Green,1,431.999136,Baja (Arabica),Mill JUA
Arabica,seid damtew coffee planataion,Ethiopia,Other,320,19200 kg,METAD Agricultural Development plc,"June 23rd, 2017",Caturra,Natural / Dry,7.83,8.0,7.83,8.17,7.92,8.0,8.0,85.75,0.09,0,Green,7,1800.0,Premium (Arabica),Origins SEI
Arabica,dane loraas,Peru,Other,280,5 lbs,Specialty Coffee Association,"January 22nd, 2014",Caturra,Washed / Wet,8.0,8.0,8.0,8.08,7.92,7.75,8.0,85.75,0.1,4,Green,6,1300.0,Media (Arabica),Heritage DAN
Arabica,"colbran coffeelands, ltd.",Other,Other,7,60 kg,Specialty Coffee Association,"October 25th, 2012",Other,Washed / Wet,8.33,8.42,7.83,8.33,8.0,8.25,7.92,85.75,0.12,0,Blue-Green,1,1700.0,Alta (Arabica),Select Harvest COL
Arabica,atlantic specialty coffee,El Salvador,Other,275,2 kg,Specialty Coffee Association,"March 18th, 2013",Bourbon,Washed / Wet,7.92,8.17,8.0,7.92,7.75,7.83,8.0,85.58,0.1,0,Blue-Green,3,1500.0,Alta (Arabica),Select Harvest ATL
Arabica,lusso lab,El Salvador,Other,19,1 kg,Specialty Coffee Association,"January 12th, 2013",Bourbon,Semi-Washed / Semi-Pulped,7.83,8.0,8.0,7.75,7.92,8.17,7.92,85.58,0.11,0,Green,0,1350.0,Media (Arabica),Mill LUS
Arabica,kona pacific farmers cooperative,United States (Hawaii),kona,8,100 lbs,Specialty Coffee Association,"April 6th, 2012",Hawaiian Kona,Natural / Dry,7.83,8.0,7.92,7.75,8.08,8.0,8.0,85.58,0.0,0,Blue-Green,1,157.93516800000003,Baja (Arabica),Private Reserve KON
Arabica,essencecoffee,Other,Other,100,60 kg,Blossom Valley International,"May 23rd, 2015",Caturra,Natural / Dry,8.0,7.75,7.83,7.83,7.67,8.58,7.83,85.5,0.09,2,Green,2,1680.0,Alta (Arabica),Private Reserve ESS
Arabica,essencecoffee,Kenya,Other,16,60 kg,Blossom Valley International,"May 23rd, 2015",SL28,Natural / Dry,7.92,7.92,7.83,8.08,7.83,7.92,8.0,85.5,0.1,0,Green,3,1900.0,Premium (Arabica),Private Reserve ESS
Arabica,assefa belay coffee producer,Ethiopia,Other,320,60 kg,METAD Agricultural Development plc,"March 31st, 2015",Other,Natural / Dry,7.83,8.0,7.83,7.92,7.83,8.08,8.0,85.5,0.12,0,Green,7,1900.0,Premium (Arabica),Select Harvest ASS
Arabica,kyagalanyi ltd,Uganda,Other,320,60 kg,Uganda Coffee Development Authority,"June 26th, 2014",SL14,Washed / Wet,8.33,7.92,7.67,7.92,7.67,7.92,8.08,85.5,0.12,0,Green,1,1600.0,Alta (Arabica),Select Harvest KYA
Arabica,juan luis alvarado romero,Guatemala,huehuetenango,250,69 kg,Asociacion Nacional Del Café,"February 26th, 2013",Bourbon,Washed / Wet,8.0,7.83,7.67,8.33,7.83,8.0,7.83,85.5,0.11,0,Green,1,527.6892672,Baja (Arabica),Mill JUA
Arabica,assefa belay coffee producer,Ethiopia,Other,320,60 kg,METAD Agricultural Development plc,"March 31st, 2015",Other,Washed / Wet,7.75,7.83,7.83,8.17,7.92,7.83,8.08,85.42,0.1,0,Green,18,1900.0,Premium (Arabica),Select Harvest ASS
Arabica,great lakes coffee uganda,Uganda,Other,150,60 kg,Uganda Coffee Development Authority,"June 26th, 2014",SL14,Washed / Wet,8.08,8.0,7.83,7.67,8.0,7.83,8.0,85.42,0.12,0,Green,5,1950.0,Premium (Arabica),Mill GRE
Arabica,kona pacific farmers cooperative,United States (Hawaii),kona,8,100 lbs,Specialty Coffee Association,"April 6th, 2012",Hawaiian Kona,Natural / Dry,7.92,7.92,7.75,7.92,7.75,7.92,8.25,85.42,0.0,4,Blue-Green,6,157.93516800000003,Baja (Arabica),Private Reserve KON
Arabica,nucoffee,Brazil,south of minas,5,60 kg,NUCOFFEE,"December 3rd, 2011",Bourbon,Semi-Washed / Semi-Pulped,8.0,8.0,8.0,7.67,7.75,8.0,8.0,85.42,0.11,0,Blue-Green,1,1250.0,Media (Arabica),Heritage NUC
Arabica,grounds for health admin,El Salvador,Other,2,"1 kg,lbs",Specialty Coffee Association,"May 31st, 2010",Bourbon,Washed / Wet,8.08,7.83,7.83,8.08,7.83,7.83,7.92,85.42,0.01,0,Green,0,1400.0,Media (Arabica),Mill GRO
Arabica,yunnan coffee exchange,China,yunnan,3,60 kg,Yunnan Coffee Exchange,"April 6th, 2016",Catimor,Natural / Dry,8.0,8.0,8.0,7.83,7.83,7.75,7.92,85.33,0.1,0,Green,0,1700.0,Alta (Arabica),Private Reserve YUN
Arabica,essencecoffee,Guatemala,huehuetenango,36,30 kg,Blossom Valley International,"May 23rd, 2015",Other,Natural / Dry,7.83,7.75,7.83,7.67,7.83,8.58,7.83,85.33,0.11,0,Green,1,1770.0,Alta (Arabica),Private Reserve ESS
Arabica,the coffee source inc.,Costa Rica,Other,250,3 lbs,Specialty Coffee Association,"May 1st, 2014",Caturra,Washed / Wet,7.92,8.08,8.0,7.92,8.0,8.08,8.0,85.33,0.0,0,Blue-Green,0,1300.0,Media (Arabica),Origins THE
Arabica,the coffee source inc.,Costa Rica,Other,250,3 lbs,Specialty Coffee Association,"May 1st, 2014",Caturra,Washed / Wet,8.0,7.58,7.58,7.67,8.08,8.5,7.92,85.33,0.1,0,Blue-Green,2,1300.0,Media (Arabica),Origins THE
Arabica,rashid moledina & co. (msa) ltd.,Kenya,Other,20,60 kg,Kenya Coffee Traders Association,"April 19th, 2013",Other,Washed / Wet,7.83,8.08,7.75,8.08,7.92,7.75,7.92,85.33,0.0,0,Green,2,1600.0,Alta (Arabica),Mill RAS
Arabica,ibero kenya limited,Kenya,Other,300,60 kg,Kenya Coffee Traders Association,"March 12th, 2013",Other,Washed / Wet,8.0,7.92,7.92,8.08,7.83,7.75,7.83,85.33,0.0,0,Green,6,1200.0,Media (Arabica),Heritage IBE
Arabica,ethiopia commodity exchange,Ethiopia,Other,360,6 kg,Ethiopia Commodity Exchange,"June 17th, 2010",Other,Natural / Dry,7.83,7.83,7.92,8.08,7.75,7.83,8.08,85.33,0.05,0,Green,2,1800.0,Premium (Arabica),Select Harvest ETH
Arabica,ethiopia commodity exchange,Ethiopia,Other,300,6,Ethiopia Commodity Exchange,"June 17th, 2010",Typica,Natural / Dry,7.92,7.83,7.75,8.33,7.75,7.75,8.0,85.33,0.1,0,Green,3,1800.0,Premium (Arabica),Select Harvest ETH
Arabica,juan luis alvarado romero,Guatemala,oriente,250,69 kg,Asociacion Nacional Del Café,"April 27th, 2016",Bourbon,Washed / Wet,8.0,7.92,7.75,8.0,7.92,7.83,7.83,85.25,0.1,0,Green,2,431.999136,Baja (Arabica),Mill JUA
Arabica,exportadora de cafe condor s.a,Colombia,santander,275,70 kg,Almacafé,"April 8th, 2015",Caturra,Washed / Wet,8.17,7.92,7.83,8.0,7.58,7.83,7.92,85.25,0.11,0,Green,0,1550.0,Alta (Arabica),Heritage EXP
Arabica,compañia colombiana agroindustrial s.a,Colombia,santander,250,70 kg,Almacafé,"January 17th, 2014",Caturra,Natural / Dry,7.58,8.08,7.92,7.83,8.0,7.92,7.92,85.25,0.12,0,Green,2,1550.0,Alta (Arabica),Heritage COM
Arabica,"nomura trading co., ltd.",Indonesia,Other,54,60 kg,Specialty Coffee Association,"November 26th, 2012",Other,Semi-Washed / Semi-Pulped,7.75,7.83,7.67,8.0,8.08,7.83,8.0,85.17,0.11,0,Green,3,1325.0,Media (Arabica),Origins NOM
Arabica,the coffee source inc.,Guatemala,huehuetenango,250,1 kg,Specialty Coffee Association,"January 18th, 2012",Caturra,Washed / Wet,8.25,8.0,7.67,7.92,7.75,7.67,7.92,85.17,0.0,0,Green,7,1400.0,Media (Arabica),Origins THE
Arabica,seid damtew coffee planataion,Ethiopia,Other,320,19200 kg,METAD Agricultural Development plc,"August 9th, 2016",Other,Natural / Dry,7.75,8.0,7.58,8.0,8.0,7.92,7.83,85.08,0.11,0,Green,8,1800.0,Premium (Arabica),Origins SEI
Arabica,carcafe ltda ci,Colombia,Other,250,70 kg,Almacafé,"August 18th, 2015",Caturra,Natural / Dry,8.17,7.83,7.58,8.08,8.0,7.75,7.67,85.08,0.0,0,Green,0,2560.0,Premium (Arabica),Mill CAR
Arabica,steven kil,Ethiopia,Other,100,60 kg,Specialty Coffee Association,"October 7th, 2014",Other,Natural / Dry,8.42,8.0,7.42,8.0,7.92,7.92,8.08,85.08,0.1,2,Green,7,1700.0,Alta (Arabica),Private Reserve STE
Arabica,eileen koyanagi,United States (Hawaii),kona,12,100 lbs,Specialty Coffee Association,"March 10th, 2014",Hawaiian Kona,Natural / Dry,7.58,7.83,7.83,7.92,7.83,8.17,7.92,85.08,0.11,2,Blue-Green,2,157.93516800000003,Baja (Arabica),Select Harvest EIL
Arabica,carcafe ltda ci,Colombia,cundinamarca,250,70 kg,Almacafé,"March 16th, 2012",Caturra,Natural / Dry,7.83,8.0,7.75,7.75,7.83,7.83,8.08,85.08,0.11,0,Green,8,2136.0,Premium (Arabica),Mill CAR
Arabica,kona pacific farmers cooperative,United States (Hawaii),kona,13,100 lbs,Specialty Coffee Association,"December 27th, 2010",Hawaiian Kona,Natural / Dry,8.08,8.17,7.92,8.0,8.08,8.0,8.17,85.08,0.01,1,Blue-Green,7,157.93516800000003,Baja (Arabica),Private Reserve KON
Arabica,ethiopia commodity exchange,Ethiopia,sidamo,360,6,Ethiopia Commodity Exchange,"June 17th, 2010",Other,Natural / Dry,7.67,8.0,7.83,8.0,7.92,7.83,7.83,85.08,0.0,0,Green,5,1800.0,Premium (Arabica),Select Harvest ETH
Arabica,kona pacific farmers cooperative,United States (Hawaii),kona,27,0 lbs,Specialty Coffee Association,"May 17th, 2010",Hawaiian Kona,Natural / Dry,7.5,7.92,8.25,7.83,7.92,7.75,7.92,85.08,0.0,0,Blue-Green,0,157.93516800000003,Baja (Arabica),Private Reserve KON
Arabica,kyagalanyi coffee ltd,Uganda,Other,200,60 kg,Uganda Coffee Development Authority,"July 24th, 2017",SL14,Washed / Wet,8.17,7.92,7.75,7.75,7.67,7.75,8.0,85.0,0.11,0,Green,1,1800.0,Premium (Arabica),Mill KYA
Arabica,racafe & cia s.c.a,Colombia,huila,135,70 kg,Almacafé,"February 15th, 2017",Caturra,Washed / Wet,8.0,7.92,7.75,7.92,7.75,7.83,7.83,85.0,0.0,0,Green,3,1750.0,Alta (Arabica),Heritage RAC
Arabica,troy quimby,Costa Rica,tarrazu,36,46 kg,Specialty Coffee Association,"January 30th, 2017",Catuai,Washed / Wet,7.83,8.0,7.58,7.92,7.92,7.83,7.92,85.0,0.12,1,Green,1,1900.0,Premium (Arabica),Private Reserve TRO
Arabica,"el equimite, cafetal biodinámico",Mexico,veracruz,1,30 kg,Centro Agroecológico del Café A.C.,"September 21st, 2016",Typica,Washed / Wet,7.83,8.0,7.83,7.75,7.67,7.83,8.08,85.0,0.09,0,Green,3,1300.0,Media (Arabica),Origins EL 
Arabica,simon mahinda,Kenya,Other,170,60 kg,Kenya Coffee Traders Association,"May 7th, 2016",SL28,Washed / Wet,8.17,7.83,7.92,7.75,7.67,7.83,7.83,85.0,0.11,0,Green,7,1.0,Baja (Arabica),Private Reserve SIM
Arabica,rashid moledina & co. (msa) ltd.,Kenya,Other,38,60 kg,Kenya Coffee Traders Association,"April 19th, 2013",Other,Washed / Wet,7.75,7.83,7.75,8.08,8.0,7.75,7.83,85.0,0.0,0,Green,5,1580.0,Alta (Arabica),Mill RAS
Arabica,nucoffee,Brazil,Other,31,60 kg,NUCOFFEE,"February 29th, 2012",Mundo Novo,Natural / Dry,8.0,8.0,7.83,7.83,7.67,7.67,8.0,85.0,0.12,0,Green,3,1100.0,Media (Arabica),Heritage NUC
Arabica,young kim,Mexico,Other,1,1 kg,Specialty Coffee Association,"April 6th, 2011",Other,Washed / Wet,7.92,8.17,7.75,8.08,7.42,7.83,7.83,85.0,0.0,0,Green,0,1400.0,Media (Arabica),Mill YOU
Arabica,kona pacific farmers cooperative,United States (Hawaii),kona,15,100 lbs,Specialty Coffee Association,"February 24th, 2011",Hawaiian Kona,Natural / Dry,7.75,7.92,7.75,7.75,8.0,8.0,7.83,85.0,0.0,0,Blue-Green,1,157.93516800000003,Baja (Arabica),Private Reserve KON
Arabica,carl walker,Guatemala,Other,275,69 kg,Specialty Coffee Association,"September 7th, 2010",Bourbon,Washed / Wet,7.83,8.08,7.67,8.0,7.75,7.67,8.0,85.0,0.04,0,Green,1,404.1282240000001,Baja (Arabica),Origins CAR
Arabica,racafe & cia s.c.a,Colombia,huila,243,70 kg,Almacafé,"November 25th, 2016",Caturra,Washed / Wet,7.92,7.92,7.67,7.83,7.92,7.83,7.83,84.92,0.0,1,Green,2,1750.0,Alta (Arabica),Heritage RAC
Arabica,racafe & cia s.c.a,Colombia,huila,252,70 kg,Almacafé,"October 26th, 2015",Caturra,Washed / Wet,7.92,7.83,7.75,7.83,7.75,8.0,7.83,84.92,0.12,0,Green,1,1775.0,Alta (Arabica),Heritage RAC
Arabica,"lin, che-hao krude 林哲豪",Taiwan,Other,20,40 kg,Specialty Coffee Association,"June 9th, 2015",Typica,Semi-Washed / Semi-Pulped,7.67,7.83,8.0,7.58,8.0,7.92,7.92,84.92,0.11,0,Green,0,800.0,Baja (Arabica),Heritage LIN
Arabica,taylor winch (t) ltd,"Tanzania, United Republic Of",Other,134,60 kg,Africa Fine Coffee Association,"December 12th, 2014",Other,Washed / Wet,8.0,7.83,7.83,7.92,7.75,7.75,7.83,84.92,0.12,0,Green,2,1620.0,Alta (Arabica),Heritage TAY
Arabica,racafe & cia s.c.a,Colombia,huila,50,70 kg,Almacafé,"December 11th, 2012",Caturra,Washed / Wet,7.75,7.92,7.83,7.75,7.75,8.0,7.92,84.92,0.11,0,Green,3,1775.0,Alta (Arabica),Heritage RAC
Arabica,artemio zapata tejeda,Mexico,coatepec,25,1 kg,AMECAFE,"July 11th, 2012",Typica,Semi-Washed / Semi-Pulped,7.75,8.0,7.75,7.83,7.5,7.92,8.17,84.92,0.11,0,Green,0,1200.0,Media (Arabica),Heritage ART
Arabica,nucoffee,Brazil,south of minas,4,60 kg,NUCOFFEE,"December 23rd, 2011",Bourbon,Natural / Dry,8.0,7.92,7.75,7.75,8.0,7.75,7.75,84.92,0.11,0,Green,2,1200.0,Media (Arabica),Heritage NUC
Arabica,nucoffee,Brazil,south of minas,10,60 kg,NUCOFFEE,"December 3rd, 2011",Catuai,Natural / Dry,8.0,8.0,7.75,8.0,7.5,7.75,7.92,84.92,0.12,0,Green,2,1000.0,Media (Arabica),Heritage NUC
Arabica,brian speckman,Kenya,Other,320,60 kg,Specialty Coffee Association,"August 26th, 2010",SL28,Washed / Wet,8.0,7.67,7.83,8.17,7.92,7.75,7.58,84.92,0.06,1,Green,9,1754.0,Alta (Arabica),Private Reserve BRI
Arabica,"lin, che-hao krude 林哲豪",Taiwan,"dongshan dist., tainan city 臺南市東山區",10,20 kg,Specialty Coffee Association,"May 18th, 2016",Typica,Natural / Dry,7.92,7.58,7.83,7.83,7.83,7.83,8.0,84.83,0.0,0,Green,0,350.0,Baja (Arabica),Heritage LIN
Arabica,kawacom uganda ltd,Uganda,Other,1,60 kg,Uganda Coffee Development Authority,"June 30th, 2014",SL14,Natural / Dry,7.75,7.92,7.67,7.67,8.25,7.75,7.83,84.83,0.12,0,Green,1,1650.0,Alta (Arabica),Mill KAW
Arabica,kona pacific farmers cooperative,United States (Hawaii),kona,14,100 lbs,Specialty Coffee Association,"April 6th, 2012",Hawaiian Kona,Natural / Dry,7.67,7.75,7.75,7.75,7.83,8.0,8.08,84.83,0.0,3,Blue-Green,15,157.93516800000003,Baja (Arabica),Private Reserve KON
Arabica,ethiopia commodity exchange,Ethiopia,sidamo,300,6,Ethiopia Commodity Exchange,"June 17th, 2010",Other,Natural / Dry,7.75,7.92,7.83,7.92,7.75,7.67,8.0,84.83,0.1,0,Green,2,1750.0,Alta (Arabica),Select Harvest ETH
Arabica,philip schluter,Ethiopia,sidamo,300,6,Ethiopia Commodity Exchange,"June 17th, 2010",Other,Natural / Dry,7.42,7.92,7.92,8.0,7.83,7.83,7.92,84.83,0.1,0,Green,4,1750.0,Alta (Arabica),Heritage PHI
Arabica,松澤宏樹 koju matsuzawa,Thailand,thailand,50,50 kg,Specialty Coffee Institute of Asia,"June 27th, 2016",Caturra,Pulped Natural / Honey,7.75,7.75,7.75,7.75,8.0,7.75,8.0,84.75,0.12,0,Green,0,800.0,Baja (Arabica),Mill 松澤宏
Arabica,lydiah mwangi,Kenya,Other,150,60 kg,Kenya Coffee Traders Association,"June 2nd, 2015",Other,Washed / Wet,7.92,7.83,7.58,7.92,7.75,7.83,7.92,84.75,0.13,0,Green,0,1800.0,Premium (Arabica),Select Harvest LYD
Arabica,cadexsa,Honduras,marcala,275,1 kg,Instituto Hondureño del Café,"April 25th, 2014",Catuai,Washed / Wet,7.83,7.75,8.0,7.67,7.67,7.67,8.17,84.75,0.11,0,Green,4,1450.0,Media (Arabica),Select Harvest CAD
Arabica,the coffee source inc.,El Salvador,Other,250,69 kg,Specialty Coffee Association,"August 23rd, 2011",Bourbon,Washed / Wet,7.75,8.0,8.0,8.33,7.67,7.92,7.75,84.75,0.15,0,Green,3,1200.0,Media (Arabica),Origins THE
Arabica,grounds for health admin,Nicaragua,jinotega,2,6,Specialty Coffee Association,"May 31st, 2010",Caturra,Washed / Wet,7.83,7.58,7.58,7.83,7.75,7.67,8.5,84.75,0.18,0,Green,2,925.0,Baja (Arabica),Mill GRO
Arabica,consejo salvadoreño del café,El Salvador,Other,150,69 kg,Salvadoran Coffee Council,"June 26th, 2017",Bourbon,Washed / Wet,7.83,7.83,7.5,8.0,7.83,7.67,8.0,84.67,0.0,0,Blue-Green,2,1350.0,Media (Arabica),Heritage CON
Arabica,sanjava coffee,Indonesia,Other,2,1 kg,Specialty Coffee Association of Indonesia,"November 24th, 2016",Other,Washed / Wet,7.92,7.83,7.75,7.75,7.75,7.75,7.92,84.67,0.12,0,Green,7,1200.0,Media (Arabica),Select Harvest SAN
Arabica,松澤宏樹 koju matsuzawa,Other,Other,20,1 kg,Specialty Coffee Institute of Asia,"November 2nd, 2016",Mundo Novo,Pulped Natural / Honey,7.75,7.75,7.75,7.42,8.08,7.83,8.08,84.67,0.12,0,Green,0,170.0,Baja (Arabica),Mill 松澤宏
Arabica,rodrigo soto,Costa Rica,tarrazu,15,69 kg,Specialty Coffee Association of Costa Rica,"October 4th, 2016",Catuai,Washed / Wet,8.08,7.75,7.67,7.83,7.5,7.92,7.92,84.67,0.1,0,Blue-Green,2,1150.0,Media (Arabica),Select Harvest ROD
Arabica,juan luis alvarado romero,Guatemala,Other,120,34 kg,Asociacion Nacional Del Café,"June 1st, 2016",Bourbon,Washed / Wet,7.75,7.83,7.58,8.0,7.92,7.75,7.83,84.67,0.1,0,Green,1,1600.0,Alta (Arabica),Mill JUA
Arabica,fabian calderon mora,Costa Rica,tarrazu,50,1 lbs,Specialty Coffee Association of Costa Rica,"July 6th, 2015",Caturra,Washed / Wet,8.17,8.0,7.83,7.17,7.83,7.75,7.92,84.67,0.12,0,Green,0,1750.0,Alta (Arabica),Heritage FAB
Arabica,essencecoffee,Ethiopia,Other,250,30 kg,Blossom Valley International,"May 23rd, 2015",Other,Washed / Wet,8.08,7.83,7.75,7.83,7.58,7.67,7.92,84.67,0.1,0,Green,3,1900.0,Premium (Arabica),Private Reserve ESS
Arabica,essencecoffee,Costa Rica,Other,20,69 kg,Blossom Valley International,"May 23rd, 2015",Other,Other,7.67,7.58,7.75,7.75,7.67,8.58,7.67,84.67,0.08,0,Green,1,1750.0,Alta (Arabica),Private Reserve ESS
Arabica,eric thormaehlen,Costa Rica,Other,275,1 kg,Specialty Coffee Association of Costa Rica,"March 5th, 2014",Catuai,Washed / Wet,8.0,7.58,7.83,7.75,7.75,7.75,8.0,84.67,0.11,0,Green,4,1200.0,Media (Arabica),Heritage ERI
Arabica,rob tuttle,Costa Rica,Other,1,2 kg,Specialty Coffee Association,"January 3rd, 2014",Caturra,Washed / Wet,8.08,7.83,7.75,7.83,7.92,8.0,7.92,84.67,0.0,1,Green,10,1300.0,Media (Arabica),Heritage ROB
Arabica,cqi taiwan icp cqi台灣合作夥伴,Taiwan,Other,10,30 kg,Blossom Valley International,"December 26th, 2013",Typica,Washed / Wet,8.0,7.92,7.75,7.75,7.75,7.75,7.75,84.67,0.11,0,Green,0,1000.0,Media (Arabica),Select Harvest CQI
Arabica,compañia colombiana agroindustrial s.a,Colombia,santander,250,70 kg,Almacafé,"December 20th, 2013",Caturra,Washed / Wet,7.75,7.83,7.75,7.83,7.75,7.83,7.92,84.67,0.0,0,Green,0,1550.0,Alta (Arabica),Heritage COM
Arabica,dream together,Kenya,Other,235,60 kg,Specialty Coffee Institute of Asia,"September 16th, 2012",SL28,Washed / Wet,7.75,7.92,7.83,8.0,7.58,7.75,7.83,84.67,0.11,0,Blue-Green,0,2000.0,Premium (Arabica),Select Harvest DRE
Arabica,juan luis alvarado romero,Guatemala,oriente,250,1 kg,Asociacion Nacional Del Café,"July 17th, 2012",Bourbon,Washed / Wet,8.0,7.83,7.67,7.83,7.67,8.0,7.67,84.67,0.11,0,Green,4,399.4830720000001,Baja (Arabica),Mill JUA
Arabica,juan luis alvarado romero,Guatemala,Other,125,1 kg,Asociacion Nacional Del Café,"July 3rd, 2012",Bourbon,Washed / Wet,7.67,7.83,7.67,8.0,7.67,7.83,8.0,84.67,0.12,0,Green,4,464.5152000000001,Baja (Arabica),Mill JUA
Arabica,organizaciones de productores de cafe colimense,Mexico,Other,80,1 kg,AMECAFE,"July 2nd, 2012",Typica,Washed / Wet,7.83,7.58,7.67,7.92,7.92,7.83,7.92,84.67,0.13,0,Green,3,1200.0,Media (Arabica),Origins ORG
Arabica,afca,Uganda,Other,320,60 kg,Africa Fine Coffee Association,"February 13th, 2012",Other,Washed / Wet,7.92,7.83,7.75,7.92,7.67,7.75,7.83,84.67,0.11,0,Blue-Green,3,1775.0,Alta (Arabica),Private Reserve AFC
Arabica,benjamin schmerler,Peru,Other,1,60 kg,Specialty Coffee Association,"June 14th, 2011",Caturra,Washed / Wet,7.67,7.83,7.75,7.75,7.92,7.83,7.92,84.67,0.0,0,Green,3,1300.0,Media (Arabica),Heritage BEN
Arabica,ethiopia commodity exchange,Ethiopia,sidamo,300,6,Ethiopia Commodity Exchange,"June 17th, 2010",Other,Natural / Dry,7.42,7.75,7.75,8.0,8.0,7.92,7.83,84.67,0.2,0,Green,3,1750.0,Alta (Arabica),Select Harvest ETH
Arabica,jungle estate,Kenya,Other,66,60 kg,Kenya Coffee Traders Association,"January 11th, 2018",Other,Washed / Wet,7.92,7.75,7.83,7.75,7.58,7.92,7.83,84.58,0.11,0,Blue-Green,5,1754.0,Alta (Arabica),Private Reserve JUN
Arabica,racafe & cia s.c.a,Colombia,santander,250,70 kg,Almacafé,"January 10th, 2017",Other,Washed / Wet,7.83,7.67,7.58,7.92,7.67,7.83,8.08,84.58,0.0,0,Blue-Green,4,1500.0,Alta (Arabica),Heritage RAC
Arabica,racafe & cia s.c.a,Colombia,huila,125,70 kg,Almacafé,"December 28th, 2016",Caturra,Washed / Wet,7.92,7.83,7.58,8.0,7.83,7.67,7.75,84.58,0.0,0,Green,5,1750.0,Alta (Arabica),Heritage RAC
Arabica,daniel magu,Kenya,Other,100,60 kg,Kenya Coffee Traders Association,"July 21st, 2014",Other,Washed / Wet,7.83,7.83,7.83,7.75,7.58,7.83,7.92,84.58,0.1,0,Blue-Green,2,1800.0,Premium (Arabica),Heritage DAN
Arabica,juan luis alvarado romero,Guatemala,Other,250,69 kg,Asociacion Nacional Del Café,"May 29th, 2014",Pacas,Washed / Wet,7.75,7.83,7.67,7.92,7.75,7.83,7.83,84.58,0.11,0,Green,1,464.5152000000001,Baja (Arabica),Mill JUA
Arabica,juan luis alvarado romero,Guatemala,oriente,250,69 kg,Asociacion Nacional Del Café,"March 24th, 2014",Bourbon,Washed / Wet,8.0,7.92,7.67,7.58,7.58,7.67,8.17,84.58,0.09,0,Green,0,371.61216,Baja (Arabica),Mill JUA
Arabica,compañia colombiana agroindustrial s.a,Colombia,santander,250,70 kg,Almacafé,"December 20th, 2013",Caturra,Washed / Wet,7.67,7.67,7.58,7.75,7.58,8.5,7.83,84.58,0.0,0,Green,0,1550.0,Alta (Arabica),Heritage COM
Arabica,racafe & cia s.c.a,Colombia,huila,75,70 kg,Almacafé,"December 6th, 2013",Caturra,Washed / Wet,7.75,7.75,7.83,7.75,7.58,8.0,7.92,84.58,0.0,0,Green,5,1750.0,Alta (Arabica),Heritage RAC
Arabica,taylor winch (coffee) ltd.,Kenya,Other,11,660 kg,Kenya Coffee Traders Association,"August 30th, 2013",SL28,Washed / Wet,7.75,7.75,7.75,8.08,7.75,7.75,7.75,84.58,0.0,0,Green,0,1754.0,Alta (Arabica),Heritage TAY
Arabica,exportadora de cafe condor s.a,Colombia,huila,250,70 kg,Almacafé,"July 17th, 2013",Caturra,Washed / Wet,7.67,7.83,7.83,8.0,7.58,7.92,7.75,84.58,0.0,0,Green,2,1750.0,Alta (Arabica),Heritage EXP
Arabica,lusso lab,Costa Rica,Other,1,1 kg,Specialty Coffee Association,"March 12th, 2013",Bourbon,Semi-Washed / Semi-Pulped,7.75,7.83,7.75,8.0,7.83,7.67,7.75,84.58,0.12,0,Blue-Green,2,1575.0,Alta (Arabica),Mill LUS
Arabica,exportadora de cafe condor s.a,Colombia,huila,250,70 kg,Almacafé,"October 9th, 2012",Caturra,Washed / Wet,7.42,7.67,7.75,7.75,8.08,7.83,8.08,84.58,0.11,0,Green,6,1800.0,Premium (Arabica),Heritage EXP
Arabica,nucoffee,Brazil,Other,37,60 kg,NUCOFFEE,"December 23rd, 2011",Bourbon,Semi-Washed / Semi-Pulped,8.0,8.0,7.75,7.75,7.58,7.75,7.75,84.58,0.12,0,Green,2,1300.0,Media (Arabica),Heritage NUC
Arabica,nucoffee,Brazil,Other,35,60 kg,NUCOFFEE,"December 3rd, 2011",Catuai,Semi-Washed / Semi-Pulped,8.5,8.0,7.5,7.75,7.5,7.83,7.5,84.58,0.11,0,Blue-Green,1,1100.0,Media (Arabica),Heritage NUC
Arabica,max gurdian,Costa Rica,Other,275,18975 kg,Specialty Coffee Association of Costa Rica,"November 28th, 2017",Caturra,Washed / Wet,7.92,7.67,7.92,7.75,7.67,7.58,8.0,84.5,0.1,0,Blue-Green,2,1200.0,Media (Arabica),Origins MAX
Arabica,ecom japan limited,Uganda,Other,200,12000 kg,Uganda Coffee Development Authority,"March 14th, 2017",SL14,Washed / Wet,7.92,7.75,7.67,7.75,7.83,7.75,7.83,84.5,0.11,0,Green,1,1750.0,Alta (Arabica),Origins ECO
Arabica,yunnan coffee exchange,China,yunnan,3,60 kg,Yunnan Coffee Exchange,"April 6th, 2016",Catimor,Washed / Wet,7.75,7.92,7.67,7.83,7.75,7.67,7.92,84.5,0.1,0,Green,1,1680.0,Alta (Arabica),Private Reserve YUN
Arabica,fabian calderon mora,Costa Rica,tarrazu,250,1 lbs,Specialty Coffee Association of Costa Rica,"July 6th, 2015",Caturra,Washed / Wet,7.92,7.83,7.83,7.83,7.58,7.58,7.92,84.5,0.11,0,Green,0,1700.0,Alta (Arabica),Heritage FAB
Arabica,federacion nacional de cafeteros,Colombia,cauca,275,2 kg,Almacafé,"June 5th, 2015",Other,Washed / Wet,8.08,7.67,7.83,7.83,7.67,7.67,7.75,84.5,0.12,1,Green,0,1800.0,Premium (Arabica),Select Harvest FED
Arabica,eric wu,China,yunnan,1,2 kg,Specialty Coffee Association,"June 16th, 2014",Other,Washed / Wet,7.67,8.0,7.75,7.83,7.75,7.58,7.92,84.5,0.0,0,Green,2,1100.0,Media (Arabica),Mill ERI
Arabica,juan luis alvarado romero,Guatemala,oriente,250,69 kg,Asociacion Nacional Del Café,"February 26th, 2013",Bourbon,Washed / Wet,8.17,7.83,7.67,7.83,7.67,7.83,7.5,84.5,0.11,0,Green,2,399.4830720000001,Baja (Arabica),Mill JUA
Arabica,dream together,Kenya,Other,235,60 kg,Specialty Coffee Institute of Asia,"September 16th, 2012",SL28,Washed / Wet,7.92,7.83,7.67,8.0,7.67,7.75,7.67,84.5,0.11,0,Blue-Green,0,2000.0,Premium (Arabica),Select Harvest DRE
Arabica,maria imelda uscanga martinez,Mexico,Other,56,1 kg,AMECAFE,"July 11th, 2012",Typica,Washed / Wet,8.0,7.92,7.42,8.08,7.5,7.67,7.92,84.5,0.12,0,Green,0,1350.0,Media (Arabica),Private Reserve MAR
Arabica,alfredo bojalil,Mexico,Other,250,1 kg,AMECAFE,"June 6th, 2012",Typica,Washed / Wet,7.92,7.83,7.75,7.75,7.75,7.83,7.67,84.5,0.11,0,Green,4,1500.0,Alta (Arabica),Origins ALF
Arabica,juan luis alvarado romero,Guatemala,Other,250,69 kg,Asociacion Nacional Del Café,"February 16th, 2012",Bourbon,Washed / Wet,7.67,8.0,7.67,8.0,7.5,7.83,7.83,84.5,0.11,0,Green,2,431.999136,Baja (Arabica),Mill JUA
Arabica,daniel friedlander,Brazil,Other,27,60 kg,NUCOFFEE,"March 23rd, 2011",Bourbon,Natural / Dry,7.81,7.81,7.88,7.75,7.38,8.25,8.13,84.5,0.0,0,Green,4,1000.0,Media (Arabica),Origins DAN
Arabica,alexandra katona-carroll,Brazil,Other,320,60 kg,NUCOFFEE,"March 22nd, 2011",Bourbon,Natural / Dry,8.17,7.67,7.75,7.75,7.67,7.75,7.75,84.5,0.0,2,Green,0,1000.0,Media (Arabica),Origins ALE
Arabica,max gurdian,Costa Rica,tarrazu,275,69 kg,Specialty Coffee Association of Costa Rica,"March 23rd, 2017",Caturra,Washed / Wet,7.58,7.83,7.83,8.0,7.67,7.58,7.92,84.42,0.1,0,Blue-Green,3,1300.0,Media (Arabica),Origins MAX
Arabica,aulia arif syahri,Indonesia,Other,200,30 kg,Specialty Coffee Association,"March 14th, 2017",Other,Other,7.67,7.67,7.83,7.58,7.83,7.83,8.0,84.42,0.0,0,Blue-Green,3,1400.0,Media (Arabica),Origins AUL
Arabica,carcafe ltda ci,Colombia,Other,304,35 kg,Almacafé,"January 25th, 2016",Caturra,Natural / Dry,7.92,7.83,7.75,7.67,7.92,7.67,7.67,84.42,0.0,0,Green,1,1750.0,Alta (Arabica),Mill CAR
Arabica,racafe & cia s.c.a,Colombia,huila,275,70 kg,Almacafé,"July 9th, 2014",Caturra,Washed / Wet,7.92,7.75,7.67,7.92,7.67,7.75,7.75,84.42,0.0,0,Green,3,1775.0,Alta (Arabica),Heritage RAC
Arabica,kao ming lee,Taiwan,Other,2,2 kg,Specialty Coffee Association,"July 10th, 2013",Typica,Washed / Wet,7.83,7.83,7.75,8.0,7.5,7.75,7.75,84.42,0.11,0,Blue-Green,0,1200.0,Media (Arabica),Mill KAO
Arabica,kona pacific farmers cooperative,United States (Hawaii),kona,5,100 lbs,Specialty Coffee Association,"January 21st, 2013",Hawaiian Kona,Natural / Dry,7.92,7.92,7.5,7.83,7.5,7.92,7.83,84.42,0.11,0,Blue-Green,1,157.93516800000003,Baja (Arabica),Private Reserve KON
Arabica,maria amalia guadalupe toriello elorza,Mexico,Other,69,1 kg,AMECAFE,"June 6th, 2012",Other,Washed / Wet,7.75,7.92,7.75,7.67,7.83,7.67,7.83,84.42,0.12,2,Green,4,900.0,Baja (Arabica),Private Reserve MAR
Arabica,ethiopia commodity exchange,Ethiopia,Other,360,6 kg,Ethiopia Commodity Exchange,"June 17th, 2010",Other,Natural / Dry,7.5,7.75,7.83,7.92,7.92,7.75,7.75,84.42,0.2,0,Green,2,1800.0,Premium (Arabica),Select Harvest ETH
Arabica,lydiah mwangi,Kenya,Other,150,60 kg,Kenya Coffee Traders Association,"August 3rd, 2017",SL28,Washed / Wet,7.33,7.58,7.83,7.75,7.75,7.92,8.17,84.33,0.11,0,Green,4,1800.0,Premium (Arabica),Select Harvest LYD
Arabica,bismarck castro,Honduras,comayagua,275,66 kg,Instituto Hondureño del Café,"May 11th, 2017",Caturra,Washed / Wet,7.92,8.0,7.75,7.67,7.67,7.75,7.58,84.33,0.1,0,Green,3,1500.0,Alta (Arabica),Heritage BIS
Arabica,raúl vargas,Colombia,huila,275,70 kg,Almacafé,"February 20th, 2017",Caturra,Washed / Wet,7.58,7.75,7.5,7.83,7.67,8.5,7.5,84.33,0.0,0,Green,5,1750.0,Alta (Arabica),Origins RAÚ
Arabica,bismarck castro,Honduras,Other,275,69 kg,Instituto Hondureño del Café,"April 4th, 2016",Catuai,Washed / Wet,7.58,7.92,7.58,7.75,7.92,7.75,7.83,84.33,0.11,0,Green,2,1500.0,Alta (Arabica),Heritage BIS
Arabica,racafe & cia s.c.a,Colombia,Other,275,70 kg,Almacafé,"February 16th, 2016",Caturra,Washed / Wet,7.67,7.67,7.75,7.83,7.75,7.83,7.83,84.33,0.0,0,Green,4,1750.0,Alta (Arabica),Heritage RAC
Arabica,carcafe ltda ci,Colombia,huila,250,70 kg,Almacafé,"April 29th, 2015",Caturra,Natural / Dry,7.75,7.67,8.0,7.67,8.08,7.83,7.33,84.33,0.11,6,Green,0,442.0,Baja (Arabica),Mill CAR
Arabica,exportadora de cafe condor s.a,Colombia,huila,275,70 kg,Almacafé,"July 19th, 2013",Caturra,Washed / Wet,7.75,7.58,7.33,7.83,7.58,8.08,8.17,84.33,0.0,0,Green,0,1800.0,Premium (Arabica),Heritage EXP
Arabica,victor hugo melchor cordova,Mexico,Other,100,80 kg,AMECAFE,"July 27th, 2012",Typica,Washed / Wet,8.0,7.75,7.75,7.83,7.5,7.67,7.83,84.33,0.12,0,Blue-Green,1,1700.0,Alta (Arabica),Heritage VIC
Arabica,nucoffee,Brazil,Other,75,60 kg,NUCOFFEE,"October 28th, 2011",Yellow Bourbon,Natural / Dry,8.17,8.0,7.5,7.75,7.5,7.67,7.75,84.33,0.0,0,Green,4,1275.0,Media (Arabica),Heritage NUC
Arabica,nucoffee,Brazil,south of minas,80,60 kg,NUCOFFEE,"October 28th, 2011",Bourbon,Natural / Dry,8.0,8.0,7.5,7.5,7.67,7.75,7.92,84.33,0.02,0,Green,2,1050.0,Media (Arabica),Heritage NUC
Arabica,benjamin schmerler,Ethiopia,Other,1,132 lbs,Specialty Coffee Association,"June 14th, 2011",Other,Natural / Dry,7.75,7.75,7.92,7.75,7.5,7.92,7.75,84.33,0.0,0,Green,1,455.224896,Baja (Arabica),Heritage BEN
Arabica,the coffee source inc.,Guatemala,Other,250,1,Specialty Coffee Association,"April 30th, 2010",Bourbon,Washed / Wet,7.5,7.67,7.75,7.67,7.92,7.92,7.92,84.33,0.04,1,Green,1,422.708832,Baja (Arabica),Origins THE
Arabica,"lin, che-hao krude 林哲豪",Taiwan,Other,10,5 kg,Specialty Coffee Association,"August 10th, 2017",Typica,Washed / Wet,7.92,7.75,7.75,7.67,7.67,7.83,7.67,84.25,0.12,0,Blue-Green,0,1000.0,Media (Arabica),Heritage LIN
Arabica,松澤宏樹 koju matsuzawa,Thailand,Other,20,25 kg,Specialty Coffee Institute of Asia,"November 2nd, 2016",Catimor,Natural / Dry,7.83,7.75,7.75,7.42,7.83,7.67,8.0,84.25,0.12,0,Green,0,1200.0,Media (Arabica),Mill 松澤宏
Arabica,carcafe ltda ci,Colombia,Other,275,70 kg,Almacafé,"August 5th, 2016",Caturra,Natural / Dry,7.83,7.58,7.75,7.58,7.67,8.0,7.83,84.25,0.11,0,Green,2,2560.0,Premium (Arabica),Mill CAR
Arabica,juan luis alvarado romero,Guatemala,antigua,230,69 kg,Asociacion Nacional Del Café,"May 23rd, 2016",Caturra,Washed / Wet,7.75,7.75,7.58,7.92,7.75,7.75,7.75,84.25,0.11,0,Green,4,1500.0,Alta (Arabica),Mill JUA
Arabica,juan luis alvarado romero,Guatemala,huehuetenango,275,69 kg,Asociacion Nacional Del Café,"April 6th, 2016",Caturra,Washed / Wet,7.75,7.92,7.5,8.08,7.58,7.67,7.75,84.25,0.1,0,Green,1,335.10126528000006,Baja (Arabica),Mill JUA
Arabica,yunnan coffee exchange,China,yunnan,3,60 kg,Yunnan Coffee Exchange,"April 6th, 2016",Catimor,Natural / Dry,7.83,7.83,7.58,7.75,7.75,7.75,7.75,84.25,0.1,0,Green,1,1400.0,Media (Arabica),Private Reserve YUN
Arabica,racafe & cia s.c.a,Colombia,huila,275,70 kg,Almacafé,"November 19th, 2015",Caturra,Washed / Wet,7.67,7.67,7.75,7.75,7.67,7.92,7.83,84.25,0.11,0,Green,3,1775.0,Alta (Arabica),Heritage RAC
Arabica,racafe & cia s.c.a,Colombia,huila,248,70 kg,Almacafé,"October 26th, 2015",Caturra,Washed / Wet,7.83,7.67,7.75,7.58,7.92,7.75,7.75,84.25,0.12,4,Green,2,1775.0,Alta (Arabica),Heritage RAC
Arabica,federacion nacional de cafeteros,Colombia,cauca,275,2 kg,Almacafé,"June 5th, 2015",Other,Washed / Wet,7.83,7.75,7.83,7.58,7.67,7.75,7.83,84.25,0.12,0,Green,0,1800.0,Premium (Arabica),Select Harvest FED
Arabica,carcafe ltda ci,Colombia,huila,250,70 kg,Almacafé,"April 29th, 2015",Caturra,Natural / Dry,7.42,7.67,7.83,7.75,7.92,7.83,7.83,84.25,0.12,3,Green,0,442.0,Baja (Arabica),Mill CAR
Arabica,tembo coffee company ltd,"Tanzania, United Republic Of",Other,10,60 kg,Africa Fine Coffee Association,"December 12th, 2014",Other,Washed / Wet,7.83,7.67,7.75,7.83,7.67,7.67,7.83,84.25,0.12,0,Green,7,1620.0,Alta (Arabica),Heritage TEM
Arabica,taylor winch (t) ltd,"Tanzania, United Republic Of",Other,65,60 kg,Africa Fine Coffee Association,"December 12th, 2014",Other,Washed / Wet,7.83,7.75,7.75,7.75,7.67,7.75,7.75,84.25,0.12,0,Green,2,1600.0,Alta (Arabica),Heritage TAY
Arabica,juan luis alvarado romero,Guatemala,oriente,250,69 kg,Asociacion Nacional Del Café,"August 21st, 2014",Bourbon,Other,7.83,7.83,7.5,7.92,7.58,7.75,7.83,84.25,0.1,0,Green,1,371.61216,Baja (Arabica),Mill JUA
Arabica,exportadora de cafe condor s.a,Colombia,cauca,250,70 kg,Almacafé,"October 1st, 2013",Caturra,Washed / Wet,7.58,7.5,7.75,7.83,7.92,7.83,7.83,84.25,0.11,0,Green,2,1700.0,Alta (Arabica),Heritage EXP
Arabica,kona pacific farmers cooperative,United States (Hawaii),kona,7,100 lbs,Specialty Coffee Association,"December 11th, 2012",Hawaiian Kona,Natural / Dry,7.33,7.92,7.92,7.92,7.92,8.08,7.83,84.25,0.11,1,Blue-Green,1,157.93516800000003,Baja (Arabica),Private Reserve KON
Arabica,jesus salazar velasco,Mexico,Other,10,1 kg,AMECAFE,"September 11th, 2012",Typica,Semi-Washed / Semi-Pulped,7.83,7.92,7.67,7.83,7.5,7.75,7.75,84.25,0.12,0,Green,1,1450.0,Media (Arabica),Heritage JES
Arabica,manuel herrera juarez,Mexico,veracruz,20,1 kg,AMECAFE,"April 9th, 2012",Bourbon,Washed / Wet,7.83,7.83,7.75,7.67,7.83,7.58,7.75,84.25,0.12,0,Green,0,1170.0,Media (Arabica),Mill MAN
Arabica,alfredo bojalil,Mexico,"la concordia, chiapas",250,1 kg,AMECAFE,"April 2nd, 2012",Bourbon,Washed / Wet,7.83,7.92,7.67,7.75,7.5,7.75,7.83,84.25,0.1,0,Blue-Green,4,1400.0,Media (Arabica),Origins ALF
Arabica,afca,Uganda,Other,1,60 kg,Africa Fine Coffee Association,"February 13th, 2012",Other,Natural / Dry,8.17,7.75,7.58,7.67,7.83,7.58,7.67,84.25,0.13,4,Green,29,1700.0,Alta (Arabica),Private Reserve AFC
Arabica,juan luis alvarado romero,Guatemala,san marcos,50,69 kg,Asociacion Nacional Del Café,"June 1st, 2017",Bourbon,Washed / Wet,7.75,7.83,7.58,7.83,7.67,7.75,7.75,84.17,0.13,0,Green,1,1700.0,Alta (Arabica),Mill JUA
Arabica,racafe & cia s.c.a,Colombia,huila,250,70 kg,Almacafé,"August 19th, 2016",Caturra,Washed / Wet,7.83,7.75,7.58,7.67,7.75,7.83,7.75,84.17,0.0,0,Green,2,1750.0,Alta (Arabica),Heritage RAC
Arabica,wayner jimenez,Costa Rica,tarrazu,150,69 kg,Specialty Coffee Association of Costa Rica,"August 19th, 2016",Caturra,Washed / Wet,7.92,7.75,7.67,7.67,7.5,7.67,8.0,84.17,0.09,0,Blue-Green,2,1700.0,Alta (Arabica),Select Harvest WAY
Arabica,juan luis alvarado romero,Guatemala,huehuetenango,275,69 kg,Asociacion Nacional Del Café,"June 23rd, 2016",Caturra,Washed / Wet,7.75,7.75,7.58,8.0,7.67,7.83,7.58,84.17,0.11,0,Green,6,340.39673856,Baja (Arabica),Mill JUA
Arabica,juan luis alvarado romero,Guatemala,Other,377,69 kg,Asociacion Nacional Del Café,"June 1st, 2016",Caturra,Washed / Wet,7.75,7.92,7.58,7.92,7.67,7.67,7.67,84.17,0.1,0,Green,10,1565.0,Alta (Arabica),Mill JUA
Arabica,juan luis alvarado romero,Guatemala,Other,130,69 kg,Asociacion Nacional Del Café,"June 1st, 2016",Bourbon,Washed / Wet,7.58,7.83,7.58,7.83,7.83,7.67,7.83,84.17,0.1,0,Green,2,3280.0,Premium (Arabica),Mill JUA
Arabica,racafe & cia s.c.a,Colombia,huila,275,70 kg,Almacafé,"August 18th, 2015",Caturra,Washed / Wet,8.0,7.5,7.5,7.67,8.0,7.83,7.67,84.17,0.0,0,Blue-Green,0,1775.0,Alta (Arabica),Heritage RAC
Arabica,cooperativa el gorrion r.l,Nicaragua,jinotega,275,2 kg,Specialty Coffee Association of Costa Rica,"August 3rd, 2015",Caturra,Natural / Dry,7.67,7.83,7.83,7.5,7.67,7.83,7.83,84.17,0.12,0,Blue-Green,0,1000.0,Media (Arabica),Private Reserve COO
Arabica,cafebras,Brazil,cerrado,305,59 kg,Brazil Specialty Coffee Association,"April 24th, 2015",Catuai,Natural / Dry,7.67,7.75,7.75,7.67,7.83,7.75,7.75,84.17,0.0,0,Green,16,1150.0,Media (Arabica),Select Harvest CAF
Arabica,"ceca, s.a.",Costa Rica,tarrazu,320,69 kg,Specialty Coffee Ass,"April 10th, 2015",Caturra,Washed / Wet,7.67,7.75,7.67,7.75,7.5,8.0,7.83,84.17,0.0,0,Blue-Green,0,1850.0,Premium (Arabica),Select Harvest CEC
Arabica,asefa dukamo keroma,Ethiopia,Other,320,60 kg,METAD Agricultural Development plc,"March 26th, 2015",Gesha,Natural / Dry,7.5,7.92,7.58,7.83,7.75,7.83,7.75,84.17,0.1,0,Green,5,1606.5,Alta (Arabica),Select Harvest ASE
Arabica,selian coffee estate,"Tanzania, United Republic Of",Other,10,60 kg,Africa Fine Coffee Association,"December 12th, 2014",Other,Washed / Wet,7.92,7.75,7.75,7.75,7.75,7.58,7.67,84.17,0.13,0,Green,0,1400.0,Media (Arabica),Select Harvest SEL
Arabica,olam agro colombia,Colombia,huila,250,1 kg,Almacafé,"October 15th, 2014",Other,Washed / Wet,7.67,7.5,7.67,7.42,7.83,8.58,7.5,84.17,0.12,0,Green,4,1530.0,Alta (Arabica),Private Reserve OLA
Arabica,chris finch,Guatemala,Other,275,5 lbs,Specialty Coffee Association,"July 16th, 2014",Bourbon,Washed / Wet,7.67,7.75,7.67,7.75,7.75,7.75,7.83,84.17,0.11,0,Blue-Green,0,431.999136,Baja (Arabica),Private Reserve CHR
Arabica,itochu corporation,Kenya,Other,300,18000 kg,Kenya Coffee Traders Association,"November 7th, 2013",SL28,Washed / Wet,7.58,7.75,7.75,7.75,7.75,7.83,7.75,84.17,0.08,0,Green,0,250.5,Baja (Arabica),Select Harvest ITO
Arabica,owen carver,Brazil,Other,1,2 kg,Specialty Coffee Association,"May 20th, 2013",Mundo Novo,Natural / Dry,7.58,7.83,7.75,7.67,7.67,8.0,7.67,84.17,0.11,0,Green,3,1038.5,Media (Arabica),Select Harvest OWE
Arabica,juan luis alvarado romero,Guatemala,oriente,250,69 kg,Asociacion Nacional Del Café,"May 9th, 2013",Bourbon,Washed / Wet,7.92,7.75,7.67,7.67,7.83,7.92,7.42,84.17,0.11,0,Green,4,399.4830720000001,Baja (Arabica),Mill JUA
Arabica,atlantic specialty coffee,El Salvador,Other,275,2 kg,Specialty Coffee Association,"March 18th, 2013",Bourbon,Natural / Dry,8.42,8.08,7.5,7.17,7.58,8.17,7.92,84.17,0.11,0,Blue-Green,2,1500.0,Alta (Arabica),Select Harvest ATL
Arabica,exportadora de cafe condor s.a,Colombia,huila,250,70 kg,Almacafé,"October 19th, 2012",Caturra,Washed / Wet,7.75,7.75,7.75,7.75,7.83,7.75,7.58,84.17,0.0,0,Green,2,1750.0,Alta (Arabica),Heritage EXP
Arabica,juan luis alvarado romero,Guatemala,Other,275,1 kg,Asociacion Nacional Del Café,"March 26th, 2012",Catuai,Natural / Dry,7.83,7.5,7.5,8.0,7.83,7.83,7.67,84.17,0.11,0,Blue-Green,2,431.999136,Baja (Arabica),Mill JUA
Arabica,afca,Uganda,Other,320,60 kg,Africa Fine Coffee Association,"February 13th, 2012",Other,Washed / Wet,7.83,7.75,7.5,7.83,7.83,7.75,7.67,84.17,0.11,0,Green,1,1600.0,Alta (Arabica),Private Reserve AFC
Arabica,pt.royal pacific indah international,Indonesia,Other,2,2 kg,Specialty Coffee Association of Indonesia,"May 24th, 2017",Other,Natural / Dry,7.81,7.88,7.56,7.75,7.63,7.75,7.75,84.13,0.12,0,Blue-Green,0,1350.0,Media (Arabica),Heritage PT.
Arabica,carcafe ltda ci,Colombia,huila,275,70 kg,Almacafé,"November 9th, 2017",Caturra,Washed / Wet,7.83,7.5,7.42,7.5,7.83,8.5,7.5,84.08,0.0,1,Green,3,442.0,Baja (Arabica),Mill CAR
Arabica,"lin, che-hao krude 林哲豪",Taiwan,Other,10,20 kg,Specialty Coffee Association,"May 18th, 2016",Typica,Washed / Wet,7.58,7.67,7.67,7.67,7.75,7.83,7.92,84.08,0.1,0,Blue-Green,4,968.0,Baja (Arabica),Heritage LIN
Arabica,juan luis alvarado romero,Guatemala,oriente,50,69 kg,Asociacion Nacional Del Café,"April 27th, 2016",Bourbon,Washed / Wet,8.0,7.75,7.5,7.58,7.92,7.67,7.67,84.08,0.1,0,Green,4,431.999136,Baja (Arabica),Mill JUA
Arabica,racafe & cia s.c.a,Colombia,huila,200,70 kg,Almacafé,"November 5th, 2014",Caturra,Washed / Wet,7.92,7.75,7.67,7.75,7.67,7.67,7.67,84.08,0.0,0,Green,2,1775.0,Alta (Arabica),Heritage RAC
Arabica,lusso lab,Guatemala,Other,1,2 kg,Specialty Coffee Association,"June 16th, 2014",Bourbon,Washed / Wet,7.58,7.75,7.67,8.0,7.75,7.67,7.67,84.08,0.1,0,Blue-Green,10,1550.0,Alta (Arabica),Mill LUS
Arabica,kona pacific farmers cooperative,United States (Hawaii),kona,14,100 lbs,Specialty Coffee Association,"January 24th, 2013",Hawaiian Kona,Natural / Dry,7.83,7.75,7.83,7.83,7.42,8.08,8.0,84.08,0.11,1,Green,9,157.93516800000003,Baja (Arabica),Private Reserve KON
Arabica,andres martinez leon,Mexico,Other,300,1 kg,AMECAFE,"September 4th, 2012",Typica,Washed / Wet,7.67,7.75,7.67,7.75,7.67,7.75,7.83,84.08,0.11,1,Green,10,1480.0,Media (Arabica),Select Harvest AND
Arabica,steven kil,Ethiopia,Other,100,60 kg,Specialty Coffee Association,"August 17th, 2012",Other,Natural / Dry,7.92,7.92,7.83,8.0,7.92,7.92,7.92,84.08,0.09,0,Green,15,1800.0,Premium (Arabica),Private Reserve STE
Arabica,amanda powers,Costa Rica,Other,275,150 lbs,Specialty Coffee Association,"January 11th, 2018",Caturra,Washed / Wet,7.58,7.75,7.67,7.75,7.83,7.75,7.67,84.0,0.08,1,Green,13,1300.0,Media (Arabica),Heritage AMA
Arabica,kyagalanyi coffee ltd,Ethiopia,sidamo,320,60 kg,Uganda Coffee Development Authority,"June 5th, 2017",Gesha,Natural / Dry,7.83,7.75,7.67,7.75,7.33,7.75,7.92,84.0,0.11,3,Green,1,1800.0,Premium (Arabica),Mill KYA
Arabica,bismarck castro,Honduras,comayagua,275,66 kg,Instituto Hondureño del Café,"May 11th, 2017",Caturra,Washed / Wet,7.42,7.83,7.75,7.92,7.75,7.58,7.75,84.0,0.1,0,Green,5,1500.0,Alta (Arabica),Heritage BIS
Arabica,juan luis alvarado romero,Guatemala,huehuetenango,275,69 kg,Asociacion Nacional Del Café,"June 10th, 2015",Caturra,Washed / Wet,7.67,7.83,7.58,7.92,7.75,7.67,7.58,84.0,0.12,0,Green,7,520.2570240000001,Baja (Arabica),Mill JUA
Arabica,olam agro colombia,Colombia,huila,250,1 kg,Almacafé,"December 18th, 2014",Other,Washed / Wet,7.67,7.67,7.83,7.58,7.58,7.83,7.83,84.0,0.11,2,Green,7,1600.0,Alta (Arabica),Private Reserve OLA
Arabica,juan luis alvarado romero,Guatemala,oriente,250,69 kg,Asociacion Nacional Del Café,"August 8th, 2014",Bourbon,Natural / Dry,7.92,7.67,7.42,7.92,7.75,7.83,7.5,84.0,0.1,0,Green,1,371.61216,Baja (Arabica),Mill JUA
Arabica,juan luis alvarado romero,Guatemala,oriente,250,69 kg,Asociacion Nacional Del Café,"June 27th, 2014",Bourbon,Other,7.75,7.83,7.5,7.83,7.58,7.67,7.83,84.0,0.1,0,Green,0,371.61216,Baja (Arabica),Mill JUA
Arabica,olam agro colombia,Colombia,huila,250,1 kg,Almacafé,"May 27th, 2014",Caturra,Washed / Wet,7.67,7.75,7.67,7.67,7.67,7.75,7.83,84.0,0.12,0,Green,0,1480.0,Media (Arabica),Private Reserve OLA
Arabica,compañia colombiana agroindustrial s.a,Colombia,santander,250,70 kg,Almacafé,"May 27th, 2014",Caturra,Natural / Dry,7.58,7.42,7.75,7.92,7.75,7.92,7.67,84.0,0.12,0,Green,0,1450.0,Media (Arabica),Heritage COM
Arabica,racafe & cia s.c.a,Colombia,huila,138,70 kg,Almacafé,"April 8th, 2014",Caturra,Washed / Wet,7.67,7.67,7.5,7.5,7.67,7.67,8.33,84.0,0.12,0,Green,3,1775.0,Alta (Arabica),Heritage RAC
Arabica,lusso lab,Ethiopia,sidamo,50,60 kg,Specialty Coffee Association,"January 17th, 2014",Other,Natural / Dry,7.75,7.75,7.5,7.58,7.67,7.92,7.83,84.0,0.09,4,Green,40,1550.0,Alta (Arabica),Mill LUS
Arabica,ipanema coffees,Brazil,south of minas,320,60 kg,Specialty Coffee Association,"January 2nd, 2014",Yellow Bourbon,Natural / Dry,7.58,7.83,7.67,7.25,8.0,7.75,7.92,84.0,0.1,0,Green,0,1260.0,Media (Arabica),Private Reserve IPA
Arabica,exportadora de cafe condor s.a,Colombia,cauca,270,70 kg,Almacafé,"June 21st, 2013",Caturra,Washed / Wet,7.67,7.83,7.67,7.75,7.67,7.75,7.67,84.0,0.11,0,Green,1,1700.0,Alta (Arabica),Heritage EXP
Arabica,ibero kenya limited,Kenya,Other,300,60 kg,Kenya Coffee Traders Association,"March 8th, 2013",Other,Washed / Wet,7.67,7.83,7.5,7.75,7.92,7.67,7.67,84.0,0.0,0,Green,2,1200.0,Media (Arabica),Heritage IBE
Arabica,doi tung development project,Thailand,thailand,2,1 kg,Specialty Coffee Association,"June 21st, 2012",Other,Washed / Wet,7.92,8.17,8.17,8.42,8.08,8.17,8.42,84.0,0.12,0,Green,0,800.0,Baja (Arabica),Origins DOI
Arabica,taylor winch (coffee) ltd.,Kenya,Other,150,9000 kg,Kenya Coffee Traders Association,"May 31st, 2012",SL28,Washed / Wet,7.67,7.75,7.67,7.75,7.83,7.67,7.67,84.0,0.0,0,Blue-Green,0,1650.0,Alta (Arabica),Heritage TAY
Arabica,afca,Uganda,Other,320,60 kg,Africa Fine Coffee Association,"February 13th, 2012",Other,Washed / Wet,7.92,7.75,7.58,7.67,7.67,7.83,7.58,84.0,0.1,10,Green,26,1700.0,Alta (Arabica),Private Reserve AFC
Arabica,doi tung development project,Thailand,Other,1,60 kg,Specialty Coffee Association,"August 16th, 2011",Caturra,Washed / Wet,7.58,7.75,7.58,7.75,7.58,7.75,8.0,84.0,0.06,0,Blue-Green,0,800.0,Baja (Arabica),Origins DOI
Arabica,ipanema coffees,Brazil,south of minas,320,60 kg,Brazil Specialty Coffee Association,"October 20th, 2017",Bourbon,Natural / Dry,7.5,7.75,7.58,7.5,7.58,7.5,8.5,83.92,0.0,0,Green,3,890.0,Baja (Arabica),Private Reserve IPA
Arabica,cafes tomari sa de cv,Mexico,veracruz,200,69 kg,Centro Agroecológico del Café A.C.,"July 3rd, 2017",Mundo Novo,Washed / Wet,7.83,7.83,7.58,7.92,7.42,7.5,7.83,83.92,0.11,0,Green,5,1300.0,Media (Arabica),Select Harvest CAF
Arabica,sarawut premjit,Thailand,Other,45,40 kg,Specialty Coffee Association,"October 18th, 2016",Catimor,Natural / Dry,7.67,7.75,7.5,7.67,7.67,7.83,7.83,83.92,0.1,0,Blue-Green,1,1350.0,Media (Arabica),Select Harvest SAR
Arabica,ipanema coffees,Brazil,south of minas,320,60 kg,Brazil Specialty Coffee Association,"August 16th, 2016",Bourbon,Natural / Dry,7.58,7.67,7.67,7.75,7.58,7.83,7.83,83.92,0.11,0,Green,7,934.0,Baja (Arabica),Private Reserve IPA
Arabica,"lin, che-hao krude 林哲豪",Taiwan,Other,20,50 kg,Specialty Coffee Association,"May 18th, 2016",Typica,Washed / Wet,7.83,7.75,7.83,7.75,7.83,7.75,7.83,83.92,0.11,0,Green,3,1200.0,Media (Arabica),Heritage LIN
Arabica,carcafe ltda ci,Colombia,huila,250,70 kg,Almacafé,"February 11th, 2016",Caturra,Washed / Wet,7.75,7.67,7.5,7.75,7.83,7.75,7.67,83.92,0.11,1,Green,2,442.0,Baja (Arabica),Mill CAR
Arabica,almacafe,Colombia,Other,226,70 kg,Almacafé,"January 21st, 2016",Caturra,Washed / Wet,7.75,7.58,7.5,7.83,7.75,7.92,7.58,83.92,0.0,1,Green,5,1750.0,Alta (Arabica),Mill ALM
Arabica,cqi taiwan icp cqi台灣合作夥伴,Taiwan,Other,1,2 kg,Blossom Valley International,"November 7th, 2015",Typica,Natural / Dry,7.75,7.75,7.58,7.75,7.75,7.67,7.67,83.92,0.0,0,Blue-Green,0,750.0,Baja (Arabica),Select Harvest CQI
Arabica,federacion nacional de cafeteros,Colombia,huila,275,2 kg,Almacafé,"August 18th, 2015",Caturra,Washed / Wet,7.92,7.67,7.5,7.83,7.58,7.67,7.75,83.92,0.0,0,Green,0,1750.0,Alta (Arabica),Select Harvest FED
Arabica,federacion nacional de cafeteros,Colombia,huila,275,2 kg,Almacafé,"March 12th, 2015",Caturra,Washed / Wet,7.83,7.75,7.58,7.58,7.75,7.75,7.67,83.92,0.0,1,Green,1,1750.0,Alta (Arabica),Select Harvest FED
Arabica,racafe & cia s.c.a,Colombia,huila,275,70 kg,Almacafé,"December 12th, 2014",Caturra,Washed / Wet,7.75,7.58,7.67,7.83,7.83,7.67,7.58,83.92,0.0,0,Green,1,1775.0,Alta (Arabica),Heritage RAC
Arabica,cqi taiwan icp cqi台灣合作夥伴,Taiwan,Other,10,60 kg,Blossom Valley International,"November 23rd, 2014",Typica,Washed / Wet,8.0,7.92,7.92,7.92,7.67,7.33,7.17,83.92,0.06,0,Green,0,950.0,Baja (Arabica),Select Harvest CQI
Arabica,compañia colombiana agroindustrial s.a,Colombia,santander,250,70 kg,Almacafé,"January 17th, 2014",Caturra,Natural / Dry,7.67,7.83,7.67,7.75,7.67,7.83,7.5,83.92,0.12,0,Green,3,1550.0,Alta (Arabica),Heritage COM
Arabica,oscar ortega carballo,Mexico,Other,48,1 kg,AMECAFE,"July 3rd, 2012",Typica,Washed / Wet,7.67,7.75,7.58,7.67,7.75,7.83,7.67,83.92,0.12,10,Blue-Green,32,900.0,Baja (Arabica),Mill OSC
Arabica,alfredo bojalil,Mexico,la concordia,250,1 kg,AMECAFE,"June 6th, 2012",Typica,Washed / Wet,7.5,7.67,7.58,7.83,7.75,7.75,7.83,83.92,0.11,0,Green,2,1500.0,Alta (Arabica),Origins ALF
Arabica,organizaciones de productores de cafe colimense,Mexico,Other,20,1 kg,AMECAFE,"April 2nd, 2012",Typica,Washed / Wet,7.75,7.92,7.83,7.92,7.75,7.67,7.75,83.92,0.0,0,Green,2,1400.0,Media (Arabica),Origins ORG
Arabica,carcafe ltda ci,Colombia,Other,275,70 kg,Almacafé,"June 30th, 2017",Caturra,Washed / Wet,7.92,7.58,7.5,7.83,7.58,7.67,7.75,83.83,0.0,1,Green,6,2527.0,Premium (Arabica),Mill CAR
Arabica,racafe & cia s.c.a,Colombia,huila,275,70 kg,Almacafé,"March 14th, 2017",Caturra,Washed / Wet,7.83,7.67,7.5,7.75,7.75,7.75,7.58,83.83,0.0,1,Green,0,1750.0,Alta (Arabica),Heritage RAC
Arabica,"ceca, s.a.",Costa Rica,tarrazu,275,69 kg,Specialty Coffee Association of Costa Rica,"June 6th, 2016",Caturra,Washed / Wet,7.67,7.67,7.75,7.67,7.5,7.75,7.83,83.83,0.0,0,Blue-Green,0,1850.0,Premium (Arabica),Select Harvest CEC
Arabica,juan luis alvarado romero,Guatemala,antigua,100,69 kg,Asociacion Nacional Del Café,"May 23rd, 2016",Bourbon,Washed / Wet,7.75,7.75,7.5,7.75,7.83,7.58,7.67,83.83,0.11,0,Green,6,1500.0,Alta (Arabica),Mill JUA
Arabica,cqi taiwan icp cqi台灣合作夥伴,Taiwan,Other,167,30 kg,Blossom Valley International,"February 23rd, 2016",Typica,Washed / Wet,7.75,7.67,7.5,7.75,7.75,7.67,7.75,83.83,0.0,0,Green,0,1200.0,Media (Arabica),Select Harvest CQI
Arabica,ipanema coffees,Brazil,south of minas,320,2 kg,Brazil Specialty Coffee Association,"October 8th, 2015",Yellow Bourbon,Natural / Dry,7.25,7.58,7.42,8.0,7.75,7.83,8.0,83.83,0.0,0,Green,0,1.0,Baja (Arabica),Private Reserve IPA
Arabica,"lin, che-hao krude 林哲豪",Taiwan,"dongshan dist., tainan city 臺南市東山區",8,18 kg,Specialty Coffee Association,"April 30th, 2015",Typica,Washed / Wet,7.67,7.75,7.67,7.75,7.42,7.75,7.83,83.83,0.0,0,Green,1,525.0,Baja (Arabica),Heritage LIN
Arabica,yasmin cofffee plantation plc,Ethiopia,Other,320,60 kg,METAD Agricultural Development plc,"March 31st, 2015",Other,Natural / Dry,7.75,7.75,7.67,7.67,7.58,7.67,7.75,83.83,0.12,0,Green,4,1676.5,Alta (Arabica),Mill YAS
Arabica,ipanema coffees,Brazil,south of minas,300,2 kg,Specialty Coffee Association,"October 16th, 2014",Bourbon,Semi-Washed / Semi-Pulped,7.67,7.67,7.58,7.5,7.83,8.17,8.08,83.83,0.0,0,Green,1,1200.0,Media (Arabica),Private Reserve IPA
Arabica,eric thormaehlen,Costa Rica,Other,250,1 kg,Specialty Coffee Association of Costa Rica,"June 9th, 2014",Catuai,Washed / Wet,7.83,7.42,7.5,7.83,7.75,7.83,7.67,83.83,0.1,0,Green,3,1300.0,Media (Arabica),Heritage ERI
Arabica,juan luis alvarado romero,Guatemala,oriente,250,69 kg,Asociacion Nacional Del Café,"May 22nd, 2014",Bourbon,Washed / Wet,7.58,7.83,7.33,8.0,7.58,7.75,7.75,83.83,0.1,0,Green,1,371.61216,Baja (Arabica),Mill JUA
Arabica,ipanema coffees,Brazil,south of minas,320,60 kg,Specialty Coffee Association,"December 26th, 2013",Yellow Bourbon,Natural / Dry,7.92,7.5,7.33,7.67,8.17,7.5,7.75,83.83,0.1,0,Green,0,1260.0,Media (Arabica),Private Reserve IPA
Arabica,garet alban,Other,Other,1,5 lbs,Specialty Coffee Association,"October 4th, 2013",Other,Natural / Dry,7.5,7.67,7.58,7.75,7.83,7.83,7.67,83.83,0.09,0,Blue-Green,0,800.0,Baja (Arabica),Heritage GAR
Arabica,exportadora de cafe condor s.a,Colombia,huila,250,70 kg,Almacafé,"September 3rd, 2013",Caturra,Washed / Wet,7.67,7.58,7.58,7.83,7.58,7.67,7.92,83.83,0.11,0,Green,1,1750.0,Alta (Arabica),Heritage EXP
Arabica,juan luis alvarado romero,Guatemala,oriente,250,69 kg,Asociacion Nacional Del Café,"April 26th, 2013",Bourbon,Washed / Wet,7.5,7.83,7.5,7.83,7.83,7.67,7.67,83.83,0.11,0,Green,3,399.4830720000001,Baja (Arabica),Mill JUA
Arabica,filemon mendoza campos,Mexico,Other,20,1 kg,AMECAFE,"July 26th, 2012",Bourbon,Natural / Dry,7.67,8.0,7.67,7.42,7.67,7.5,7.92,83.83,0.1,0,Green,2,1218.0,Media (Arabica),Private Reserve FIL
Arabica,alfredo bojalil,Mexico,"la concordia, chiapas",250,1 kg,AMECAFE,"June 6th, 2012",Pacas,Natural / Dry,7.67,7.58,7.5,7.75,7.75,7.75,7.83,83.83,0.11,0,Green,4,1300.0,Media (Arabica),Origins ALF
Arabica,jacques pereira carneiro,Brazil,Other,300,1 kg,NUCOFFEE,"December 21st, 2011",Yellow Bourbon,Semi-Washed / Semi-Pulped,7.83,7.83,7.58,7.67,7.5,7.58,7.83,83.83,0.12,0,Green,3,1250.0,Media (Arabica),Select Harvest JAC
Arabica,doi chaang coffee company,Thailand,Other,175,50 kg,Specialty Coffee Association,"September 20th, 2011",Caturra,Washed / Wet,7.75,7.75,7.58,8.0,7.67,7.58,7.5,83.83,0.02,0,Blue-Green,2,457.17585984,Baja (Arabica),Heritage DOI
Arabica,doi tung development project,Thailand,Other,1,60 kg,Specialty Coffee Association,"August 16th, 2011",Caturra,Washed / Wet,7.5,7.83,7.58,7.58,7.75,7.83,7.75,83.83,0.01,0,Blue-Green,0,800.0,Baja (Arabica),Origins DOI
Arabica,ethiopia commodity exchange,Ethiopia,sidamo,300,6,Ethiopia Commodity Exchange,"June 17th, 2010",Other,Natural / Dry,7.58,7.83,7.58,8.0,7.83,7.5,7.5,83.83,0.1,0,Green,3,1800.0,Premium (Arabica),Select Harvest ETH
Arabica,kennedy macharia,Kenya,Other,200,60 kg,Kenya Coffee Traders Association,"January 11th, 2018",SL28,Washed / Wet,7.75,7.58,7.5,7.58,7.75,7.75,7.83,83.75,0.11,0,Green,2,1800.0,Premium (Arabica),Select Harvest KEN
Arabica,ipanema coffees,Brazil,south of minas,320,60 kg,Brazil Specialty Coffee Association,"October 20th, 2017",Bourbon,Natural / Dry,7.67,7.67,7.58,7.75,7.67,7.67,7.75,83.75,0.11,0,Green,5,890.0,Baja (Arabica),Private Reserve IPA
Arabica,carcafe ltda ci,Colombia,huila,275,70 kg,Almacafé,"September 28th, 2017",Caturra,Washed / Wet,7.83,7.83,7.58,7.58,7.58,7.58,7.75,83.75,0.11,0,Green,1,442.0,Baja (Arabica),Mill CAR
Arabica,"lin, che-hao krude 林哲豪",Taiwan,Other,10,10 kg,Specialty Coffee Association,"June 6th, 2017",Typica,Natural / Dry,7.67,7.67,7.58,7.58,7.67,7.83,7.75,83.75,0.0,0,Green,0,750.0,Baja (Arabica),Heritage LIN
Arabica,racafe & cia s.c.a,Colombia,huila,275,70 kg,Almacafé,"February 15th, 2017",Caturra,Washed / Wet,7.92,7.75,7.5,7.67,7.75,7.5,7.67,83.75,0.0,1,Green,4,1750.0,Alta (Arabica),Heritage RAC
Arabica,yunnan coffee exchange,China,yunnan,3,60 kg,Yunnan Coffee Exchange,"April 6th, 2016",Catimor,Washed / Wet,7.83,7.75,7.67,7.5,7.58,7.67,7.75,83.75,0.1,0,Green,2,1650.0,Alta (Arabica),Private Reserve YUN
Arabica,carcafe ltda ci,Colombia,huila,250,70 kg,Almacafé,"November 27th, 2015",Caturra,Natural / Dry,7.75,7.67,7.5,7.67,7.58,7.83,7.75,83.75,0.0,0,Green,0,442.0,Baja (Arabica),Mill CAR
Arabica,nile highland arabica coffee farmers,Uganda,Other,320,60 kg,Uganda Coffee Development Authority,"June 30th, 2014",Bourbon,Natural / Dry,8.0,7.92,7.58,7.75,7.33,7.5,7.67,83.75,0.12,0,Green,0,1400.0,Media (Arabica),Mill NIL
Arabica,german negron,Other,Other,18,5 lbs,Specialty Coffee Association,"June 9th, 2014",Other,Washed / Wet,7.83,7.83,7.83,7.67,8.0,8.17,7.75,83.75,0.12,0,Green,1,260.12851200000006,Baja (Arabica),Origins GER
Arabica,racafe & cia s.c.a,Colombia,huila,100,70 kg,Almacafé,"February 5th, 2014",Caturra,Washed / Wet,7.67,7.67,7.67,7.92,7.5,7.67,7.67,83.75,0.0,0,Green,5,1775.0,Alta (Arabica),Heritage RAC
Arabica,olam agro colombia,Colombia,huila,250,70 kg,Almacafé,"January 24th, 2014",Other,Washed / Wet,7.67,7.42,7.42,7.42,8.0,8.33,7.5,83.75,0.0,0,Green,3,1550.0,Alta (Arabica),Private Reserve OLA
Arabica,exportadora de cafe condor s.a,Colombia,huila,250,70 kg,Almacafé,"November 22nd, 2013",Caturra,Washed / Wet,7.58,7.67,7.75,7.67,7.67,7.67,7.75,83.75,0.0,0,Blue-Green,1,1750.0,Alta (Arabica),Heritage EXP
Arabica,exportadora de cafe condor s.a,Colombia,huila,275,70 kg,Almacafé,"August 27th, 2013",Caturra,Washed / Wet,7.75,7.67,7.75,7.58,7.42,8.0,7.58,83.75,0.11,0,Green,3,1750.0,Alta (Arabica),Heritage EXP
Arabica,kona pacific farmers cooperative,United States (Hawaii),kona,12,100 lbs,Specialty Coffee Association,"May 2nd, 2013",Hawaiian Kona,Natural / Dry,7.25,7.42,7.67,7.58,7.83,8.25,7.75,83.75,0.0,0,Blue-Green,0,157.93516800000003,Baja (Arabica),Private Reserve KON
Arabica,saul m. hernandez ramirez,Mexico,Other,10,1 kg,AMECAFE,"September 27th, 2012",Caturra,Natural / Dry,7.83,7.58,7.58,7.5,7.75,7.67,7.83,83.75,0.13,5,Green,5,700.0,Baja (Arabica),Origins SAU
Arabica,the coffee source inc.,Guatemala,Other,250,3 lbs,Specialty Coffee Association,"May 24th, 2012",Caturra,Washed / Wet,7.67,7.58,7.58,7.67,7.75,7.75,7.75,83.75,0.11,0,Blue-Green,1,1300.0,Media (Arabica),Origins THE
Arabica,carcafe ltda ci,Colombia,cauca,275,70 kg,Almacafé,"April 20th, 2011",Caturra,Washed / Wet,7.83,7.83,7.58,7.33,7.42,7.67,8.08,83.75,0.1,0,Green,1,1600.0,Alta (Arabica),Mill CAR
Arabica,exportadora de cafe condor s.a,Colombia,cundinamarca,250,70 kg,Almacafé,"February 9th, 2011",Caturra,Washed / Wet,7.75,7.67,7.25,7.25,7.58,8.5,7.75,83.75,0.06,0,Green,1,1600.0,Alta (Arabica),Heritage EXP
Arabica,kona pacific farmers cooperative,United States (Hawaii),kona,4,1,Specialty Coffee Association,"June 29th, 2010",Hawaiian Kona,Natural / Dry,7.83,7.67,7.75,7.67,7.58,7.5,7.75,83.75,0.0,0,Blue-Green,0,157.93516800000003,Baja (Arabica),Private Reserve KON
Arabica,ipanema coffees,Brazil,south of minas,320,60 kg,Brazil Specialty Coffee Association,"October 20th, 2017",Bourbon,Natural / Dry,7.67,7.83,7.5,7.67,7.67,7.5,7.83,83.67,0.11,0,Green,2,890.0,Baja (Arabica),Private Reserve IPA
Arabica,kennedy macharia,Kenya,Other,200,60 kg,Kenya Coffee Traders Association,"September 1st, 2017",SL28,Washed / Wet,8.08,7.67,7.67,7.58,7.25,7.67,7.75,83.67,0.11,0,Blue-Green,0,1700.0,Alta (Arabica),Select Harvest KEN
Arabica,bismarck castro,Honduras,comayagua,285,69 kg,Instituto Hondureño del Café,"May 11th, 2017",Caturra,Washed / Wet,7.5,7.5,7.67,7.67,8.0,8.0,7.33,83.67,0.1,0,Green,2,1400.0,Media (Arabica),Heritage BIS
Arabica,"comercial internacional exportadora, s.a.",Nicaragua,jinotega,275,69 kg,Instituto Hondureño del Café,"May 11th, 2017",Caturra,Washed / Wet,7.67,7.75,7.67,7.67,7.83,7.58,7.5,83.67,0.1,0,Green,3,1250.0,Media (Arabica),Private Reserve COM
Arabica,ipanema coffees,Brazil,south of minas,320,60 kg,Brazil Specialty Coffee Association,"August 16th, 2016",Bourbon,Natural / Dry,7.58,7.75,7.58,7.75,7.58,7.58,7.83,83.67,0.11,0,Green,3,934.0,Baja (Arabica),Private Reserve IPA
Arabica,"lin, che-hao krude 林哲豪",Taiwan,Other,20,50 kg,Specialty Coffee Association,"May 18th, 2016",Caturra,Natural / Dry,7.5,7.67,7.33,7.92,7.83,7.67,7.75,83.67,0.1,0,Blue-Green,0,1200.0,Media (Arabica),Heritage LIN
Arabica,"ceca, s.a.",Costa Rica,Other,275,69 kg,Specialty Coffee Association of Costa Rica,"March 14th, 2016",Caturra,Washed / Wet,7.33,7.67,7.67,7.5,7.67,7.5,8.33,83.67,0.11,0,Blue-Green,1,1350.0,Media (Arabica),Select Harvest CEC
Arabica,doi tung development project,Thailand,thailand,1,1 kg,Specialty Coffee Association,"June 9th, 2015",Caturra,Washed / Wet,7.5,7.75,7.58,7.83,7.67,7.58,7.75,83.67,0.12,0,Blue-Green,0,800.0,Baja (Arabica),Origins DOI
Arabica,rob stephen,Colombia,huila,100,2 lbs,Specialty Coffee Association,"November 21st, 2014",Caturra,Washed / Wet,7.5,7.75,7.5,7.75,7.67,7.67,7.83,83.67,0.11,0,Green,4,1625.0,Alta (Arabica),Heritage ROB
Arabica,juan luis alvarado romero,Guatemala,huehuetenango,275,69 kg,Asociacion Nacional Del Café,"February 27th, 2014",Bourbon,Washed / Wet,8.0,7.5,7.33,8.0,8.0,8.0,7.5,83.67,0.1,0,Green,0,413.5114310400001,Baja (Arabica),Mill JUA
Arabica,exportadora de cafe condor s.a,Colombia,Other,250,70 kg,Almacafé,"October 29th, 2013",Caturra,Washed / Wet,7.83,7.75,7.67,7.58,7.58,7.67,7.58,83.67,0.0,0,Green,3,1750.0,Alta (Arabica),Heritage EXP
Arabica,racafe & cia s.c.a,Colombia,huila,250,70 kg,Almacafé,"August 16th, 2013",Caturra,Washed / Wet,7.67,7.67,7.67,7.67,7.33,7.75,7.92,83.67,0.0,0,Green,1,1900.0,Premium (Arabica),Heritage RAC
Arabica,juan luis alvarado romero,Guatemala,oriente,250,69 kg,Asociacion Nacional Del Café,"May 30th, 2013",Bourbon,Washed / Wet,7.67,7.67,7.42,7.67,8.0,7.75,7.5,83.67,0.12,1,Green,3,399.4830720000001,Baja (Arabica),Mill JUA
Arabica,juan luis alvarado romero,Guatemala,oriente,250,69 kg,Asociacion Nacional Del Café,"February 26th, 2013",Bourbon,Washed / Wet,7.83,7.67,7.33,7.67,7.67,7.83,7.67,83.67,0.11,0,Green,2,399.4830720000001,Baja (Arabica),Mill JUA
Arabica,exportadora de cafe condor s.a,Colombia,huila,250,70 kg,Almacafé,"November 22nd, 2012",Caturra,Washed / Wet,7.75,7.75,7.58,7.83,7.17,7.75,7.83,83.67,0.11,0,Green,1,1750.0,Alta (Arabica),Heritage EXP
Arabica,the coffee source inc.,Guatemala,oriente,250,1 kg,Specialty Coffee Association,"August 23rd, 2012",Caturra,Natural / Dry,8.17,8.17,7.83,7.67,8.08,7.75,8.0,83.67,0.11,0,Green,1,1450.0,Media (Arabica),Origins THE
Arabica,juan luis alvarado romero,Guatemala,oriente,250,1 kg,Asociacion Nacional Del Café,"July 9th, 2012",Bourbon,Washed / Wet,7.67,8.17,7.5,7.42,7.58,7.83,7.5,83.67,0.11,0,Green,13,399.4830720000001,Baja (Arabica),Mill JUA
Arabica,juan luis ortega carballo,Mexico,Other,48,1 kg,AMECAFE,"July 2nd, 2012",Typica,Washed / Wet,7.67,7.5,7.5,7.33,7.83,8.25,7.58,83.67,0.12,4,Green,11,1100.0,Media (Arabica),Private Reserve JUA
Arabica,ekai international company ltd.,Indonesia,Other,10,60 kg,Specialty Coffee Association of Indonesia,"May 23rd, 2012",Typica,Washed / Wet,8.17,7.67,7.58,7.58,7.42,7.67,7.58,83.67,0.12,0,Green,0,1400.0,Media (Arabica),Select Harvest EKA
Arabica,juan luis alvarado romero,Guatemala,Other,250,69 kg,Asociacion Nacional Del Café,"April 30th, 2012",Caturra,Washed / Wet,7.67,7.5,7.33,8.0,7.67,7.67,7.83,83.67,0.1,0,Green,0,464.5152000000001,Baja (Arabica),Mill JUA
Arabica,kona pacific farmers cooperative,United States (Hawaii),Other,3,100 lbs,Specialty Coffee Association,"April 21st, 2011",Hawaiian Kona,Natural / Dry,7.75,8.0,7.92,8.08,7.75,8.0,8.17,83.67,0.0,0,Blue-Green,0,157.93516800000003,Baja (Arabica),Private Reserve KON
Arabica,ipanema coffees,Brazil,south of minas,320,60 kg,Brazil Specialty Coffee Association,"October 20th, 2017",Bourbon,Natural / Dry,7.58,7.67,7.58,7.58,7.67,7.58,7.92,83.58,0.11,0,Green,5,890.0,Baja (Arabica),Private Reserve IPA
Arabica,juan luis alvarado romero,Guatemala,huehuetenango,275,69 kg,Asociacion Nacional Del Café,"July 5th, 2016",Caturra,Washed / Wet,7.75,7.75,7.5,7.83,7.58,7.58,7.58,83.58,0.11,0,Green,0,343.92705408,Baja (Arabica),Mill JUA
Arabica,racafe & cia s.c.a,Colombia,huila,275,70 kg,Almacafé,"April 15th, 2016",Caturra,Washed / Wet,7.75,7.75,7.58,7.58,7.67,7.58,7.67,83.58,0.11,0,Green,4,1750.0,Alta (Arabica),Heritage RAC
Arabica,yunnan coffee exchange,China,yunnan,3,60 kg,Yunnan Coffee Exchange,"April 6th, 2016",Catimor,Washed / Wet,7.67,7.58,7.58,7.58,7.67,7.75,7.75,83.58,0.1,0,Green,4,1100.0,Media (Arabica),Private Reserve YUN
Arabica,racafe & cia s.c.a,Colombia,huila,275,70 kg,Almacafé,"November 19th, 2015",Caturra,Washed / Wet,7.67,7.75,7.58,7.67,7.75,7.58,7.58,83.58,0.12,0,Green,3,1775.0,Alta (Arabica),Heritage RAC
Arabica,andreas kussmaul,Mexico,Other,275,2 kg,Asociación Mexicana De Cafés y Cafeterías De Especialidad A.C.,"May 12th, 2015",Caturra,Washed / Wet,7.75,7.75,7.58,7.58,7.5,7.67,7.75,83.58,0.12,1,Green,13,1200.0,Media (Arabica),Private Reserve AND
Arabica,essencecoffee,Ethiopia,Other,250,60 kg,Blossom Valley International,"March 25th, 2015",Other,Washed / Wet,7.75,7.67,7.58,7.67,7.5,7.67,7.75,83.58,0.0,0,Green,7,1850.0,Premium (Arabica),Private Reserve ESS
Arabica,bulamburi coffee farmers association,Uganda,Other,100,60 kg,Uganda Coffee Development Authority,"June 27th, 2014",SL14,Washed / Wet,7.67,7.67,7.42,7.75,7.75,7.67,7.67,83.58,0.12,0,Green,5,1800.0,Premium (Arabica),Origins BUL
Arabica,compañia colombiana agroindustrial s.a,Colombia,cundinamarca,250,70 kg,Almacafé,"June 24th, 2014",Caturra,Natural / Dry,7.67,7.58,7.67,7.67,7.67,7.67,7.67,83.58,0.0,0,Green,0,1600.0,Alta (Arabica),Heritage COM
Arabica,compañia colombiana agroindustrial s.a,Colombia,santander,250,70 kg,Almacafé,"March 13th, 2014",Caturra,Washed / Wet,7.67,7.58,7.67,7.58,7.67,7.75,7.67,83.58,0.12,0,Green,1,1550.0,Alta (Arabica),Heritage COM
Arabica,compañia colombiana agroindustrial s.a,Colombia,santander,250,70 kg,Almacafé,"March 21st, 2014",Caturra,Washed / Wet,7.75,7.58,7.5,7.58,7.75,7.83,7.58,83.58,0.0,0,Green,0,1550.0,Alta (Arabica),Heritage COM
Arabica,cqi taiwan icp cqi台灣合作夥伴,Taiwan,Other,10,30 kg,Blossom Valley International,"December 26th, 2013",Typica,Other,7.75,7.75,7.75,7.75,7.5,7.58,7.5,83.58,0.11,0,Green,0,1000.0,Media (Arabica),Select Harvest CQI
Arabica,racafe & cia s.c.a,Colombia,huila,275,70 kg,Almacafé,"August 31st, 2012",Caturra,Washed / Wet,7.67,7.67,7.58,7.67,7.75,7.58,7.67,83.58,0.11,0,Green,3,1775.0,Alta (Arabica),Heritage RAC
Arabica,alfredo bojalil,Mexico,Other,250,1 kg,AMECAFE,"June 6th, 2012",Typica,Washed / Wet,7.83,7.67,7.58,7.58,7.67,7.58,7.67,83.58,0.12,0,Green,2,1000.0,Media (Arabica),Origins ALF
Arabica,carcafe ltda ci,Colombia,cundinamarca,250,70 kg,Almacafé,"April 2nd, 2012",Caturra,Natural / Dry,7.67,7.58,7.58,7.58,7.67,7.75,7.75,83.58,0.11,0,Green,4,2136.0,Premium (Arabica),Mill CAR
Arabica,nucoffee,Brazil,south of minas,33,60 kg,NUCOFFEE,"January 23rd, 2012",Catuai,Semi-Washed / Semi-Pulped,7.83,7.75,7.5,7.75,7.5,7.58,7.67,83.58,0.12,0,Blue-Green,2,1100.0,Media (Arabica),Heritage NUC
Arabica,carcafe ltda ci,Colombia,cundinamarca,50,70 kg,Almacafé,"February 20th, 2017",Caturra,Washed / Wet,7.75,7.58,7.58,7.75,7.75,7.5,7.58,83.5,0.0,0,Blue-Green,5,1799.0,Alta (Arabica),Mill CAR
Arabica,cqi taiwan icp cqi台灣合作夥伴,Taiwan,Other,1,10 kg,Blossom Valley International,"February 13th, 2017",Typica,Washed / Wet,7.58,7.58,7.17,7.17,7.0,7.0,10.0,83.5,0.11,0,Blue-Green,0,750.0,Baja (Arabica),Select Harvest CQI
Arabica,"ceca, s.a.",Costa Rica,tarrazu,245,69 kg,Specialty Coffee Association of Costa Rica,"June 6th, 2016",Caturra,Washed / Wet,7.92,7.42,7.5,7.67,7.5,7.67,7.83,83.5,0.0,0,Blue-Green,0,1850.0,Premium (Arabica),Select Harvest CEC
Arabica,carcafe ltda ci,Colombia,Other,250,70 kg,Almacafé,"April 7th, 2016",Caturra,Natural / Dry,7.75,7.58,7.58,7.5,7.75,7.75,7.58,83.5,0.0,0,Green,0,1000.0,Media (Arabica),Mill CAR
Arabica,juan luis alvarado romero,Guatemala,oriente,250,69 kg,Asociacion Nacional Del Café,"March 16th, 2016",Bourbon,Washed / Wet,7.67,7.75,7.5,7.83,7.58,7.58,7.58,83.5,0.1,0,Blue-Green,5,371.61216,Baja (Arabica),Mill JUA
Arabica,racafe & cia s.c.a,Colombia,huila,180,70 kg,Almacafé,"November 19th, 2015",Caturra,Washed / Wet,7.58,7.58,7.58,7.58,7.75,7.67,7.75,83.5,0.12,0,Green,4,1775.0,Alta (Arabica),Heritage RAC
Arabica,damari absalome,"Tanzania, United Republic Of",Other,5,60 kg,Africa Fine Coffee Association,"November 16th, 2015",Other,Washed / Wet,7.75,7.67,7.58,7.67,7.67,7.58,7.58,83.5,0.13,0,Green,21,1400.0,Media (Arabica),Mill DAM
Arabica,aulia arif syahri,Indonesia,Other,200,30 kg,Specialty Coffee Association,"September 14th, 2015",Other,Semi-Washed / Semi-Pulped,7.25,7.67,7.58,7.92,7.83,7.58,7.67,83.5,0.13,0,Blue-Green,8,1500.0,Alta (Arabica),Origins AUL
Arabica,debesa agro industry plc,Ethiopia,Other,320,60 kg,METAD Agricultural Development plc,"March 31st, 2015",Other,Natural / Dry,7.67,7.75,7.5,7.58,7.75,7.67,7.58,83.5,0.1,1,Green,18,1600.0,Alta (Arabica),Select Harvest DEB
Arabica,federacion nacional de cafeteros,Colombia,huila,275,2 kg,Almacafé,"March 12th, 2015",Caturra,Washed / Wet,7.67,7.42,7.67,7.83,7.58,7.67,7.67,83.5,0.0,1,Green,0,1750.0,Alta (Arabica),Select Harvest FED
Arabica,exportadora de cafe condor s.a,Colombia,huila,275,70 kg,Almacafé,"January 22nd, 2015",Caturra,Washed / Wet,8.0,7.58,7.25,7.58,7.92,7.58,7.58,83.5,0.11,0,Green,0,1850.0,Premium (Arabica),Heritage EXP
Arabica,the coffee source inc.,Guatemala,Other,250,1 kg,Specialty Coffee Association of Costa Rica,"December 18th, 2014",Caturra,Washed / Wet,7.58,7.75,7.5,7.83,7.42,7.67,7.75,83.5,0.1,0,Green,0,1400.0,Media (Arabica),Origins THE
Arabica,compañia colombiana agroindustrial s.a,Colombia,cundinamarca,250,70 kg,Almacafé,"August 11th, 2014",Caturra,Washed / Wet,7.75,7.58,7.33,7.5,7.83,7.83,7.67,83.5,0.0,2,Green,0,1650.0,Alta (Arabica),Heritage COM
Arabica,Desconocido,Honduras,comayagua,275,1 kg,Instituto Hondureño del Café,"April 8th, 2014",Caturra,Natural / Dry,7.67,7.5,7.67,7.5,7.67,7.67,7.83,83.5,0.1,0,Green,3,1350.0,Media (Arabica),Private Reserve DES
Arabica,exportadora de cafe condor s.a,Colombia,huila,250,70 kg,Almacafé,"April 26th, 2013",Caturra,Washed / Wet,7.58,7.75,7.42,7.67,7.75,7.67,7.67,83.5,0.0,1,Green,1,1750.0,Alta (Arabica),Heritage EXP
Arabica,exportadora de cafe condor s.a,Colombia,huila,250,70 kg,Almacafé,"May 24th, 2013",Caturra,Washed / Wet,7.58,7.67,7.58,7.75,7.58,7.75,7.58,83.5,0.11,0,Green,2,1750.0,Alta (Arabica),Heritage EXP
Arabica,manuel herrera juarez,Mexico,Other,10,1 kg,AMECAFE,"August 31st, 2012",Bourbon,Natural / Dry,7.83,7.58,7.25,7.5,7.5,7.42,8.42,83.5,0.13,0,Green,14,1170.0,Media (Arabica),Mill MAN
Arabica,miguel cortes moreno,Mexico,Other,10,1 kg,AMECAFE,"August 30th, 2012",Typica,Semi-Washed / Semi-Pulped,7.67,7.75,7.67,7.75,7.58,7.5,7.58,83.5,0.11,0,Green,12,940.0,Baja (Arabica),Mill MIG
Arabica,gabriel bernardo rivas ross,Mexico,Other,15,1 kg,AMECAFE,"July 11th, 2012",Other,Washed / Wet,7.75,7.67,7.67,7.75,7.33,7.5,7.83,83.5,0.12,0,Green,0,1400.0,Media (Arabica),Select Harvest GAB
Arabica,juan luis alvarado romero,Guatemala,Other,275,69 kg,Asociacion Nacional Del Café,"April 30th, 2012",Caturra,Washed / Wet,7.83,7.5,7.5,8.0,7.67,7.5,7.5,83.5,0.1,0,Green,5,464.5152000000001,Baja (Arabica),Mill JUA
Arabica,racafe & cia s.c.a,Colombia,huila,175,70 kg,Almacafé,"February 9th, 2012",Caturra,Washed / Wet,7.67,7.58,7.58,7.67,7.67,7.67,7.67,83.5,0.11,0,Green,0,1775.0,Alta (Arabica),Heritage RAC
Arabica,felipe isaza,Guatemala,oriente,250,2 kg,Specialty Coffee Association,"February 1st, 2012",Bourbon,Washed / Wet,7.5,7.5,7.75,7.5,8.0,7.67,7.58,83.5,0.0,3,Green,12,427.353984,Baja (Arabica),Private Reserve FEL
Arabica,kona pacific farmers cooperative,United States (Hawaii),Other,14,100 lbs,Specialty Coffee Association,"March 8th, 2011",Hawaiian Kona,Natural / Dry,7.5,7.67,7.58,7.92,7.58,7.67,7.58,83.5,0.01,0,Blue-Green,0,157.93516800000003,Baja (Arabica),Private Reserve KON
Arabica,specialty coffee association of indonesia,Indonesia,Other,10,60 kg,Specialty Coffee Association of Indonesia,"November 29th, 2010",Other,Washed / Wet,7.83,7.58,7.58,7.58,7.75,7.58,7.58,83.5,0.0,0,Blue-Green,0,1600.0,Alta (Arabica),Select Harvest SPE
Arabica,carcafe ltda ci,Colombia,huila,300,29 kg,Almacafé,"November 9th, 2017",Caturra,Washed / Wet,7.5,7.58,7.58,7.5,7.75,7.83,7.67,83.42,0.0,0,Green,1,439.0,Baja (Arabica),Mill CAR
Arabica,juan luis alvarado romero,Guatemala,san marcos,50,69 kg,Asociacion Nacional Del Café,"August 23rd, 2017",Bourbon,Washed / Wet,7.67,7.75,7.5,7.58,7.58,7.67,7.67,83.42,0.1,0,Green,3,1700.0,Alta (Arabica),Mill JUA
Arabica,carcafe ltda ci,Colombia,huila,600,29 kg,Almacafé,"May 10th, 2017",Caturra,Washed / Wet,7.67,7.67,7.5,7.67,7.67,7.58,7.67,83.42,0.11,0,Green,2,442.0,Baja (Arabica),Mill CAR
Arabica,"ceca, s.a.",Costa Rica,tarrazu,275,69 kg,Specialty Coffee Association of Costa Rica,"February 17th, 2017",Caturra,Washed / Wet,7.58,7.5,7.42,7.92,7.5,7.67,7.83,83.42,0.09,0,Blue-Green,4,1850.0,Premium (Arabica),Select Harvest CEC
Arabica,cqi taiwan icp cqi台灣合作夥伴,Taiwan,Other,1,10 kg,Blossom Valley International,"February 13th, 2017",Typica,Washed / Wet,7.67,7.67,7.0,7.08,7.0,7.0,10.0,83.42,0.11,0,Blue-Green,0,750.0,Baja (Arabica),Select Harvest CQI
Arabica,bugisu cooperative union,Uganda,Other,20,1218 kg,Uganda Coffee Development Authority,"July 21st, 2016",SL14,Washed / Wet,7.58,7.75,7.33,7.75,7.67,7.58,7.75,83.42,0.11,0,Green,1,1800.0,Premium (Arabica),Private Reserve BUG
Arabica,松澤宏樹 koju matsuzawa,Thailand,thailand,500,25 kg,Specialty Coffee Institute of Asia,"June 27th, 2016",Catimor,Washed / Wet,7.5,7.58,7.75,7.5,7.75,7.67,7.67,83.42,0.13,0,Blue-Green,0,1200.0,Media (Arabica),Mill 松澤宏
Arabica,consejo salvadoreño del café,El Salvador,Other,275,69 kg,Salvadoran Coffee Council,"April 25th, 2016",Bourbon,Washed / Wet,7.58,7.5,7.75,7.58,7.75,7.67,7.58,83.42,0.11,0,Green,0,1330.0,Media (Arabica),Heritage CON
Arabica,carcafe ltda ci,Colombia,huila,275,70 kg,Almacafé,"April 29th, 2015",Caturra,Natural / Dry,7.58,7.67,7.58,7.67,7.58,7.67,7.67,83.42,0.12,4,Green,0,442.0,Baja (Arabica),Mill CAR
Arabica,bourbon specialty coffees,Brazil,Other,300,60 kg,Brazil Specialty Coffee Association,"January 15th, 2015",Yellow Bourbon,Semi-Washed / Semi-Pulped,7.33,7.83,7.75,7.5,7.42,7.83,7.75,83.42,0.12,0,Green,6,1000.0,Media (Arabica),Origins BOU
Arabica,ngila estate ltd,"Tanzania, United Republic Of",Other,39,60 kg,Africa Fine Coffee Association,"December 12th, 2014",Bourbon,Washed / Wet,7.75,7.67,7.58,7.67,7.58,7.58,7.58,83.42,0.13,0,Green,4,1600.0,Alta (Arabica),Origins NGI
Arabica,compañia colombiana agroindustrial s.a,Colombia,huila,250,70 kg,Almacafé,"October 15th, 2014",Caturra,Washed / Wet,7.58,7.58,7.25,7.75,7.75,8.58,7.58,83.42,0.12,0,Green,1,1813.0,Premium (Arabica),Heritage COM
Arabica,juan luis alvarado romero,Guatemala,oriente,250,69 kg,Asociacion Nacional Del Café,"August 21st, 2014",Bourbon,Natural / Dry,7.75,7.83,7.33,7.83,7.5,7.67,7.5,83.42,0.1,0,Green,1,371.61216,Baja (Arabica),Mill JUA
Arabica,juan luis alvarado romero,Guatemala,antigua,250,69 kg,Asociacion Nacional Del Café,"February 18th, 2014",Caturra,Washed / Wet,7.67,7.75,7.5,7.83,7.58,7.5,7.58,83.42,0.1,0,Green,2,1500.0,Alta (Arabica),Mill JUA
Arabica,juan luis alvarado romero,Guatemala,oriente,250,69 kg,Asociacion Nacional Del Café,"July 16th, 2013",Bourbon,Washed / Wet,7.67,7.5,7.75,7.42,7.75,7.75,7.58,83.42,0.11,0,Green,0,399.4830720000001,Baja (Arabica),Mill JUA
Arabica,kona pacific farmers cooperative,United States (Hawaii),kona,13,100 lbs,Specialty Coffee Association,"January 24th, 2013",Hawaiian Kona,Natural / Dry,7.42,7.75,7.67,7.58,7.67,7.67,7.67,83.42,0.0,0,Green,2,157.93516800000003,Baja (Arabica),Private Reserve KON
Arabica,exportadora de cafe condor s.a,Colombia,cundinamarca,250,70 kg,Almacafé,"June 26th, 2012",Caturra,Washed / Wet,7.5,7.75,7.58,7.5,7.67,7.75,7.67,83.42,0.11,0,Green,2,1450.0,Media (Arabica),Heritage EXP
Arabica,federacion nacional de cafeteros,Colombia,huila,250,70 kg,Almacafé,"February 1st, 2011",Caturra,Washed / Wet,7.58,7.58,7.58,7.67,7.75,7.67,7.58,83.42,0.1,1,Green,3,1750.0,Alta (Arabica),Select Harvest FED
Arabica,kona pacific farmers cooperative,United States (Hawaii),kona,12,60 kg,Specialty Coffee Association,"December 27th, 2010",Hawaiian Kona,Natural / Dry,7.5,7.92,7.42,7.67,7.83,7.58,7.5,83.42,0.01,0,Blue-Green,0,157.93516800000003,Baja (Arabica),Private Reserve KON
Arabica,doi tung development project,Thailand,Other,4,1 lbs,Specialty Coffee Association,"April 13th, 2010",Other,Washed / Wet,7.58,7.25,7.5,7.92,7.92,7.42,7.83,83.42,0.11,0,Blue-Green,0,800.0,Baja (Arabica),Origins DOI
Arabica,grounds for health admin,Mexico,Other,6,6,Specialty Coffee Association,"May 26th, 2010",Typica,Washed / Wet,7.25,7.88,7.38,7.63,7.5,8.75,8.0,83.38,0.09,2,Green,4,1050.0,Media (Arabica),Mill GRO
Arabica,exportadora de cafe condor s.a,Colombia,huila,275,70 kg,Almacafé,"November 8th, 2016",Caturra,Washed / Wet,7.75,7.5,7.75,7.58,7.58,7.58,7.58,83.33,0.0,0,Green,0,1650.0,Alta (Arabica),Heritage EXP
Arabica,racafe & cia s.c.a,Colombia,Other,130,70 kg,Almacafé,"June 15th, 2016",Caturra,Washed / Wet,7.67,7.58,7.58,7.42,7.67,7.75,7.67,83.33,0.0,0,Blue-Green,0,1750.0,Alta (Arabica),Heritage RAC
Arabica,racafe & cia s.c.a,Colombia,huila,275,70 kg,Almacafé,"May 5th, 2016",Caturra,Washed / Wet,7.83,7.58,7.58,7.58,7.5,7.58,7.67,83.33,0.0,1,Green,2,1750.0,Alta (Arabica),Heritage RAC
Arabica,ipanema coffees,Brazil,south of minas,10,2 kg,Specialty Coffee Association,"October 12th, 2015",Catuai,Semi-Washed / Semi-Pulped,7.5,7.83,7.33,7.58,7.58,7.92,7.58,83.33,0.1,1,Green,5,1227.0,Media (Arabica),Private Reserve IPA
Arabica,andreas kussmaul,Mexico,chiapas,275,1 kg,Asociación Mexicana De Cafés y Cafeterías De Especialidad A.C.,"July 14th, 2015",Caturra,Washed / Wet,7.75,7.75,7.5,7.67,7.5,7.58,7.58,83.33,0.12,0,Green,2,1200.0,Media (Arabica),Private Reserve AND
Arabica,exportadora de cafe condor s.a,Colombia,santander,275,70 kg,Almacafé,"April 8th, 2015",Caturra,Washed / Wet,7.67,7.75,7.42,7.83,7.83,7.42,7.42,83.33,0.11,0,Green,1,1650.0,Alta (Arabica),Heritage EXP
Arabica,afca,"Tanzania, United Republic Of",Other,10,60 kg,Africa Fine Coffee Association,"December 12th, 2014",Other,Semi-Washed / Semi-Pulped,7.75,7.58,7.67,7.58,7.58,7.58,7.58,83.33,0.12,0,Green,6,1700.0,Alta (Arabica),Private Reserve AFC
Arabica,j.andrade,Mexico,veracruz,200,1 kg,AMECAFE,"July 15th, 2014",Other,Washed / Wet,7.67,7.67,7.58,7.67,7.5,7.58,7.67,83.33,0.12,0,Green,0,1100.0,Media (Arabica),Private Reserve J.A
Arabica,the coffee source inc.,Costa Rica,Other,250,3 lbs,Specialty Coffee Association,"April 7th, 2014",Caturra,Washed / Wet,7.67,7.67,7.42,7.67,7.67,7.67,7.58,83.33,0.12,0,Green,3,1300.0,Media (Arabica),Origins THE
Arabica,eileen koyanagi,United States (Hawaii),kona,12,100 lbs,Specialty Coffee Association,"February 25th, 2014",Hawaiian Kona,Natural / Dry,7.83,7.58,7.83,7.67,7.92,8.0,7.83,83.33,0.11,0,Blue-Green,1,157.93516800000003,Baja (Arabica),Select Harvest EIL
Arabica,eric thormaehlen,Costa Rica,Other,250,1 kg,Specialty Coffee Association of Costa Rica,"February 14th, 2014",Catuai,Washed / Wet,7.5,7.67,7.67,7.5,7.83,7.17,8.0,83.33,0.11,0,Green,3,1200.0,Media (Arabica),Heritage ERI
Arabica,dane loraas,Peru,Other,280,5 lbs,Specialty Coffee Association,"January 21st, 2014",Caturra,Washed / Wet,7.83,7.75,7.58,7.83,7.92,7.58,7.5,83.33,0.12,0,Green,5,1300.0,Media (Arabica),Heritage DAN
Arabica,itiah coffee llc,Other,Other,2,4 lbs,Specialty Coffee Association,"October 3rd, 2013",Typica,Washed / Wet,7.58,7.5,7.67,7.5,7.83,7.42,7.83,83.33,0.11,0,Green,4,390.19276800000006,Baja (Arabica),Heritage ITI
Arabica,carcafe ltda ci,Colombia,Other,250,70 kg,Almacafé,"April 26th, 2013",Caturra,Natural / Dry,7.67,7.67,7.5,7.67,7.92,7.42,7.5,83.33,0.11,0,Green,1,1000.0,Media (Arabica),Mill CAR
Arabica,juan luis alvarado romero,Guatemala,oriente,250,69 kg,Asociacion Nacional Del Café,"February 26th, 2013",Bourbon,Washed / Wet,7.83,7.67,7.17,7.67,7.67,7.67,7.67,83.33,0.11,0,Green,3,399.4830720000001,Baja (Arabica),Mill JUA
Arabica,kona pacific farmers cooperative,United States (Hawaii),kona,7,100 lbs,Specialty Coffee Association,"January 24th, 2013",Hawaiian Kona,Natural / Dry,7.92,7.5,7.58,7.83,7.67,7.67,7.83,83.33,0.1,0,Blue-Green,4,157.93516800000003,Baja (Arabica),Private Reserve KON
Arabica,steven kil,Other,Other,220,60 kg,Specialty Coffee Association,"August 29th, 2012",Bourbon,Washed / Wet,7.75,7.67,7.33,7.5,7.5,7.75,7.83,83.33,0.0,0,Green,5,1880.0,Premium (Arabica),Private Reserve STE
Arabica,exportadora de cafe condor s.a,Colombia,huila,250,70 kg,Almacafé,"May 30th, 2012",Caturra,Washed / Wet,7.5,7.67,7.67,7.58,7.67,7.58,7.67,83.33,0.0,0,Green,1,1750.0,Alta (Arabica),Heritage EXP
Arabica,kona pacific farmers cooperative,United States (Hawaii),kona,27,100 lbs,Specialty Coffee Association,"September 20th, 2011",Hawaiian Kona,Natural / Dry,8.08,7.83,7.83,7.75,7.67,7.58,7.92,83.33,0.01,0,Blue-Green,0,157.93516800000003,Baja (Arabica),Private Reserve KON
Arabica,kona pacific farmers cooperative,United States (Hawaii),Other,25,100 lbs,Specialty Coffee Association,"February 24th, 2011",Hawaiian Kona,Natural / Dry,7.58,7.67,7.58,7.5,7.83,7.67,7.5,83.33,0.0,0,Blue-Green,0,157.93516800000003,Baja (Arabica),Private Reserve KON
Arabica,cafe de don balbino s.c. de r.l. de c.v.,Mexico,Other,50,50 kg,Centro Agroecológico del Café A.C.,"March 7th, 2017",Typica,Washed / Wet,7.67,7.83,7.42,7.83,7.33,7.5,7.67,83.25,0.11,0,Blue-Green,0,1600.0,Alta (Arabica),Heritage CAF
Arabica,troy quimby,Costa Rica,tarrazu,29,46 kg,Specialty Coffee Association,"January 30th, 2017",Catuai,Pulped Natural / Honey,7.5,7.5,7.83,7.5,7.67,7.67,7.58,83.25,0.11,0,Green,0,1900.0,Premium (Arabica),Private Reserve TRO
Arabica,rodrigo soto,Costa Rica,tarrazu,275,69 kg,Specialty Coffee Association of Costa Rica,"September 20th, 2016",Caturra,Washed / Wet,7.83,7.5,7.42,7.67,7.5,7.67,7.67,83.25,0.11,0,Green,0,1300.0,Media (Arabica),Select Harvest ROD
Arabica,juan luis alvarado romero,Guatemala,Other,275,0 kg,Asociacion Nacional Del Café,"August 12th, 2016",Pacas,Washed / Wet,7.5,7.58,7.42,7.83,7.67,7.58,7.67,83.25,0.11,0,Green,7,2100.0,Premium (Arabica),Mill JUA
Arabica,kawacom uganda ltd,Uganda,Other,150,9000 kg,Uganda Coffee Development Authority,"May 19th, 2016",SL14,Washed / Wet,7.5,7.67,7.67,7.42,7.67,7.67,7.67,83.25,0.12,0,Green,1,1675.0,Alta (Arabica),Mill KAW
Arabica,bourbon specialty coffees,Brazil,Other,300,60 kg,Brazil Specialty Coffee Association,"January 12th, 2016",Bourbon,Natural / Dry,7.58,7.67,7.42,7.5,7.67,7.42,8.0,83.25,0.12,0,Green,4,1000.0,Media (Arabica),Origins BOU
Arabica,carcafe ltda ci,Colombia,huila,304,35 kg,Almacafé,"November 27th, 2015",Caturra,Natural / Dry,7.58,7.67,7.67,7.17,7.75,7.83,7.58,83.25,0.0,0,Green,2,442.0,Baja (Arabica),Mill CAR
Arabica,productos y servicios chilindron s.a. de c.v.,Mexico,Other,11,2 kg,Asociación Mexicana De Cafés y Cafeterías De Especialidad A.C.,"July 14th, 2015",Typica,Natural / Dry,7.83,7.75,7.5,7.58,7.58,7.58,7.42,83.25,0.12,0,Blue-Green,2,1261.0,Media (Arabica),Mill PRO
Arabica,"lin, che-hao krude 林哲豪",Taiwan,Other,10,15 kg,Specialty Coffee Association,"June 18th, 2015",Bourbon,Washed / Wet,7.67,7.5,7.5,7.5,7.67,7.83,7.58,83.25,0.1,0,Blue-Green,0,1000.0,Media (Arabica),Heritage LIN
Arabica,cqi taiwan icp cqi台灣合作夥伴,Taiwan,Other,10,60 kg,Blossom Valley International,"November 23rd, 2014",Typica,Washed / Wet,7.92,7.83,7.75,7.58,7.5,7.33,7.33,83.25,0.1,0,Green,0,800.0,Baja (Arabica),Select Harvest CQI
Arabica,compañia colombiana agroindustrial s.a,Colombia,Other,250,70 kg,Almacafé,"June 24th, 2014",Caturra,Natural / Dry,7.58,7.58,7.5,7.58,7.58,7.75,7.67,83.25,0.0,0,Green,0,1483.0,Media (Arabica),Heritage COM
Arabica,juan luis alvarado romero,Guatemala,antigua,26,69 kg,Asociacion Nacional Del Café,"March 7th, 2014",Caturra,Washed / Wet,7.5,7.67,7.58,7.67,7.67,7.5,7.67,83.25,0.1,0,Green,1,1500.0,Alta (Arabica),Mill JUA
Arabica,exportadora de cafe condor s.a,Colombia,huila,275,70 kg,Almacafé,"August 2nd, 2013",Caturra,Washed / Wet,7.83,7.5,7.67,7.33,7.67,7.67,7.58,83.25,0.11,0,Green,1,1750.0,Alta (Arabica),Heritage EXP
Arabica,calixto guillen vazquez,Mexico,chiapas,200,1 kg,AMECAFE,"March 29th, 2013",Bourbon,Washed / Wet,7.58,7.75,7.5,7.5,7.58,7.58,7.75,83.25,0.12,0,Green,6,1300.0,Media (Arabica),Origins CAL
Arabica,kona pacific farmers cooperative,United States (Hawaii),kona,11,100 lbs,Specialty Coffee Association,"March 21st, 2013",Hawaiian Kona,Natural / Dry,7.58,7.75,7.83,8.0,8.08,7.67,7.67,83.25,0.11,0,Blue-Green,4,157.93516800000003,Baja (Arabica),Private Reserve KON
Arabica,ernesto rodriguez luna,Mexico,veracruz,10,1 kg,AMECAFE,"August 1st, 2012",Mundo Novo,Washed / Wet,7.75,7.58,7.58,7.58,7.5,7.58,7.67,83.25,0.13,0,Green,7,1250.0,Media (Arabica),Private Reserve ERN
Arabica,modesto landeros flores,Mexico,Other,54,1 kg,AMECAFE,"July 11th, 2012",Caturra,Washed / Wet,7.75,7.75,7.42,7.92,7.33,7.5,7.58,83.25,0.12,0,Blue-Green,0,1000.0,Media (Arabica),Private Reserve MOD
Arabica,juan luis alvarado romero,Guatemala,oriente,250,1 kg,Asociacion Nacional Del Café,"July 9th, 2012",Bourbon,Washed / Wet,7.83,7.58,7.08,7.83,7.42,8.08,7.42,83.25,0.11,0,Green,9,399.4830720000001,Baja (Arabica),Mill JUA
Arabica,nucoffee,Brazil,Other,30,60 kg,NUCOFFEE,"February 23rd, 2012",Yellow Bourbon,Semi-Washed / Semi-Pulped,7.75,7.67,7.5,7.58,7.58,7.58,7.58,83.25,0.11,0,Blue-Green,1,1200.0,Media (Arabica),Heritage NUC
Arabica,exportadora de cafe condor s.a,Colombia,huila,250,70 kg,Almacafé,"February 22nd, 2012",Caturra,Washed / Wet,7.67,7.58,7.58,7.42,7.83,7.58,7.58,83.25,0.12,0,Green,1,175.0,Baja (Arabica),Heritage EXP
Arabica,racafe & cia s.c.a,Colombia,Other,175,70 kg,Almacafé,"February 9th, 2012",Caturra,Washed / Wet,7.67,7.67,7.5,7.5,7.58,7.67,7.67,83.25,0.11,0,Green,0,1775.0,Alta (Arabica),Heritage RAC
Arabica,exportadora de cafe condor s.a,Colombia,huila,250,70 kg,Almacafé,"June 14th, 2011",Caturra,Washed / Wet,7.92,7.75,7.25,7.42,7.83,7.58,7.5,83.25,0.08,0,Green,0,1700.0,Alta (Arabica),Heritage EXP
Arabica,exportadora de cafe condor s.a,Colombia,cauca,250,70 kg,Almacafé,"February 22nd, 2011",Caturra,Washed / Wet,8.0,7.67,7.67,7.25,7.67,7.5,7.5,83.25,0.13,0,Green,1,1880.0,Premium (Arabica),Heritage EXP
Arabica,exportadora de cafe condor s.a,Colombia,cundinamarca,250,70 kg,Almacafé,"January 17th, 2011",Caturra,Washed / Wet,7.92,7.75,7.5,7.42,7.42,7.67,7.58,83.25,0.04,0,Green,1,1800.0,Premium (Arabica),Heritage EXP
Arabica,ipanema coffees,Brazil,south of minas,320,60 kg,Brazil Specialty Coffee Association,"October 20th, 2017",Bourbon,Natural / Dry,7.67,7.42,7.5,7.58,7.67,7.58,7.75,83.17,0.11,0,Green,4,890.0,Baja (Arabica),Private Reserve IPA
Arabica,juan luis alvarado romero,Guatemala,oriente,275,69 kg,Asociacion Nacional Del Café,"August 24th, 2017",Bourbon,Washed / Wet,7.58,7.58,7.33,7.67,7.75,7.58,7.67,83.17,0.1,0,Green,1,1901.0,Premium (Arabica),Mill JUA
Arabica,taylor winch (t) ltd,"Tanzania, United Republic Of",Other,320,60 kg,Tanzanian Coffee Board,"June 20th, 2017",Bourbon,Washed / Wet,7.67,7.58,7.42,7.67,7.67,7.58,7.58,83.17,0.12,0,Green,3,168.0,Baja (Arabica),Heritage TAY
Arabica,andrea bernal,Peru,Other,200,13800 kg,Central De Organizaciones Productoras De Café y Cacao Del Perú - Central Café & Cacao,"June 16th, 2017",Caturra,Washed / Wet,7.92,7.5,7.5,7.58,7.67,7.5,7.5,83.17,0.11,0,Green,0,1300.0,Media (Arabica),Private Reserve AND
Arabica,"sunvirtue co., ltd.",Other,Other,1,2 kg,Specialty Coffee Association,"May 8th, 2017",Catimor,Natural / Dry,7.58,7.42,7.08,7.33,7.58,8.58,7.58,83.17,0.07,0,Green,0,1550.0,Alta (Arabica),Heritage SUN
Arabica,juan luis alvarado romero,Guatemala,antigua,250,1500 kg,Asociacion Nacional Del Café,"May 23rd, 2016",Caturra,Washed / Wet,7.67,7.75,7.42,7.75,7.58,7.5,7.5,83.17,0.11,2,Green,3,1500.0,Alta (Arabica),Mill JUA
Arabica,cadexsa,Honduras,marcala,275,69 kg,Instituto Hondureño del Café,"May 2nd, 2016",Catuai,Washed / Wet,7.67,7.67,7.5,7.67,7.5,7.67,7.5,83.17,0.11,0,Blue-Green,1,1450.0,Media (Arabica),Select Harvest CAD
Arabica,yunnan coffee exchange,China,yunnan,3,60 kg,Yunnan Coffee Exchange,"April 6th, 2016",Catimor,Washed / Wet,7.5,7.67,7.33,7.67,7.67,7.67,7.67,83.17,0.11,0,Green,0,1200.0,Media (Arabica),Private Reserve YUN
Arabica,yunnan coffee exchange,China,Other,3,60 kg,Yunnan Coffee Exchange,"April 5th, 2016",Catimor,Washed / Wet,7.67,7.67,7.5,7.67,7.42,7.58,7.67,83.17,0.1,0,Green,3,1600.0,Alta (Arabica),Private Reserve YUN
Arabica,consejo salvadoreño del café,El Salvador,Other,275,69 kg,Salvadoran Coffee Council,"March 29th, 2016",Bourbon,Washed / Wet,7.5,7.5,7.33,7.67,8.0,7.67,7.5,83.17,0.0,0,Green,0,1350.0,Media (Arabica),Heritage CON
Arabica,juan luis alvarado romero,Guatemala,antigua,150,69 kg,Asociacion Nacional Del Café,"October 29th, 2015",Bourbon,Washed / Wet,7.5,7.75,7.5,7.83,7.58,7.5,7.5,83.17,0.11,0,Green,1,1500.0,Alta (Arabica),Mill JUA
Arabica,juan luis alvarado romero,Guatemala,oriente,100,69 kg,Asociacion Nacional Del Café,"September 29th, 2015",Bourbon,Washed / Wet,7.92,7.67,7.42,7.75,7.5,7.5,7.42,83.17,0.12,0,Green,3,1650.0,Alta (Arabica),Mill JUA
Arabica,taylor winch (coffee) ltd.,Kenya,Other,300,2 kg,Kenya Coffee Traders Association,"July 3rd, 2015",SL28,Washed / Wet,7.83,7.75,7.67,7.75,7.83,8.5,7.83,83.17,0.1,0,Blue-Green,1,250.5,Baja (Arabica),Heritage TAY
Arabica,doi tung development project,Thailand,thailand,1,1 kg,Specialty Coffee Association,"June 9th, 2015",Caturra,Washed / Wet,7.67,7.58,7.58,7.75,7.42,7.67,7.5,83.17,0.12,0,Blue-Green,0,800.0,Baja (Arabica),Origins DOI
Arabica,tutunze kahawa ltd,"Tanzania, United Republic Of",Other,180,60 kg,Africa Fine Coffee Association,"December 12th, 2014",Other,Washed / Wet,7.58,7.67,7.67,7.58,7.42,7.58,7.67,83.17,0.13,0,Blue-Green,6,1653.0,Alta (Arabica),Private Reserve TUT
Arabica,racafe & cia s.c.a,Colombia,huila,232,70 kg,Almacafé,"November 5th, 2014",Caturra,Washed / Wet,7.58,7.5,7.5,7.67,7.5,7.67,7.75,83.17,0.0,0,Green,4,1775.0,Alta (Arabica),Heritage RAC
Arabica,kabum trading company,Uganda,Other,84,60 kg,Uganda Coffee Development Authority,"October 28th, 2014",SL14,Washed / Wet,8.0,7.67,7.5,7.42,7.33,7.58,7.67,83.17,0.1,0,Blue-Green,0,1800.0,Premium (Arabica),Origins KAB
Arabica,cafe politico,Colombia,Other,1,4 lbs,Specialty Coffee Association,"August 25th, 2014",Caturra,Washed / Wet,7.58,7.75,7.5,7.58,7.58,7.58,7.58,83.17,0.11,10,Green,3,1750.0,Alta (Arabica),Select Harvest CAF
Arabica,mayra yessenia torres,Honduras,san marcos,275,1 kg,Instituto Hondureño del Café,"April 12th, 2014",Catuai,Natural / Dry,7.5,7.5,7.5,7.67,7.67,7.67,7.67,83.17,0.1,0,Green,5,1450.0,Media (Arabica),Private Reserve MAY
Arabica,Desconocido,Honduras,comayagua,275,1 kg,Instituto Hondureño del Café,"April 8th, 2014",Caturra,Natural / Dry,7.67,7.67,7.5,7.67,7.5,7.67,7.5,83.17,0.11,0,Green,3,1350.0,Media (Arabica),Private Reserve DES
Arabica,juan luis alvarado romero,Guatemala,san marcos,200,69 kg,Asociacion Nacional Del Café,"March 27th, 2014",Catuai,Washed / Wet,7.33,7.83,7.17,8.17,7.33,7.67,7.67,83.17,0.09,0,Green,1,464.5152000000001,Baja (Arabica),Mill JUA
Arabica,eileen koyanagi,United States (Hawaii),kona,6,100 lbs,Specialty Coffee Association,"February 7th, 2014",Hawaiian Kona,Natural / Dry,7.5,7.5,7.58,7.42,7.92,7.67,7.58,83.17,0.11,0,Blue-Green,0,157.93516800000003,Baja (Arabica),Select Harvest EIL
Arabica,balam hinyula,"Tanzania, United Republic Of",Other,300,1 kg,Tanzanian Coffee Board,"January 31st, 2014",Bourbon,Washed / Wet,7.58,7.5,7.58,7.75,7.58,7.58,7.58,83.17,0.12,0,Green,1,1800.0,Premium (Arabica),Private Reserve BAL
Arabica,juan luis alvarado romero,Guatemala,oriente,250,69 kg,Asociacion Nacional Del Café,"April 26th, 2013",Bourbon,Washed / Wet,7.67,7.83,7.33,7.67,7.5,7.67,7.5,83.17,0.11,0,Green,2,399.4830720000001,Baja (Arabica),Mill JUA
Arabica,nestor mendez gomez,Mexico,chiapas,45,1 kg,AMECAFE,"March 29th, 2013",Typica,Washed / Wet,7.75,7.58,7.58,7.58,7.5,7.42,7.75,83.17,0.11,0,Green,2,1500.0,Alta (Arabica),Private Reserve NES
Arabica,saul m. hernandez ramirez,Mexico,Other,10,1 kg,AMECAFE,"September 27th, 2012",Typica,Washed / Wet,7.75,7.67,7.58,7.5,7.42,7.58,7.67,83.17,0.12,3,Green,8,532.0,Baja (Arabica),Origins SAU
Arabica,saul m. hernandez ramirez,Mexico,Other,10,1 kg,AMECAFE,"September 27th, 2012",Other,Washed / Wet,7.58,7.75,7.42,7.67,7.5,7.58,7.67,83.17,0.14,0,Green,10,1089.0,Media (Arabica),Origins SAU
Arabica,racafe & cia s.c.a,Colombia,huila,275,70 kg,Almacafé,"August 31st, 2012",Caturra,Washed / Wet,7.67,7.5,7.5,7.5,7.58,8.17,7.25,83.17,0.11,1,Green,2,1775.0,Alta (Arabica),Heritage RAC
Arabica,fernando mendoza aparicio,Mexico,Other,15,1 kg,AMECAFE,"July 11th, 2012",Typica,Washed / Wet,7.75,7.5,7.42,7.75,7.58,7.58,7.58,83.17,0.13,0,Green,5,700.0,Baja (Arabica),Select Harvest FER
Arabica,exportadora de cafe condor s.a,Colombia,huila,250,70 kg,Almacafé,"June 8th, 2012",Caturra,Washed / Wet,7.58,7.67,7.5,7.58,7.67,7.67,7.5,83.17,0.11,0,Blue-Green,0,1750.0,Alta (Arabica),Heritage EXP
Arabica,alfredo bojalil,Mexico,la concordia,250,1 kg,AMECAFE,"June 6th, 2012",Typica,Washed / Wet,7.5,7.75,7.58,7.58,7.67,7.5,7.58,83.17,0.11,0,Green,5,1380.0,Media (Arabica),Origins ALF
Arabica,nucoffee,Brazil,south of minas,50,60 kg,NUCOFFEE,"March 19th, 2012",Mundo Novo,Natural / Dry,7.75,7.67,7.58,7.5,7.58,7.58,7.5,83.17,0.12,0,Green,1,1000.0,Media (Arabica),Heritage NUC
Arabica,nucoffee,Brazil,Other,100,60 kg,NUCOFFEE,"February 17th, 2012",Mundo Novo,Natural / Dry,7.92,7.58,7.5,7.58,7.42,7.5,7.67,83.17,0.11,0,Green,4,950.0,Baja (Arabica),Heritage NUC
Arabica,felipe isaza,Guatemala,oriente,250,2 kg,Specialty Coffee Association,"February 1st, 2012",Bourbon,Washed / Wet,7.75,7.5,7.67,7.5,7.92,8.0,7.5,83.17,0.0,0,Green,10,427.353984,Baja (Arabica),Private Reserve FEL
Arabica,nucoffee,Brazil,south of minas,25,60 kg,NUCOFFEE,"December 3rd, 2011",Mundo Novo,Semi-Washed / Semi-Pulped,7.75,7.5,7.58,7.5,7.75,7.5,7.58,83.17,0.12,0,Blue-Green,3,1000.0,Media (Arabica),Heritage NUC
Arabica,nucoffee,Brazil,south of minas,90,60 kg,NUCOFFEE,"October 28th, 2011",Bourbon,Natural / Dry,7.58,7.75,7.67,7.5,7.67,7.58,7.42,83.17,0.02,0,Green,2,900.0,Baja (Arabica),Heritage NUC
Arabica,the coffee source inc.,El Salvador,Other,250,69 kg,Specialty Coffee Association,"August 23rd, 2011",Bourbon,Washed / Wet,7.42,7.83,8.17,8.08,7.17,7.58,7.58,83.17,0.14,0,Green,3,1200.0,Media (Arabica),Origins THE
Arabica,ethiopia commodity exchange,Ethiopia,Other,300,6,Ethiopia Commodity Exchange,"June 16th, 2010",Other,Natural / Dry,7.75,8.0,7.67,8.08,7.83,7.92,7.92,83.17,0.01,0,Green,0,1850.0,Premium (Arabica),Select Harvest ETH
Arabica,carcafe ltda ci,Colombia,cundinamarca,275,70 kg,Almacafé,"February 20th, 2017",Caturra,Washed / Wet,7.58,7.67,7.33,7.67,7.75,7.58,7.5,83.08,0.0,0,Green,4,1799.0,Alta (Arabica),Mill CAR
Arabica,racafe & cia s.c.a,Colombia,huila,275,70 kg,Almacafé,"January 10th, 2017",Caturra,Washed / Wet,7.75,7.5,7.5,7.42,8.0,7.75,7.17,83.08,0.0,1,Green,5,1750.0,Alta (Arabica),Heritage RAC
Arabica,ipanema coffees,Brazil,south of minas,320,60 kg,Brazil Specialty Coffee Association,"April 25th, 2016",Yellow Bourbon,Pulped Natural / Honey,7.58,7.58,7.58,7.5,7.67,7.58,7.58,83.08,0.11,0,Blue-Green,2,905.0,Baja (Arabica),Private Reserve IPA
Arabica,ipanema coffees,Brazil,south of minas,320,2 kg,Brazil Specialty Coffee Association,"October 8th, 2015",Yellow Bourbon,Natural / Dry,7.33,7.67,7.67,7.33,7.75,7.42,7.92,83.08,0.0,0,Green,3,1.0,Baja (Arabica),Private Reserve IPA
Arabica,"lin, che-hao krude 林哲豪",Taiwan,"dongshan dist., tainan city 臺南市東山區",20,60 kg,Specialty Coffee Association,"May 19th, 2015",Typica,Natural / Dry,7.83,7.92,7.5,7.83,7.67,7.25,7.75,83.08,0.0,0,Green,0,750.0,Baja (Arabica),Heritage LIN
Arabica,bourbon specialty coffees,Brazil,Other,300,60 kg,Brazil Specialty Coffee Association,"April 20th, 2015",Mundo Novo,Natural / Dry,7.42,7.67,7.58,7.5,7.75,7.67,7.5,83.08,0.11,0,Green,13,1000.0,Media (Arabica),Origins BOU
Arabica,ipanema coffees,Brazil,south of minas,300,2 kg,Specialty Coffee Association,"October 16th, 2014",Bourbon,Washed / Wet,7.58,7.83,7.67,7.42,7.42,7.5,7.67,83.08,0.0,0,Green,1,1200.0,Media (Arabica),Private Reserve IPA
Arabica,eric thormaehlen,Costa Rica,Other,250,1 kg,Specialty Coffee Association of Costa Rica,"July 15th, 2014",Catuai,Washed / Wet,7.83,7.33,7.5,7.67,7.58,7.67,7.5,83.08,0.1,0,Green,3,1300.0,Media (Arabica),Heritage ERI
Arabica,eileen koyanagi,United States (Hawaii),kona,16,100 lbs,Specialty Coffee Association,"February 19th, 2014",Hawaiian Kona,Natural / Dry,7.33,7.75,7.58,7.33,7.83,7.67,7.58,83.08,0.12,0,Blue-Green,8,157.93516800000003,Baja (Arabica),Select Harvest EIL
Arabica,cqi taiwan icp cqi台灣合作夥伴,Taiwan,Other,50,30 kg,Blossom Valley International,"December 26th, 2013",Typica,Other,7.75,7.75,7.5,7.5,7.5,7.5,7.58,83.08,0.11,0,Green,0,1300.0,Media (Arabica),Select Harvest CQI
Arabica,kona pacific farmers cooperative,United States (Hawaii),kona,6,100 lbs,Specialty Coffee Association,"March 8th, 2013",Hawaiian Kona,Natural / Dry,7.83,7.83,7.33,7.17,7.75,7.67,7.5,83.08,0.1,0,Blue-Green,0,157.93516800000003,Baja (Arabica),Private Reserve KON
Arabica,maria luisa del carmen rojas narvaez,Mexico,Other,10,1 kg,AMECAFE,"June 6th, 2012",Other,Washed / Wet,7.75,7.67,7.42,7.75,7.5,7.5,7.5,83.08,0.1,0,Green,1,1400.0,Media (Arabica),Heritage MAR
Arabica,kona pacific farmers cooperative,United States (Hawaii),kona,7,100 lbs,Specialty Coffee Association,"April 6th, 2012",Hawaiian Kona,Natural / Dry,7.67,7.58,7.5,7.67,7.92,8.0,8.08,83.08,0.0,1,Blue-Green,4,157.93516800000003,Baja (Arabica),Private Reserve KON
Arabica,kona pacific farmers cooperative,United States (Hawaii),kona,6,100 lbs,Specialty Coffee Association,"February 23rd, 2012",Hawaiian Kona,Washed / Wet,7.33,7.58,7.58,7.92,7.67,7.58,7.42,83.08,0.12,0,Green,0,157.93516800000003,Baja (Arabica),Private Reserve KON
Arabica,racafe & cia s.c.a,Colombia,huila,275,70 kg,Almacafé,"July 29th, 2011",Caturra,Washed / Wet,7.33,7.33,7.33,7.58,7.25,8.08,8.17,83.08,0.01,0,Green,0,1775.0,Alta (Arabica),Heritage RAC
Arabica,exportadora de cafe condor s.a,Colombia,cauca,250,70 kg,Almacafé,"February 22nd, 2011",Caturra,Washed / Wet,7.83,7.75,7.33,7.25,7.42,7.92,7.58,83.08,0.08,1,Green,3,1880.0,Premium (Arabica),Heritage EXP
Arabica,specialty coffee association of indonesia,Indonesia,Other,10,60 kg,Specialty Coffee Association of Indonesia,"November 29th, 2010",Other,Washed / Wet,7.67,7.58,7.5,7.58,7.67,7.58,7.5,83.08,0.0,0,Blue-Green,0,1350.0,Media (Arabica),Select Harvest SPE
Arabica,chris finch,Guatemala,Other,275,69 kg,Specialty Coffee Association,"November 11th, 2010",Bourbon,Washed / Wet,7.92,7.67,7.67,7.25,7.83,7.67,7.75,83.08,0.02,0,Green,1,431.999136,Baja (Arabica),Private Reserve CHR
Arabica,ipanema coffees,Brazil,south of minas,320,60 kg,Brazil Specialty Coffee Association,"October 20th, 2017",Bourbon,Natural / Dry,7.58,7.5,7.5,7.75,7.67,7.5,7.5,83.0,0.0,0,Green,4,890.0,Baja (Arabica),Private Reserve IPA
Arabica,ipanema coffees,Brazil,south of minas,320,60 kg,Brazil Specialty Coffee Association,"August 16th, 2016",Bourbon,Natural / Dry,7.5,7.58,7.58,7.67,7.58,7.5,7.58,83.0,0.11,0,Green,5,894.0,Baja (Arabica),Private Reserve IPA
Arabica,ipanema coffees,Brazil,south of minas,320,60 kg,Brazil Specialty Coffee Association,"August 16th, 2016",Bourbon,Natural / Dry,7.5,7.67,7.58,7.67,7.58,7.42,7.58,83.0,0.11,0,Blue-Green,3,872.0,Baja (Arabica),Private Reserve IPA
Arabica,ucfa,Uganda,Other,310,60 kg,Uganda Coffee Development Authority,"July 18th, 2016",Bourbon,Washed / Wet,7.67,7.58,7.42,7.42,7.83,7.5,7.58,83.0,0.12,0,Green,6,1473.0,Media (Arabica),Private Reserve UCF
Arabica,ucfa,Uganda,Other,325,60 kg,Uganda Coffee Development Authority,"July 18th, 2016",Bourbon,Natural / Dry,7.67,7.67,7.5,7.58,7.42,7.5,7.67,83.0,0.12,0,Green,8,1645.0,Alta (Arabica),Private Reserve UCF
Arabica,carcafe ltda ci,Colombia,huila,25,70 kg,Almacafé,"February 11th, 2016",Caturra,Washed / Wet,7.67,7.67,7.33,7.67,7.5,7.58,7.58,83.0,0.11,0,Green,4,442.0,Baja (Arabica),Mill CAR
Arabica,"sunvirtue co., ltd.",Other,Other,2,2 kg,Specialty Coffee Association,"December 28th, 2015",Caturra,Other,7.75,7.67,7.58,7.58,7.42,7.67,8.0,83.0,0.0,0,Green,0,1550.0,Alta (Arabica),Heritage SUN
Arabica,juan luis alvarado romero,Guatemala,Other,275,69 kg,Asociacion Nacional Del Café,"July 8th, 2015",Catuai,Washed / Wet,7.67,7.75,7.33,7.92,7.42,7.5,7.42,83.0,0.11,0,Green,3,1550.0,Alta (Arabica),Mill JUA
Arabica,juan luis alvarado romero,Guatemala,Other,200,69 kg,Asociacion Nacional Del Café,"June 5th, 2015",Catuai,Washed / Wet,7.75,7.67,7.33,7.75,7.5,7.42,7.58,83.0,0.11,0,Green,2,418.06368,Baja (Arabica),Mill JUA
Arabica,juan luis alvarado romero,Guatemala,antigua,250,69 kg,Asociacion Nacional Del Café,"April 23rd, 2015",Bourbon,Washed / Wet,7.83,7.67,7.25,7.67,7.75,7.5,7.33,83.0,0.11,0,Green,2,1500.0,Alta (Arabica),Mill JUA
Arabica,irene alves santos,Brazil,Other,305,2 kg,Brazil Specialty Coffee Association,"February 13th, 2015",Catuai,Natural / Dry,7.67,7.67,7.67,7.5,7.42,7.5,7.58,83.0,0.0,0,Green,0,1000.0,Media (Arabica),Origins IRE
Arabica,cqi taiwan icp cqi台灣合作夥伴,Taiwan,Other,10,60 kg,Blossom Valley International,"November 23rd, 2014",Typica,Washed / Wet,7.92,7.92,7.83,7.58,7.33,7.25,7.17,83.0,0.08,0,Green,0,1200.0,Media (Arabica),Select Harvest CQI
Arabica,star cafe ltd,Uganda,Other,300,60 kg,Uganda Coffee Development Authority,"June 26th, 2014",SL14,Washed / Wet,7.83,7.58,7.5,7.5,7.58,7.5,7.5,83.0,0.12,0,Green,0,1800.0,Premium (Arabica),Mill STA
Arabica,german negron,Other,Other,17,5 lbs,Specialty Coffee Association,"June 9th, 2014",Other,Washed / Wet,7.67,7.5,7.67,7.83,7.75,7.83,7.42,83.0,0.0,0,Blue-Green,0,260.12851200000006,Baja (Arabica),Origins GER
Arabica,juan luis alvarado romero,Guatemala,antigua,26,69 kg,Asociacion Nacional Del Café,"March 7th, 2014",Bourbon,Washed / Wet,7.67,7.67,7.42,7.83,7.5,7.5,7.42,83.0,0.1,1,Green,0,1500.0,Alta (Arabica),Mill JUA
Arabica,eric thormaehlen,Costa Rica,Other,250,1 kg,Specialty Coffee Association of Costa Rica,"February 14th, 2014",Catuai,Washed / Wet,7.67,7.58,7.5,7.58,7.5,7.5,7.67,83.0,0.11,0,Green,3,1200.0,Media (Arabica),Heritage ERI
Arabica,jacques pereira carneiro,Brazil,Other,250,2 kg,Specialty Coffee Association,"January 2nd, 2014",Yellow Bourbon,Semi-Washed / Semi-Pulped,7.75,7.58,7.42,7.67,7.42,7.67,7.5,83.0,0.12,0,Blue-Green,4,1250.0,Media (Arabica),Select Harvest JAC
Arabica,racafe & cia s.c.a,Colombia,huila,120,70 kg,Almacafé,"November 7th, 2013",Caturra,Washed / Wet,7.75,7.42,7.33,7.5,7.58,7.17,8.25,83.0,0.11,1,Green,1,1775.0,Alta (Arabica),Heritage RAC
Arabica,exportadora de cafe condor s.a,Colombia,huila,250,70 kg,Almacafé,"August 2nd, 2013",Caturra,Washed / Wet,7.83,7.5,7.58,7.33,7.5,7.67,7.58,83.0,0.0,0,Green,0,1750.0,Alta (Arabica),Heritage EXP
Arabica,carcafe ltda ci,Colombia,Other,250,70 kg,Almacafé,"March 15th, 2013",Caturra,Natural / Dry,7.33,7.67,7.75,7.42,7.75,7.58,7.5,83.0,0.11,0,Green,1,1000.0,Media (Arabica),Mill CAR
Arabica,carcafe ltda ci,Colombia,Other,250,70 kg,Almacafé,"April 26th, 2013",Caturra,Natural / Dry,7.58,7.75,7.42,7.67,7.58,7.42,7.58,83.0,0.0,0,Green,2,1000.0,Media (Arabica),Mill CAR
Arabica,racafe & cia s.c.a,Colombia,huila,275,70 kg,Almacafé,"October 23rd, 2012",Caturra,Washed / Wet,7.5,7.5,7.42,7.58,7.75,7.58,7.67,83.0,0.11,1,Green,2,1775.0,Alta (Arabica),Heritage RAC
Arabica,rosa aurora falcon fernandez,Mexico,coatepec,15,1 kg,AMECAFE,"July 26th, 2012",Typica,Washed / Wet,7.67,7.58,7.42,7.5,7.67,7.58,7.58,83.0,0.11,0,Green,20,750.0,Baja (Arabica),Select Harvest ROS
Arabica,santiago solis ayerdi,Mexico,Other,20,1 kg,AMECAFE,"July 26th, 2012",Typica,Semi-Washed / Semi-Pulped,7.67,7.83,7.5,7.58,7.58,7.67,7.83,83.0,0.11,0,Green,7,1200.0,Media (Arabica),Origins SAN
Arabica,alfredo bojalil,Mexico,coatepec,250,1 kg,AMECAFE,"July 11th, 2012",Bourbon,Washed / Wet,7.5,7.67,7.5,7.5,7.58,7.58,7.67,83.0,0.11,5,Green,8,1200.0,Media (Arabica),Origins ALF
Arabica,exportadora de cafe condor s.a,Colombia,Other,250,70 kg,Almacafé,"May 22nd, 2012",Other,Natural / Dry,7.67,7.58,7.5,7.5,7.75,7.5,7.5,83.0,0.0,1,Green,4,1750.0,Alta (Arabica),Heritage EXP
Arabica,exportadora de cafe condor s.a,Colombia,huila,250,70 kg,Almacafé,"May 11th, 2012",Caturra,Washed / Wet,7.75,7.58,7.5,7.67,7.83,7.75,7.58,83.0,0.0,0,Green,4,1625.0,Alta (Arabica),Heritage EXP
Arabica,exportadora de cafe condor s.a,Colombia,huila,250,70 kg,Almacafé,"June 8th, 2012",Caturra,Washed / Wet,7.67,7.58,7.58,7.58,7.67,7.42,7.5,83.0,0.11,0,Green,0,1750.0,Alta (Arabica),Heritage EXP
Arabica,juan luis alvarado romero,Guatemala,Other,275,1 kg,Asociacion Nacional Del Café,"April 27th, 2012",Bourbon,Washed / Wet,7.5,7.67,7.5,7.67,7.5,7.83,7.33,83.0,0.1,0,Green,2,418.06368,Baja (Arabica),Mill JUA
Arabica,racafe & cia s.c.a,Colombia,Other,121,1 kg,Almacafé,"December 2nd, 2011",Caturra,Washed / Wet,7.67,7.67,7.58,7.5,7.67,7.42,7.5,83.0,0.12,0,Blue-Green,0,1775.0,Alta (Arabica),Heritage RAC
Arabica,doi tung development project,Thailand,Other,1,60 kg,Specialty Coffee Association,"August 16th, 2011",Caturra,Washed / Wet,7.33,7.67,7.58,7.5,7.75,7.67,7.5,83.0,0.28,0,Blue-Green,0,800.0,Baja (Arabica),Origins DOI
Arabica,racafe & cia s.c.a,Colombia,cauca,300,70 kg,Almacafé,"May 12th, 2011",Caturra,Washed / Wet,7.33,7.67,7.58,7.33,7.58,7.92,7.58,83.0,0.08,0,Green,1,1450.0,Media (Arabica),Heritage RAC
Arabica,kona pacific farmers cooperative,United States (Hawaii),Other,23,100 lbs,Specialty Coffee Association,"April 21st, 2011",Hawaiian Kona,Natural / Dry,7.83,7.83,7.67,7.83,7.92,7.83,8.08,83.0,0.0,0,Blue-Green,0,157.93516800000003,Baja (Arabica),Private Reserve KON
Arabica,kona pacific farmers cooperative,United States (Hawaii),Other,5,100 lbs,Specialty Coffee Association,"March 9th, 2011",Hawaiian Kona,Natural / Dry,7.5,7.58,7.42,7.58,7.58,7.67,7.67,83.0,0.0,0,Blue-Green,1,157.93516800000003,Baja (Arabica),Private Reserve KON
Arabica,exportadora de cafe condor s.a,Colombia,huila,250,70 kg,Almacafé,"February 1st, 2011",Caturra,Washed / Wet,7.5,7.58,7.67,7.67,7.58,7.58,7.42,83.0,0.06,0,Green,2,1800.0,Premium (Arabica),Heritage EXP
Arabica,grounds for health admin,Nicaragua,Other,2,6,Specialty Coffee Association,"May 31st, 2010",Caturra,Washed / Wet,7.58,7.83,7.75,7.92,7.92,8.08,7.92,83.0,0.07,0,Green,0,1100.0,Media (Arabica),Mill GRO
Arabica,doi tung development project,Thailand,Other,1,1 lbs,Specialty Coffee Association,"April 13th, 2010",Caturra,Washed / Wet,7.5,7.25,7.42,7.75,8.17,7.5,7.42,83.0,0.0,0,Blue-Green,0,800.0,Baja (Arabica),Origins DOI
Arabica,ipanema coffees,Brazil,south of minas,320,60 kg,Brazil Specialty Coffee Association,"October 20th, 2017",Bourbon,Natural / Dry,7.67,7.58,7.5,7.58,7.58,7.5,7.5,82.92,0.0,0,Green,0,890.0,Baja (Arabica),Private Reserve IPA
Arabica,consejo salvadoreño del café,El Salvador,Other,100,69 kg,Salvadoran Coffee Council,"August 28th, 2017",Bourbon,Washed / Wet,7.5,7.5,7.75,7.58,7.92,7.83,7.5,82.92,0.0,0,Green,1,1350.0,Media (Arabica),Heritage CON
Arabica,racafe & cia s.c.a,Colombia,Other,129,70 kg,Almacafé,"July 7th, 2017",Caturra,Washed / Wet,7.58,7.67,7.5,7.33,7.67,7.58,7.58,82.92,0.11,0,Green,1,1500.0,Alta (Arabica),Heritage RAC
Arabica,"lin, che-hao krude 林哲豪",Taiwan,"dongshan dist., tainan city 臺南市東山區",10,20 kg,Specialty Coffee Association,"June 28th, 2016",Caturra,Natural / Dry,7.17,7.83,7.25,7.67,7.67,7.58,7.75,82.92,0.09,31,Green,0,350.0,Baja (Arabica),Heritage LIN
Arabica,cqi taiwan icp cqi台灣合作夥伴,Ethiopia,Other,250,60 kg,Blossom Valley International,"February 26th, 2016",Other,Washed / Wet,7.58,7.58,7.5,7.5,7.58,7.58,7.58,82.92,0.0,1,Blue-Green,20,2000.0,Premium (Arabica),Select Harvest CQI
Arabica,cqi taiwan icp cqi台灣合作夥伴,Taiwan,Other,11,2 kg,Blossom Valley International,"September 7th, 2015",Typica,Natural / Dry,7.5,7.58,7.67,7.33,7.5,7.75,7.58,82.92,0.0,0,Green,9,775.0,Baja (Arabica),Select Harvest CQI
Arabica,renee a. perrine,Other,Other,250,2 kg,Torch Coffee Lab Yunnan,"July 31st, 2015",Other,Washed / Wet,7.58,7.58,7.67,7.58,7.5,7.5,7.5,82.92,0.11,0,Blue-Green,1,1200.0,Media (Arabica),Heritage REN
Arabica,zarah zamora perez,Other,Other,4,2 kg,Specialty Coffee Association,"July 21st, 2015",Other,Washed / Wet,8.08,7.5,7.67,7.42,7.33,7.5,7.42,82.92,0.0,0,Blue-Green,0,1600.0,Alta (Arabica),Private Reserve ZAR
Arabica,productos y servicios chilindron s.a. de c.v.,Mexico,Other,11,2 kg,Asociación Mexicana De Cafés y Cafeterías De Especialidad A.C.,"July 14th, 2015",Typica,Natural / Dry,7.83,7.67,7.25,7.58,7.5,7.5,7.58,82.92,0.13,0,Blue-Green,3,1059.0,Media (Arabica),Mill PRO
Arabica,andrew bowman,Mexico,chiapas,275,2 kg,Specialty Coffee Association,"June 11th, 2015",Bourbon,Washed / Wet,7.75,7.67,7.42,7.42,7.75,7.5,7.42,82.92,0.12,2,Blue-Green,8,1300.0,Media (Arabica),Mill AND
Arabica,kawacom uganda ltd,Uganda,Other,1,60 kg,Uganda Coffee Development Authority,"June 27th, 2014",SL14,Washed / Wet,8.0,7.5,7.5,7.58,7.33,7.42,7.58,82.92,0.12,0,Green,0,1650.0,Alta (Arabica),Mill KAW
Arabica,nyapea coffee farmers association,Uganda,Other,1,60 kg,Uganda Coffee Development Authority,"June 27th, 2014",SL14,Washed / Wet,7.75,7.58,7.58,7.5,7.5,7.5,7.5,82.92,0.12,0,Green,4,1400.0,Media (Arabica),Heritage NYA
Arabica,juan luis alvarado romero,Guatemala,antigua,250,69 kg,Asociacion Nacional Del Café,"April 3rd, 2014",Bourbon,Washed / Wet,7.75,7.5,7.42,7.58,7.67,7.5,7.5,82.92,0.1,0,Green,1,1500.0,Alta (Arabica),Mill JUA
Arabica,juan luis alvarado romero,Guatemala,antigua,26,69 kg,Asociacion Nacional Del Café,"March 7th, 2014",Caturra,Natural / Dry,7.67,7.83,7.42,7.5,7.33,7.5,7.67,82.92,0.1,0,Green,2,1500.0,Alta (Arabica),Mill JUA
Arabica,rob tuttle,Guatemala,Other,1,2 kg,Specialty Coffee Association,"December 27th, 2013",Bourbon,Washed / Wet,7.58,7.58,7.25,7.58,7.58,7.58,7.75,82.92,0.1,0,Green,4,431.999136,Baja (Arabica),Heritage ROB
Arabica,racafe & cia s.c.a,Colombia,huila,250,70 kg,Almacafé,"September 13th, 2013",Caturra,Washed / Wet,7.58,7.5,7.75,7.33,7.58,7.58,7.58,82.92,0.11,0,Green,2,1900.0,Premium (Arabica),Heritage RAC
Arabica,exportadora de cafe condor s.a,Colombia,huila,250,70 kg,Almacafé,"March 20th, 2013",Caturra,Natural / Dry,7.75,7.5,7.25,7.5,7.75,7.5,7.67,82.92,0.0,0,Blue-Green,0,1750.0,Alta (Arabica),Heritage EXP
Arabica,juan luis alvarado romero,Guatemala,huehuetenango,250,69 kg,Asociacion Nacional Del Café,"March 11th, 2013",Bourbon,Washed / Wet,7.83,7.75,7.25,7.92,7.5,7.17,7.5,82.92,0.11,0,Green,2,520.2570240000001,Baja (Arabica),Mill JUA
Arabica,olam agro colombia,Colombia,Other,250,70 kg,Almacafé,"January 22nd, 2013",Other,Washed / Wet,7.83,7.67,7.42,7.42,7.5,7.58,7.5,82.92,0.11,3,Green,5,1450.0,Media (Arabica),Private Reserve OLA
Arabica,maria guadalupe gomez anzo,Mexico,Other,15,1 kg,AMECAFE,"July 26th, 2012",Typica,Natural / Dry,7.58,7.58,7.33,7.25,7.58,7.75,7.83,82.92,0.1,0,Green,4,1248.0,Media (Arabica),Private Reserve MAR
Arabica,royal base corporation,Other,Other,1,2 kg,Specialty Coffee Association,"July 20th, 2012",Other,Natural / Dry,7.67,7.33,7.17,7.58,8.08,7.42,7.67,82.92,0.0,0,Green,17,1040.0,Media (Arabica),Select Harvest ROY
Arabica,veronica lopez castillejos,Mexico,Other,100,1 kg,AMECAFE,"March 5th, 2012",Typica,Washed / Wet,8.0,7.92,7.67,7.17,7.67,7.42,7.75,82.92,0.14,1,Green,4,1400.0,Media (Arabica),Origins VER
Arabica,kona pacific farmers cooperative,United States (Hawaii),kona,8,100 lbs,Specialty Coffee Association,"February 23rd, 2012",Hawaiian Kona,Washed / Wet,7.5,7.5,7.5,7.42,7.67,7.83,7.5,82.92,0.1,0,Green,0,157.93516800000003,Baja (Arabica),Private Reserve KON
Arabica,racafe & cia s.c.a,Colombia,cauca,250,70 kg,Almacafé,"July 19th, 2011",Caturra,Washed / Wet,7.5,7.75,7.33,7.75,7.08,7.83,7.67,82.92,0.15,0,Green,0,1450.0,Media (Arabica),Heritage RAC
Arabica,doi tung development project,Thailand,Other,2,1 lbs,Specialty Coffee Association,"April 13th, 2010",Caturra,Washed / Wet,7.42,7.58,7.5,7.17,7.5,8.0,7.75,82.92,0.0,0,Blue-Green,0,800.0,Baja (Arabica),Origins DOI
Arabica,jungle estate,Kenya,Other,27,50 kg,Kenya Coffee Traders Association,"October 13th, 2017",SL28,Washed / Wet,7.75,7.58,7.42,7.58,7.5,7.5,7.5,82.83,0.1,0,Green,3,1754.0,Alta (Arabica),Private Reserve JUN
Arabica,juan luis alvarado romero,Guatemala,san marcos,50,69 kg,Asociacion Nacional Del Café,"June 22nd, 2017",Bourbon,Washed / Wet,7.5,7.58,7.33,7.67,7.58,7.58,7.58,82.83,0.11,1,Green,2,1700.0,Alta (Arabica),Mill JUA
Arabica,ipanema coffees,Brazil,south of minas,320,60 kg,Brazil Specialty Coffee Association,"February 6th, 2017",Yellow Bourbon,Pulped Natural / Honey,7.67,7.58,7.58,7.5,7.5,7.42,7.58,82.83,0.11,0,Blue-Green,2,905.0,Baja (Arabica),Private Reserve IPA
Arabica,consejo salvadoreño del café,El Salvador,Other,275,69 kg,Salvadoran Coffee Council,"April 8th, 2016",Pacas,Washed / Wet,7.33,7.67,7.67,7.83,7.33,7.67,7.33,82.83,0.0,0,Green,4,1250.0,Media (Arabica),Heritage CON
Arabica,samuel muhirwa,Other,Other,150,60 kg,Specialty Coffee Association,"March 25th, 2016",Bourbon,Washed / Wet,7.83,7.92,7.75,7.83,7.75,7.75,8.0,82.83,0.11,0,Blue-Green,0,1900.0,Premium (Arabica),Origins SAM
Arabica,"sunvirtue co., ltd.",Other,Other,3,2 kg,Specialty Coffee Association,"January 19th, 2016",Other,Other,7.25,7.58,7.5,7.42,7.75,7.42,7.92,82.83,0.11,11,Green,0,1040.0,Media (Arabica),Heritage SUN
Arabica,juan luis alvarado romero,Guatemala,oriente,80,69 kg,Asociacion Nacional Del Café,"July 20th, 2015",Bourbon,Washed / Wet,7.58,7.58,7.33,7.67,7.67,7.5,7.5,82.83,0.11,0,Green,2,371.61216,Baja (Arabica),Mill JUA
Arabica,cafebras,Brazil,cerrado,300,60 kg,Brazil Specialty Coffee Association,"May 26th, 2015",Catuai,Natural / Dry,7.58,7.83,7.33,7.67,7.42,7.33,7.67,82.83,0.12,2,Green,6,900.0,Baja (Arabica),Select Harvest CAF
Arabica,essencecoffee,Colombia,huila,100,24 kg,Blossom Valley International,"March 21st, 2015",Other,Washed / Wet,7.83,7.67,7.5,7.58,7.5,7.67,7.08,82.83,0.0,0,Green,1,1600.0,Alta (Arabica),Private Reserve ESS
Arabica,joshua marsceau,Other,Other,300,60 kg,Specialty Coffee Association,"February 20th, 2015",Other,Other,7.42,7.58,7.25,7.5,7.75,7.75,7.58,82.83,0.0,0,Other,9,1200.0,Media (Arabica),Private Reserve JOS
Arabica,juan luis alvarado romero,Guatemala,antigua,250,69 kg,Asociacion Nacional Del Café,"March 24th, 2014",Bourbon,Washed / Wet,7.67,7.67,7.75,7.67,7.42,7.17,7.5,82.83,0.1,0,Green,4,1500.0,Alta (Arabica),Mill JUA
Arabica,"coffeebythebag.com , inc",Colombia,santander,40,1 kg,Almacafé,"January 20th, 2014",Typica,Natural / Dry,7.5,7.42,7.58,7.5,7.58,7.58,7.67,82.83,0.0,4,Green,4,1800.0,Premium (Arabica),Select Harvest COF
Arabica,racafe & cia s.c.a,Colombia,huila,125,70 kg,Almacafé,"May 10th, 2013",Caturra,Washed / Wet,7.83,7.5,7.5,7.42,7.5,7.5,7.58,82.83,0.11,0,Green,3,1775.0,Alta (Arabica),Heritage RAC
Arabica,edwin agasso,"Tanzania, United Republic Of",Other,300,2 kg,Tanzanian Coffee Board,"April 19th, 2013",Other,Washed / Wet,7.67,7.5,7.33,7.25,7.58,7.75,7.75,82.83,0.11,0,Green,5,1400.0,Media (Arabica),Origins EDW
Arabica,armando luis pohlenz martinez,Mexico,la concordia,250,1 kg,AMECAFE,"August 30th, 2012",Caturra,Washed / Wet,7.58,7.67,7.5,7.58,7.5,7.5,7.5,82.83,0.12,2,Green,10,1550.0,Alta (Arabica),Select Harvest ARM
Arabica,alfredo bojalil,Mexico,veracruz,250,1 kg,AMECAFE,"July 11th, 2012",Bourbon,Washed / Wet,7.67,7.58,7.42,7.75,7.42,7.42,7.58,82.83,0.12,0,Blue-Green,7,1250.0,Media (Arabica),Origins ALF
Arabica,juan luis alvarado romero,Guatemala,oriente,250,1 kg,Asociacion Nacional Del Café,"July 9th, 2012",Bourbon,Washed / Wet,7.67,7.67,7.33,7.5,7.33,7.92,7.42,82.83,0.11,0,Green,10,399.4830720000001,Baja (Arabica),Mill JUA
Arabica,alfredo bojalil,Mexico,la concordia,250,1 kg,AMECAFE,"June 6th, 2012",Typica,Washed / Wet,7.58,7.58,7.5,7.42,7.67,7.58,7.5,82.83,0.11,0,Green,2,1380.0,Media (Arabica),Origins ALF
Arabica,the coffee source inc.,El Salvador,Other,250,69 kg,Specialty Coffee Association,"August 23rd, 2011",Bourbon,Washed / Wet,7.75,7.58,7.75,7.75,7.25,7.5,7.25,82.83,0.0,1,Green,3,1200.0,Media (Arabica),Origins THE
Arabica,juan luis alvarado romero,Guatemala,santa rosa,275,69 kg,Asociacion Nacional Del Café,"January 9th, 2018",Caturra,Washed / Wet,7.5,7.58,7.42,7.67,7.58,7.5,7.5,82.75,0.1,0,Green,3,1100.0,Media (Arabica),Mill JUA
Arabica,juan luis alvarado romero,Guatemala,santa rosa,275,69 kg,Asociacion Nacional Del Café,"October 17th, 2017",Caturra,Washed / Wet,7.58,7.67,7.5,7.58,7.5,7.42,7.5,82.75,0.11,0,Green,8,1800.0,Premium (Arabica),Mill JUA
Arabica,juan luis alvarado romero,Guatemala,san marcos,50,69 kg,Asociacion Nacional Del Café,"September 19th, 2017",Bourbon,Washed / Wet,7.5,7.67,7.17,7.67,7.67,7.58,7.5,82.75,0.11,0,Green,4,1700.0,Alta (Arabica),Mill JUA
Arabica,juan luis alvarado romero,Guatemala,santa rosa,50,69 kg,Asociacion Nacional Del Café,"September 8th, 2017",Bourbon,Washed / Wet,7.5,7.5,7.42,7.58,7.67,7.5,7.58,82.75,0.1,0,Green,1,371.61216,Baja (Arabica),Mill JUA
Arabica,juan luis alvarado romero,Guatemala,oriente,25,69 kg,Asociacion Nacional Del Café,"August 22nd, 2017",Bourbon,Washed / Wet,7.42,7.58,7.42,7.67,7.5,7.5,7.67,82.75,0.1,0,Green,1,371.61216,Baja (Arabica),Mill JUA
Arabica,sanjava coffee,Indonesia,Other,2,1 kg,Specialty Coffee Association of Indonesia,"August 8th, 2017",Other,Other,7.5,7.58,7.42,7.58,7.58,7.5,7.58,82.75,0.12,0,Blue-Green,15,1500.0,Alta (Arabica),Select Harvest SAN
Arabica,juan luis alvarado romero,Guatemala,Other,25,69 kg,Asociacion Nacional Del Café,"June 1st, 2017",Bourbon,Washed / Wet,7.58,7.58,7.33,7.58,7.33,7.67,7.67,82.75,0.12,0,Green,0,48.12377472000001,Baja (Arabica),Mill JUA
Arabica,"lin, che-hao krude 林哲豪",Taiwan,Other,8,10 kg,Specialty Coffee Association,"June 1st, 2017",Yellow Bourbon,Natural / Dry,7.83,7.67,7.33,7.67,7.58,7.67,7.67,82.75,0.0,0,Green,0,650.0,Baja (Arabica),Heritage LIN
Arabica,consejo salvadoreño del café,El Salvador,Other,275,69 kg,Salvadoran Coffee Council,"May 8th, 2017",Bourbon,Washed / Wet,7.67,7.67,7.17,7.33,7.58,7.67,7.67,82.75,0.0,0,Green,4,1250.0,Media (Arabica),Heritage CON
Arabica,"ceca, s.a.",Costa Rica,tarrazu,250,69 kg,Specialty Coffee Association of Costa Rica,"April 28th, 2017",Caturra,Washed / Wet,7.58,7.5,7.42,7.67,7.42,7.5,7.67,82.75,0.09,0,Blue-Green,1,1850.0,Premium (Arabica),Select Harvest CEC
Arabica,bismarck castro,Honduras,comayagua,275,69 kg,Instituto Hondureño del Café,"April 6th, 2017",Caturra,Natural / Dry,7.58,7.5,7.42,7.58,7.5,7.5,7.67,82.75,0.09,0,Green,6,1400.0,Media (Arabica),Heritage BIS
Arabica,ipanema coffees,Brazil,south of minas,320,60 kg,Brazil Specialty Coffee Association,"April 25th, 2016",Yellow Bourbon,Pulped Natural / Honey,7.5,7.5,7.58,7.5,7.58,7.58,7.5,82.75,0.11,0,Blue-Green,1,905.0,Baja (Arabica),Private Reserve IPA
Arabica,yunnan coffee exchange,China,yunnan,3,60 kg,Yunnan Coffee Exchange,"April 6th, 2016",Catimor,Natural / Dry,7.67,7.5,7.33,7.33,7.67,7.67,7.58,82.75,0.1,0,Green,0,1100.0,Media (Arabica),Private Reserve YUN
Arabica,yunnan coffee exchange,China,Other,3,60 kg,Yunnan Coffee Exchange,"April 5th, 2016",Catimor,Washed / Wet,7.5,7.67,7.42,7.67,7.5,7.5,7.5,82.75,0.11,0,Green,2,1500.0,Alta (Arabica),Private Reserve YUN
Arabica,racafe & cia s.c.a,Colombia,huila,250,70 kg,Almacafé,"November 7th, 2014",Caturra,Washed / Wet,7.5,7.58,7.58,7.75,7.33,7.5,7.5,82.75,0.0,0,Blue-Green,2,1775.0,Alta (Arabica),Heritage RAC
Arabica,afca,Malawi,Other,29,60 kg,Africa Fine Coffee Association,"November 4th, 2014",Gesha,Washed / Wet,7.75,7.58,7.42,7.5,7.33,7.5,7.67,82.75,0.12,0,Blue-Green,0,1442.0,Media (Arabica),Private Reserve AFC
Arabica,juan luis alvarado romero,Guatemala,Other,250,69 kg,Asociacion Nacional Del Café,"June 16th, 2014",Pacas,Washed / Wet,7.75,7.42,7.25,7.75,7.5,7.67,7.42,82.75,0.13,0,Green,2,464.5152000000001,Baja (Arabica),Mill JUA
Arabica,coffee export,Colombia,huila,275,1 kg,Almacafé,"May 27th, 2014",Typica,Washed / Wet,7.67,7.42,7.42,7.58,7.33,7.67,7.67,82.75,0.12,0,Green,0,165.0,Baja (Arabica),Private Reserve COF
Arabica,eileen koyanagi,United States (Hawaii),kona,10,80 lbs,Specialty Coffee Association,"February 5th, 2014",Hawaiian Kona,Natural / Dry,7.67,7.58,7.42,7.83,7.33,7.5,7.42,82.75,0.1,6,Blue-Green,0,157.93516800000003,Baja (Arabica),Select Harvest EIL
Arabica,eileen koyanagi,United States (Hawaii),kona,6,100 lbs,Specialty Coffee Association,"February 4th, 2014",Hawaiian Kona,Natural / Dry,7.58,7.83,7.75,7.75,7.42,8.0,7.75,82.75,0.1,0,Green,0,157.93516800000003,Baja (Arabica),Select Harvest EIL
Arabica,the coffee source inc.,Colombia,Other,250,1 kg,Specialty Coffee Association of Costa Rica,"January 21st, 2014",Caturra,Washed / Wet,7.58,7.33,7.17,7.33,7.25,8.58,7.5,82.75,0.1,0,Green,2,1300.0,Media (Arabica),Origins THE
Arabica,nestor mendez gomez,Mexico,chiapas,32,1 kg,AMECAFE,"March 29th, 2013",Typica,Washed / Wet,7.58,7.58,7.5,7.5,7.5,7.5,7.58,82.75,0.12,0,Green,6,1550.0,Alta (Arabica),Private Reserve NES
Arabica,sergio de la vequia bernardi,Mexico,veracruz,250,1 kg,AMECAFE,"July 11th, 2012",Typica,Washed / Wet,7.58,7.58,7.33,7.75,7.25,7.58,7.67,82.75,0.12,0,Green,0,1200.0,Media (Arabica),Origins SER
Arabica,romulo bello flores,Mexico,Other,21,1 kg,AMECAFE,"June 6th, 2012",Typica,Natural / Dry,8.08,8.17,8.0,8.0,7.83,7.92,8.08,82.75,0.12,1,Green,4,1200.0,Media (Arabica),Heritage ROM
Arabica,Desconocido,Colombia,Other,250,70 kg,Almacafé,"April 11th, 2012",Caturra,Washed / Wet,7.5,7.58,7.42,7.67,7.5,7.58,7.5,82.75,0.0,0,Blue-Green,0,1625.0,Alta (Arabica),Private Reserve DES
Arabica,racafe & cia s.c.a,Colombia,huila,100,70 kg,Almacafé,"March 5th, 2012",Caturra,Washed / Wet,7.67,7.58,7.58,7.58,7.5,7.42,7.42,82.75,0.11,0,Green,3,1775.0,Alta (Arabica),Heritage RAC
Arabica,kona pacific farmers cooperative,United States (Hawaii),kona,6,100 lbs,Specialty Coffee Association,"February 23rd, 2012",Hawaiian Kona,Washed / Wet,7.25,7.75,7.5,7.83,7.67,7.67,7.75,82.75,0.12,0,Green,0,157.93516800000003,Baja (Arabica),Private Reserve KON
Arabica,rachel peterson,Other,Other,300,2 kg,Specialty Coffee Association,"February 23rd, 2012",Catuai,Washed / Wet,7.42,7.42,7.5,7.58,7.5,7.75,7.58,82.75,0.0,0,Green,4,1100.0,Media (Arabica),Origins RAC
Arabica,kona pacific farmers cooperative,United States (Hawaii),kona,14,1,Specialty Coffee Association,"June 29th, 2010",Hawaiian Kona,Natural / Dry,7.75,7.67,7.5,7.83,7.17,7.42,7.42,82.75,0.0,0,Blue-Green,2,157.93516800000003,Baja (Arabica),Private Reserve KON
Arabica,ipanema coffees,Brazil,south of minas,320,60 kg,Brazil Specialty Coffee Association,"October 20th, 2017",Bourbon,Natural / Dry,7.5,7.58,7.25,7.75,7.58,7.5,7.5,82.67,0.0,0,Green,4,890.0,Baja (Arabica),Private Reserve IPA
Arabica,ipanema coffees,Brazil,south of minas,320,60 kg,Brazil Specialty Coffee Association,"August 16th, 2016",Bourbon,Natural / Dry,7.5,7.58,7.5,7.67,7.5,7.42,7.5,82.67,0.11,0,Blue-Green,3,934.0,Baja (Arabica),Private Reserve IPA
Arabica,cqi taiwan icp cqi台灣合作夥伴,Other,Other,60,50 kg,Blossom Valley International,"June 2nd, 2016",Catimor,Washed / Wet,7.67,7.67,7.42,7.42,7.42,7.5,7.58,82.67,0.13,0,Blue-Green,0,1300.0,Media (Arabica),Select Harvest CQI
Arabica,consejo salvadoreño del café,El Salvador,Other,275,69 kg,Salvadoran Coffee Council,"March 29th, 2016",Pacas,Washed / Wet,7.67,7.67,7.67,7.67,7.5,7.67,7.5,82.67,0.0,0,Green,7,1200.0,Media (Arabica),Heritage CON
Arabica,josé luis rojas yeo,Mexico,veracruz,8,8 kg,Centro Agroecológico del Café A.C.,"February 25th, 2016",Typica,Washed / Wet,7.5,7.67,7.42,7.75,7.42,7.17,7.75,82.67,0.11,0,Green,3,1300.0,Media (Arabica),Select Harvest JOS
Arabica,federacion nacional de cafeteros,Colombia,huila,1,2 kg,Almacafé,"November 3rd, 2015",Caturra,Washed / Wet,7.75,7.5,7.33,7.58,7.33,7.75,7.42,82.67,0.0,1,Green,9,1750.0,Alta (Arabica),Select Harvest FED
Arabica,ipanema coffees,Brazil,south of minas,320,2 kg,Brazil Specialty Coffee Association,"October 8th, 2015",Yellow Bourbon,Natural / Dry,7.58,7.5,7.42,7.67,7.5,7.5,7.5,82.67,0.0,0,Green,0,1.0,Baja (Arabica),Private Reserve IPA
Arabica,bourbon specialty coffees,Brazil,Other,300,60 kg,Brazil Specialty Coffee Association,"January 15th, 2015",Catuai,Natural / Dry,7.33,7.5,7.58,7.58,7.67,7.5,7.5,82.67,0.12,0,Green,9,1000.0,Media (Arabica),Origins BOU
Arabica,nitin coffee estate,"Tanzania, United Republic Of",Other,93,60 kg,Africa Fine Coffee Association,"December 18th, 2014",Other,Washed / Wet,7.5,7.5,7.5,7.5,7.5,7.58,7.58,82.67,0.12,0,Green,0,1700.0,Alta (Arabica),Origins NIT
Arabica,taylor winch (t) ltd,"Tanzania, United Republic Of",Other,77,60 kg,Africa Fine Coffee Association,"December 15th, 2014",Bourbon,Washed / Wet,7.58,7.5,7.5,7.58,7.33,7.58,7.58,82.67,0.12,0,Green,4,1550.0,Alta (Arabica),Heritage TAY
Arabica,cqi taiwan icp cqi台灣合作夥伴,Taiwan,Other,10,60 kg,Blossom Valley International,"November 23rd, 2014",Typica,Washed / Wet,8.0,7.83,7.83,7.42,7.25,7.25,7.08,82.67,0.08,0,Green,0,1200.0,Media (Arabica),Select Harvest CQI
Arabica,productos y servicios chilindron s.a. de c.v.,Mexico,Other,11,1 kg,AMECAFE,"August 15th, 2014",Typica,Natural / Dry,7.67,7.58,7.42,7.5,7.42,7.5,7.58,82.67,0.11,0,Green,0,1296.0,Media (Arabica),Mill PRO
Arabica,kawacom uganda ltd,Uganda,Other,1,60 kg,Uganda Coffee Development Authority,"June 25th, 2014",SL14,Washed / Wet,7.67,7.5,7.33,7.67,7.5,7.5,7.5,82.67,0.12,0,Green,0,1650.0,Alta (Arabica),Mill KAW
Arabica,cqi taiwan icp cqi台灣合作夥伴,Taiwan,Other,10,30 kg,Blossom Valley International,"December 26th, 2013",Typica,Washed / Wet,7.67,7.5,7.5,7.5,7.5,7.5,7.5,82.67,0.11,0,Green,0,1240.0,Media (Arabica),Select Harvest CQI
Arabica,松澤宏樹 koju matsuzawa,Thailand,Other,300,60 kg,Specialty Coffee Institute of Asia,"September 3rd, 2013",Caturra,Washed / Wet,7.42,7.5,7.5,7.67,7.58,7.5,7.5,82.67,0.11,0,Blue-Green,0,1500.0,Alta (Arabica),Mill 松澤宏
Arabica,exportadora de cafe condor s.a,Colombia,huila,250,70 kg,Almacafé,"January 22nd, 2013",Caturra,Washed / Wet,7.75,7.58,7.67,7.25,7.58,7.42,7.42,82.67,0.11,0,Blue-Green,3,1800.0,Premium (Arabica),Heritage EXP
Arabica,adam kline,El Salvador,Other,288,1 kg,Specialty Coffee Association,"August 17th, 2012",Other,Washed / Wet,7.92,8.0,7.5,6.75,7.92,7.58,7.67,82.67,0.0,0,Green,17,1350.0,Media (Arabica),Select Harvest ADA
Arabica,juan luis alvarado romero,Guatemala,antigua,275,69 kg,Asociacion Nacional Del Café,"July 17th, 2012",Caturra,Washed / Wet,7.67,7.67,7.17,7.67,7.5,7.5,7.5,82.67,0.11,0,Green,0,1500.0,Alta (Arabica),Mill JUA
Arabica,doi tung development project,Thailand,thailand,2,1 kg,Specialty Coffee Association,"June 13th, 2012",Other,Washed / Wet,7.83,7.33,7.83,7.33,7.58,7.83,7.58,82.67,0.12,0,Blue-Green,0,800.0,Baja (Arabica),Origins DOI
Arabica,montegrande,Mexico,Other,36,1 kg,AMECAFE,"June 6th, 2012",Other,Washed / Wet,7.58,7.58,7.42,7.58,7.42,7.5,7.58,82.67,0.11,0,Green,2,1100.0,Media (Arabica),Mill MON
Arabica,grupo cafetalero los brujos spr de rl,Mexico,Other,23,1 kg,AMECAFE,"June 6th, 2012",Typica,Washed / Wet,7.5,7.58,7.58,7.58,7.42,7.42,7.58,82.67,0.12,0,Green,0,950.0,Baja (Arabica),Mill GRU
Arabica,george a. fernandez,Colombia,Other,1,1 kg,Specialty Coffee Association,"November 16th, 2011",Caturra,Washed / Wet,7.33,7.58,7.42,7.42,7.67,7.67,7.58,82.67,0.11,0,Green,0,3850.0,Premium (Arabica),Private Reserve GEO
Arabica,kona pacific farmers cooperative,United States (Hawaii),kona,37,100 lbs,Specialty Coffee Association,"September 20th, 2011",Hawaiian Kona,Natural / Dry,7.83,7.67,7.5,7.67,7.5,7.58,7.58,82.67,0.03,2,Blue-Green,0,157.93516800000003,Baja (Arabica),Private Reserve KON
Arabica,young kim,Mexico,Other,1,1 kg,Specialty Coffee Association,"April 6th, 2011",Other,Washed / Wet,7.75,7.58,7.25,7.75,7.67,7.58,7.08,82.67,0.0,0,Green,1,1400.0,Media (Arabica),Mill YOU
Arabica,exportadora de cafe condor s.a,Colombia,huila,250,70 kg,Almacafé,"February 9th, 2011",Caturra,Washed / Wet,8.08,7.67,7.67,7.33,7.33,7.17,7.42,82.67,0.08,0,Green,3,1800.0,Premium (Arabica),Heritage EXP
Arabica,racafe & cia s.c.a,Colombia,Other,270,70 kg,Almacafé,"September 3rd, 2010",Caturra,Washed / Wet,7.5,7.42,7.33,7.33,7.67,7.83,7.58,82.67,0.21,0,Green,2,1750.0,Alta (Arabica),Heritage RAC
Arabica,juan luis alvarado romero,Guatemala,oriente,25,69 kg,Asociacion Nacional Del Café,"September 8th, 2017",Bourbon,Washed / Wet,7.5,7.42,7.42,7.75,7.5,7.5,7.5,82.58,0.1,0,Green,2,371.61216,Baja (Arabica),Mill JUA
Arabica,"lin, che-hao krude 林哲豪",Taiwan,Other,6,5 kg,Specialty Coffee Association,"August 22nd, 2017",Typica,Pulped Natural / Honey,7.67,7.42,7.5,7.42,7.58,7.5,7.5,82.58,0.11,0,Green,0,1050.0,Media (Arabica),Heritage LIN
Arabica,gabriel barbara,Brazil,south of minas,198,59 kg,Brazil Specialty Coffee Association,"April 19th, 2017",Bourbon,Pulped Natural / Honey,7.5,7.58,7.42,7.5,7.75,7.33,7.5,82.58,0.11,0,Green,7,1000.0,Media (Arabica),Private Reserve GAB
Arabica,cqi taiwan icp cqi台灣合作夥伴,Taiwan,Other,1,10 kg,Blossom Valley International,"February 13th, 2017",Typica,Washed / Wet,7.25,7.25,7.0,7.08,7.0,7.0,10.0,82.58,0.11,0,Blue-Green,0,200.0,Baja (Arabica),Select Harvest CQI
Arabica,bourbon specialty coffees,Brazil,Other,300,60 kg,Brazil Specialty Coffee Association,"December 28th, 2015",Bourbon,Natural / Dry,7.42,7.42,7.5,7.33,7.25,7.67,8.0,82.58,0.0,1,Green,2,1000.0,Media (Arabica),Origins BOU
Arabica,andry simarmata,Indonesia,Other,150,2 kg,Torch Coffee Lab Yunnan,"September 15th, 2015",Typica,Semi-Washed / Semi-Pulped,7.83,7.58,7.42,7.33,7.42,7.5,7.5,82.58,0.13,0,Blue-Green,6,1250.0,Media (Arabica),Mill AND
Arabica,doi tung development project,Thailand,thailand,1,1 kg,Specialty Coffee Association,"June 9th, 2015",Caturra,Washed / Wet,7.75,7.33,7.42,7.67,7.42,7.5,7.5,82.58,0.12,0,Green,0,800.0,Baja (Arabica),Origins DOI
Arabica,松澤宏樹 koju matsuzawa,Thailand,Other,50,20 kg,Specialty Coffee Institute of Asia,"February 15th, 2015",Caturra,Washed / Wet,7.42,7.58,7.58,7.42,7.58,7.5,7.5,82.58,0.12,0,Blue-Green,1,1450.0,Media (Arabica),Mill 松澤宏
Arabica,tembo coffee company ltd,"Tanzania, United Republic Of",Other,10,60 kg,Africa Fine Coffee Association,"December 12th, 2014",Other,Washed / Wet,7.75,7.42,7.33,7.5,7.58,7.5,7.5,82.58,0.12,0,Green,1,1317.0,Media (Arabica),Heritage TEM
Arabica,kawacom uganda ltd,Uganda,Other,1,60 kg,Uganda Coffee Development Authority,"June 30th, 2014",SL14,Natural / Dry,7.83,7.5,7.42,7.58,7.42,7.42,7.42,82.58,0.12,0,Green,0,1650.0,Alta (Arabica),Mill KAW
Arabica,eric thormaehlen,Costa Rica,Other,250,1 kg,Specialty Coffee Association of Costa Rica,"May 9th, 2014",Catuai,Washed / Wet,7.67,7.42,7.5,7.67,7.0,7.75,7.58,82.58,0.11,0,Green,3,1300.0,Media (Arabica),Heritage ERI
Arabica,dane loraas,Mexico,veracruz,320,5 lbs,Specialty Coffee Association,"April 18th, 2014",Typica,Washed / Wet,7.58,7.58,7.42,7.75,7.67,7.67,7.58,82.58,0.0,0,Green,11,1250.0,Media (Arabica),Heritage DAN
Arabica,brent hall,Guatemala,Other,1,2 kg,Specialty Coffee Association,"December 10th, 2013",Bourbon,Natural / Dry,7.5,7.58,7.42,7.58,7.42,7.58,7.5,82.58,0.0,0,Blue-Green,4,431.999136,Baja (Arabica),Select Harvest BRE
Arabica,exportadora de cafe condor s.a,Colombia,huila,250,70 kg,Almacafé,"April 16th, 2013",Caturra,Washed / Wet,7.75,7.25,7.33,7.42,7.5,7.83,7.5,82.58,0.11,0,Blue-Green,3,1750.0,Alta (Arabica),Heritage EXP
Arabica,exportadora de cafe condor s.a,Colombia,huila,250,70 kg,Almacafé,"October 9th, 2012",Caturra,Washed / Wet,7.75,7.5,7.75,7.25,7.33,7.58,7.42,82.58,0.11,0,Green,3,1750.0,Alta (Arabica),Heritage EXP
Arabica,exportadora de cafe condor s.a,Colombia,huila,250,70 kg,Almacafé,"February 27th, 2013",Caturra,Washed / Wet,7.58,7.5,7.42,7.58,7.67,7.42,7.42,82.58,0.11,0,Green,0,1750.0,Alta (Arabica),Heritage EXP
Arabica,guillermo rojas saldana,Mexico,Other,50,1 kg,AMECAFE,"September 4th, 2012",Typica,Washed / Wet,7.5,7.58,7.5,7.5,7.42,7.5,7.58,82.58,0.1,0,Green,6,1250.0,Media (Arabica),Private Reserve GUI
Arabica,organizaciones de productores de cafe colimense,Mexico,Other,70,1 kg,AMECAFE,"July 2nd, 2012",Typica,Washed / Wet,7.67,7.58,7.58,7.75,7.67,6.83,7.5,82.58,0.12,0,Green,0,1150.0,Media (Arabica),Origins ORG
Arabica,racafe & cia s.c.a,Colombia,huila,275,70 kg,Almacafé,"June 13th, 2012",Caturra,Washed / Wet,7.33,7.42,7.58,7.42,7.67,7.5,7.67,82.58,0.11,2,Green,2,1775.0,Alta (Arabica),Heritage RAC
Arabica,nucoffee,Brazil,south of minas,42,60 kg,NUCOFFEE,"October 28th, 2011",Mundo Novo,Natural / Dry,7.58,7.5,7.33,7.75,7.5,7.5,7.42,82.58,0.0,0,Green,4,975.0,Baja (Arabica),Heritage NUC
Arabica,ipanema coffees,Brazil,south of minas,320,60 kg,Brazil Specialty Coffee Association,"October 20th, 2017",Bourbon,Natural / Dry,7.5,7.5,7.5,7.5,7.58,7.5,7.42,82.5,0.11,0,Green,4,890.0,Baja (Arabica),Private Reserve IPA
Arabica,sanjava coffee,Indonesia,Other,2,1 kg,Specialty Coffee Association of Indonesia,"September 4th, 2017",Other,Washed / Wet,7.83,7.75,7.25,7.5,7.42,7.33,7.42,82.5,0.11,0,Green,5,1250.0,Media (Arabica),Select Harvest SAN
Arabica,elsy reyes,Honduras,comayagua,275,69 kg,Instituto Hondureño del Café,"June 3rd, 2017",Caturra,Washed / Wet,7.58,7.58,7.33,7.5,7.5,7.5,7.5,82.5,0.1,0,Green,4,1400.0,Media (Arabica),Mill ELS
Arabica,juan luis alvarado romero,Guatemala,oriente,50,69 kg,Asociacion Nacional Del Café,"March 16th, 2016",Bourbon,Washed / Wet,7.5,7.5,7.33,7.5,7.67,7.5,7.5,82.5,0.1,0,Green,2,371.61216,Baja (Arabica),Mill JUA
Arabica,doi tung development project,Thailand,thailand,1,1 kg,Specialty Coffee Association,"June 9th, 2015",Caturra,Washed / Wet,7.5,7.83,7.5,7.75,7.33,7.42,7.83,82.5,0.12,0,Green,0,800.0,Baja (Arabica),Origins DOI
Arabica,松澤宏樹 koju matsuzawa,Thailand,Other,50,20 kg,Specialty Coffee Institute of Asia,"February 15th, 2015",Caturra,Washed / Wet,7.33,7.5,7.5,7.5,7.67,7.5,7.5,82.5,0.11,0,Blue-Green,0,1450.0,Media (Arabica),Mill 松澤宏
Arabica,shah plantations,"Tanzania, United Republic Of",Other,37,60 kg,Africa Fine Coffee Association,"December 18th, 2014",Other,Washed / Wet,7.67,7.42,7.33,7.58,7.5,7.5,7.5,82.5,0.12,0,Green,1,1600.0,Alta (Arabica),Mill SHA
Arabica,amkeni gourmet coffee group,"Tanzania, United Republic Of",Other,5,60 kg,Africa Fine Coffee Association,"December 12th, 2014",Other,Washed / Wet,7.75,7.0,7.42,7.58,7.58,7.58,7.58,82.5,0.12,0,Blue-Green,3,1600.0,Alta (Arabica),Select Harvest AMK
Arabica,lusso lab,Mexico,chiapas,2,2 kg,Specialty Coffee Association,"April 14th, 2014",Other,Washed / Wet,7.42,7.58,7.5,7.67,7.25,7.5,7.58,82.5,0.0,0,Green,1,1600.0,Alta (Arabica),Mill LUS
Arabica,ipanema coffees,Brazil,south of minas,69,60 kg,Specialty Coffee Association,"January 14th, 2014",Yellow Bourbon,Semi-Washed / Semi-Pulped,7.42,7.5,7.67,7.33,7.42,7.67,7.5,82.5,0.11,0,Blue-Green,0,1260.0,Media (Arabica),Private Reserve IPA
Arabica,juan luis alvarado romero,Guatemala,oriente,250,69 kg,Asociacion Nacional Del Café,"May 30th, 2013",Bourbon,Washed / Wet,7.83,7.42,7.33,7.67,7.42,7.5,7.33,82.5,0.12,0,Green,4,399.4830720000001,Baja (Arabica),Mill JUA
Arabica,exportadora de cafe condor s.a,Colombia,huila,250,70 kg,Almacafé,"May 7th, 2013",Caturra,Washed / Wet,7.5,7.5,7.42,7.42,7.58,7.58,7.5,82.5,0.11,0,Green,1,1750.0,Alta (Arabica),Heritage EXP
Arabica,juan luis alvarado romero,Guatemala,oriente,250,69 kg,Asociacion Nacional Del Café,"February 26th, 2013",Bourbon,Washed / Wet,7.83,7.67,7.17,7.33,7.5,7.67,7.33,82.5,0.11,0,Green,0,399.4830720000001,Baja (Arabica),Mill JUA
Arabica,saul m. hernandez ramirez,Mexico,Other,10,1 kg,AMECAFE,"September 27th, 2012",Typica,Washed / Wet,7.5,7.58,7.5,7.5,7.42,7.42,7.58,82.5,0.13,0,Green,10,1679.0,Alta (Arabica),Origins SAU
Arabica,enrique mitre lopez,Mexico,Other,10,1 kg,AMECAFE,"July 26th, 2012",Typica,Washed / Wet,7.67,7.5,7.33,7.67,7.5,7.33,7.5,82.5,0.12,0,Green,5,1100.0,Media (Arabica),Select Harvest ENR
Arabica,enrique eduardo lopez aguilar,Mexico,la concordia,28,1 kg,AMECAFE,"June 7th, 2012",Typica,Semi-Washed / Semi-Pulped,7.92,7.5,7.33,7.58,7.25,7.42,7.5,82.5,0.11,0,Green,2,1650.0,Alta (Arabica),Origins ENR
Arabica,juan luis alvarado romero,Guatemala,oriente,275,1 kg,Asociacion Nacional Del Café,"March 26th, 2012",Caturra,Natural / Dry,7.67,7.33,7.33,7.33,7.5,7.83,7.5,82.5,0.11,0,Green,5,431.999136,Baja (Arabica),Mill JUA
Arabica,jacques pereira carneiro,Brazil,Other,300,60 kg,NUCOFFEE,"March 16th, 2012",Bourbon,Semi-Washed / Semi-Pulped,7.67,7.42,7.33,7.67,7.5,7.5,7.42,82.5,0.0,0,Blue-Green,4,1250.0,Media (Arabica),Select Harvest JAC
Arabica,racafe & cia s.c.a,Colombia,huila,275,70 kg,Almacafé,"March 5th, 2012",Caturra,Washed / Wet,7.67,7.5,7.33,7.5,7.25,7.67,7.58,82.5,0.11,1,Green,3,1775.0,Alta (Arabica),Heritage RAC
Arabica,kona pacific farmers cooperative,United States (Hawaii),kona,7,100 lbs,Specialty Coffee Association,"February 23rd, 2012",Hawaiian Kona,Washed / Wet,7.33,7.42,7.33,7.75,7.42,7.67,7.58,82.5,0.12,2,Green,3,157.93516800000003,Baja (Arabica),Private Reserve KON
Arabica,adam kline,Guatemala,huehuetenango,245,1,Specialty Coffee Association,"July 23rd, 2010",Bourbon,Washed / Wet,7.75,7.58,7.67,7.67,7.58,7.58,7.33,82.5,0.01,1,Green,14,1600.0,Alta (Arabica),Select Harvest ADA
Arabica,brian beck,Honduras,Other,1,2 kg,Specialty Coffee Association,"September 27th, 2017",Other,Washed / Wet,7.42,7.67,7.17,7.58,7.58,7.5,7.5,82.42,0.12,0,Green,6,1500.0,Alta (Arabica),Mill BRI
Arabica,juan luis alvarado romero,Guatemala,san marcos,50,69 kg,Asociacion Nacional Del Café,"September 8th, 2017",Bourbon,Washed / Wet,7.58,7.5,7.33,7.75,7.33,7.5,7.42,82.42,0.1,0,Green,2,1700.0,Alta (Arabica),Mill JUA
Arabica,juan luis alvarado romero,Guatemala,san marcos,50,69 kg,Asociacion Nacional Del Café,"June 1st, 2017",Bourbon,Washed / Wet,7.67,7.58,7.25,7.67,7.42,7.33,7.5,82.42,0.12,0,Green,0,1700.0,Alta (Arabica),Mill JUA
Arabica,juan luis alvarado romero,Guatemala,Other,20,69 kg,Asociacion Nacional Del Café,"June 1st, 2017",Bourbon,Washed / Wet,7.58,7.5,7.25,7.67,7.5,7.5,7.42,82.42,0.12,0,Green,0,48.12377472000001,Baja (Arabica),Mill JUA
Arabica,juan luis alvarado romero,Guatemala,santa rosa,275,69 kg,Asociacion Nacional Del Café,"January 20th, 2017",Caturra,Washed / Wet,7.5,7.42,7.08,7.75,7.67,7.5,7.5,82.42,0.11,0,Green,3,431.999136,Baja (Arabica),Mill JUA
Arabica,racafe & cia s.c.a,Colombia,Other,43,70 kg,Almacafé,"August 5th, 2016",Caturra,Washed / Wet,5.08,7.75,7.83,7.75,7.83,8.08,8.08,82.42,0.11,0,Green,1,1600.0,Alta (Arabica),Heritage RAC
Arabica,yunnan coffee exchange,China,yunnan,3,60 kg,Yunnan Coffee Exchange,"April 6th, 2016",Catimor,Washed / Wet,7.67,7.42,7.42,7.5,7.42,7.42,7.58,82.42,0.1,0,Green,0,1600.0,Alta (Arabica),Private Reserve YUN
Arabica,bourbon specialty coffees,Brazil,Other,300,60 kg,Brazil Specialty Coffee Association,"January 12th, 2016",Bourbon,Natural / Dry,7.42,7.5,7.33,7.5,7.25,7.42,8.0,82.42,0.11,0,Green,0,1000.0,Media (Arabica),Origins BOU
Arabica,gladness obed pallangyo,"Tanzania, United Republic Of",Other,10,60 kg,Africa Fine Coffee Association,"November 16th, 2015",Other,Washed / Wet,7.67,7.25,7.42,7.42,7.67,7.42,7.58,82.42,0.13,0,Green,7,2285.0,Premium (Arabica),Heritage GLA
Arabica,ipanema coffees,Brazil,south of minas,320,2 kg,Brazil Specialty Coffee Association,"October 8th, 2015",Yellow Bourbon,Natural / Dry,7.17,7.83,7.33,7.5,7.75,7.42,7.42,82.42,0.0,0,Green,0,1.0,Baja (Arabica),Private Reserve IPA
Arabica,the coffee source inc.,Guatemala,Other,250,1 kg,Specialty Coffee Association of Costa Rica,"December 18th, 2014",Caturra,Washed / Wet,7.5,7.5,7.5,7.67,7.42,7.5,7.33,82.42,0.1,0,Green,0,1400.0,Media (Arabica),Origins THE
Arabica,productos y servicios chilindron s.a. de c.v.,Mexico,Other,10,1 kg,AMECAFE,"August 14th, 2014",Typica,Washed / Wet,7.42,7.5,7.42,7.58,7.42,7.5,7.58,82.42,0.11,0,Green,0,1296.0,Media (Arabica),Mill PRO
Arabica,nucoffee,Brazil,south of minas,39,60 kg,NUCOFFEE,"May 8th, 2014",Catuai,Semi-Washed / Semi-Pulped,7.58,7.67,7.33,7.5,7.5,7.42,7.42,82.42,0.12,0,Blue-Green,1,1000.0,Media (Arabica),Heritage NUC
Arabica,dane loraas,Peru,Other,320,5 lbs,Specialty Coffee Association,"January 21st, 2014",Caturra,Washed / Wet,7.58,7.58,7.58,7.75,7.5,7.58,7.5,82.42,0.0,0,Green,3,1300.0,Media (Arabica),Heritage DAN
Arabica,ipanema coffees,Brazil,south of minas,220,60 kg,Specialty Coffee Association,"December 30th, 2013",Yellow Bourbon,Natural / Dry,7.25,7.33,7.25,7.5,7.42,7.5,8.17,82.42,0.0,0,Green,0,1260.0,Media (Arabica),Private Reserve IPA
Arabica,manuel herrera juarez,Mexico,veracruz,10,1 kg,AMECAFE,"December 12th, 2013",Bourbon,Washed / Wet,7.5,7.58,7.5,7.92,7.42,7.67,7.5,82.42,0.12,0,Green,0,1170.0,Media (Arabica),Mill MAN
Arabica,brent hall,Honduras,Other,1,2 kg,Specialty Coffee Association,"December 10th, 2013",Caturra,Washed / Wet,7.25,7.67,7.42,7.17,7.75,7.5,7.67,82.42,0.09,0,Green,2,1400.0,Media (Arabica),Select Harvest BRE
Arabica,racafe & cia s.c.a,Colombia,huila,250,70 kg,Almacafé,"May 31st, 2013",Caturra,Washed / Wet,7.67,7.42,7.33,7.5,7.58,7.5,7.42,82.42,0.11,0,Green,9,1775.0,Alta (Arabica),Heritage RAC
Arabica,nestor mendez gomez,Mexico,chiapas,49,1 kg,AMECAFE,"March 29th, 2013",Typica,Washed / Wet,7.5,7.42,7.42,7.67,7.42,7.58,7.42,82.42,0.12,0,Green,5,1560.0,Alta (Arabica),Private Reserve NES
Arabica,jesus salazar velasco,Mexico,Other,20,1 kg,AMECAFE,"September 11th, 2012",Typica,Semi-Washed / Semi-Pulped,7.42,7.58,7.5,7.42,7.58,7.5,7.42,82.42,0.13,0,Green,2,1400.0,Media (Arabica),Heritage JES
Arabica,"el equimite, cafetal biodinámico",Mexico,coatepec,35,1 kg,AMECAFE,"September 10th, 2012",Typica,Washed / Wet,7.42,7.58,7.33,7.58,7.5,7.5,7.5,82.42,0.14,0,Green,9,1300.0,Media (Arabica),Origins EL 
Arabica,manuel herrera juarez,Mexico,Other,10,1 kg,AMECAFE,"August 31st, 2012",Caturra,Washed / Wet,7.75,7.33,7.25,7.58,7.58,7.33,7.58,82.42,0.13,0,Green,1,1170.0,Media (Arabica),Mill MAN
Arabica,dario cesar galeana sanchez,Mexico,Other,74,1 kg,AMECAFE,"July 25th, 2012",Typica,Washed / Wet,7.5,7.58,7.33,7.5,7.5,7.5,7.5,82.42,0.11,0,Green,0,1300.0,Media (Arabica),Heritage DAR
Arabica,jose daniel cobilt castro,Mexico,veracruz,26,1 kg,AMECAFE,"July 11th, 2012",Other,Washed / Wet,7.58,7.58,7.17,7.5,7.5,7.5,7.58,82.42,0.14,0,Green,6,1350.0,Media (Arabica),Select Harvest JOS
Arabica,alvaro quiros perez,Mexico,Other,10,1 kg,AMECAFE,"July 3rd, 2012",Caturra,Washed / Wet,7.58,7.33,7.33,7.58,7.5,7.5,7.58,82.42,0.11,0,Green,0,1150.0,Media (Arabica),Heritage ALV
Arabica,olivia hernandez virves,Mexico,Other,1,1 kg,AMECAFE,"June 6th, 2012",Bourbon,Washed / Wet,7.67,7.58,7.33,7.42,7.58,7.33,7.5,82.42,0.13,0,Green,4,1250.0,Media (Arabica),Select Harvest OLI
Arabica,finca las nieves,Mexico,Other,10,1 kg,AMECAFE,"April 9th, 2012",Typica,Washed / Wet,7.83,7.5,7.42,7.67,7.17,7.33,7.5,82.42,0.12,0,Blue-Green,0,1450.0,Media (Arabica),Mill FIN
Arabica,carcafe ltda ci,Colombia,huila,250,70 kg,Almacafé,"January 31st, 2012",Caturra,Natural / Dry,7.67,7.33,7.25,7.42,7.5,7.67,7.58,82.42,0.0,0,Green,2,442.0,Baja (Arabica),Mill CAR
Arabica,nucoffee,Brazil,south of minas,51,60 kg,NUCOFFEE,"January 23rd, 2012",Other,Natural / Dry,7.75,7.5,7.42,7.42,7.5,7.42,7.42,82.42,0.11,0,Blue-Green,2,1000.0,Media (Arabica),Heritage NUC
Arabica,exportadora de cafe condor s.a,Colombia,huila,250,70 kg,Almacafé,"December 22nd, 2011",Caturra,Washed / Wet,7.33,7.58,7.17,7.58,7.42,7.58,7.75,82.42,0.0,0,Green,2,1750.0,Alta (Arabica),Heritage EXP
Arabica,exportadora de cafe condor s.a,Colombia,huila,0,70 kg,Almacafé,"September 22nd, 2011",Caturra,Washed / Wet,7.58,7.25,7.42,7.25,7.58,7.83,7.5,82.42,0.02,0,Green,1,1750.0,Alta (Arabica),Heritage EXP
Arabica,bismarck castro,Honduras,comayagua,275,69 kg,Instituto Hondureño del Café,"April 6th, 2017",Caturra,Washed / Wet,7.5,7.58,7.33,7.5,7.42,7.42,7.58,82.33,0.1,0,Green,8,1396.0,Media (Arabica),Heritage BIS
Arabica,pedro santos e silva,Brazil,cerrado,320,2 kg,Brazil Specialty Coffee Association,"February 9th, 2017",Catuai,Natural / Dry,7.33,7.5,7.5,7.33,7.5,7.5,7.67,82.33,0.11,0,Green,11,982.0,Baja (Arabica),Mill PED
Arabica,gabriel barbara,Brazil,cerrado,305,59 kg,Brazil Specialty Coffee Association,"October 13th, 2016",Bourbon,Natural / Dry,7.42,7.42,7.42,7.5,7.5,7.58,7.5,82.33,0.11,0,Green,14,1000.0,Media (Arabica),Private Reserve GAB
Arabica,ipanema coffees,Brazil,south of minas,320,60 kg,Brazil Specialty Coffee Association,"August 16th, 2016",Bourbon,Natural / Dry,7.5,7.5,7.42,7.5,7.42,7.5,7.5,82.33,0.11,0,Blue-Green,3,934.0,Baja (Arabica),Private Reserve IPA
Arabica,"ceca, s.a.",Costa Rica,tarrazu,100,69 kg,Specialty Coffee Association of Costa Rica,"July 15th, 2016",Caturra,Washed / Wet,7.75,7.5,7.25,7.25,7.42,7.67,7.5,82.33,0.1,6,Blue-Green,3,1850.0,Premium (Arabica),Select Harvest CEC
Arabica,rodrigo soto,Costa Rica,tarrazu,130,69 kg,Specialty Coffee Association of Costa Rica,"May 17th, 2016",Catuai,Washed / Wet,7.75,7.33,7.5,7.5,7.33,7.58,7.33,82.33,0.0,0,Green,0,1550.0,Alta (Arabica),Select Harvest ROD
Arabica,yunnan coffee exchange,China,Other,3,60 kg,Yunnan Coffee Exchange,"April 5th, 2016",Catimor,Pulped Natural / Honey,7.5,7.58,7.42,7.5,7.42,7.42,7.5,82.33,0.12,0,Green,2,1580.0,Alta (Arabica),Private Reserve YUN
Arabica,ipanema coffees,Brazil,south of minas,12,2 kg,Specialty Coffee Association,"October 8th, 2015",Bourbon,Natural / Dry,8.25,7.83,7.25,8.33,8.17,8.08,7.75,82.33,0.07,0,Green,0,1268.0,Media (Arabica),Private Reserve IPA
Arabica,bourbon specialty coffees,Brazil,Other,300,60 kg,Brazil Specialty Coffee Association,"April 20th, 2015",Mundo Novo,Natural / Dry,7.42,7.5,7.5,7.42,7.5,7.58,7.42,82.33,0.11,0,Green,10,1000.0,Media (Arabica),Origins BOU
Arabica,juan luis alvarado romero,Guatemala,huehuetenango,275,69 kg,Asociacion Nacional Del Café,"March 10th, 2015",Bourbon,Washed / Wet,7.5,7.42,7.17,7.83,7.5,7.5,7.42,82.33,0.1,0,Green,6,510.96672000000007,Baja (Arabica),Mill JUA
Arabica,afca,Malawi,Other,10,60 kg,Africa Fine Coffee Association,"November 4th, 2014",Gesha,Washed / Wet,7.33,7.58,7.42,7.58,7.33,7.5,7.58,82.33,0.12,0,Green,0,1450.0,Media (Arabica),Private Reserve AFC
Arabica,ipanema coffees,Brazil,south of minas,10,2 kg,Specialty Coffee Association,"October 15th, 2014",Bourbon,Natural / Dry,7.75,8.08,7.67,8.08,8.08,8.0,8.0,82.33,0.11,0,Blue-Green,0,1100.0,Media (Arabica),Private Reserve IPA
Arabica,juan luis alvarado romero,Guatemala,Other,250,69 kg,Asociacion Nacional Del Café,"June 10th, 2014",Pacas,Washed / Wet,7.58,7.67,7.5,7.58,7.75,7.5,7.42,82.33,0.12,0,Green,3,464.5152000000001,Baja (Arabica),Mill JUA
Arabica,dane loraas,Mexico,veracruz,320,5 lbs,Specialty Coffee Association,"April 2nd, 2014",Typica,Washed / Wet,7.33,7.58,7.42,7.5,7.5,7.5,7.5,82.33,0.11,0,Green,0,1250.0,Media (Arabica),Heritage DAN
Arabica,the coffee source inc.,Colombia,Other,250,3 kg,Specialty Coffee Association of Costa Rica,"January 21st, 2014",Caturra,Washed / Wet,7.42,7.33,7.5,7.17,7.08,8.33,7.5,82.33,0.1,0,Green,2,1300.0,Media (Arabica),Origins THE
Arabica,cqi taiwan icp cqi台灣合作夥伴,Taiwan,Other,10,20 kg,Blossom Valley International,"December 26th, 2013",Typica,Semi-Washed / Semi-Pulped,7.5,7.5,7.5,7.5,7.5,7.5,7.33,82.33,0.11,0,Green,0,200.0,Baja (Arabica),Select Harvest CQI
Arabica,cqi taiwan icp cqi台灣合作夥伴,Taiwan,Other,10,30 kg,Blossom Valley International,"December 26th, 2013",Typica,Washed / Wet,7.5,7.5,7.5,7.5,7.5,7.5,7.33,82.33,0.11,0,Green,0,600.0,Baja (Arabica),Select Harvest CQI
Arabica,juan luis alvarado romero,Guatemala,oriente,250,69 kg,Asociacion Nacional Del Café,"July 16th, 2013",Bourbon,Washed / Wet,7.5,7.42,7.58,7.5,7.5,7.58,7.25,82.33,0.12,2,Green,1,399.4830720000001,Baja (Arabica),Mill JUA
Arabica,exportadora de cafe condor s.a,Colombia,huila,250,70 kg,Almacafé,"June 21st, 2013",Caturra,Washed / Wet,7.5,7.42,7.5,7.5,7.5,7.58,7.33,82.33,0.0,0,Green,1,1750.0,Alta (Arabica),Heritage EXP
Arabica,alfredo bojalil,Mexico,"la concordia, chiapas",250,1 kg,AMECAFE,"March 15th, 2013",Typica,Washed / Wet,7.67,7.5,7.42,7.5,7.42,7.42,7.42,82.33,0.12,0,Green,3,1300.0,Media (Arabica),Origins ALF
Arabica,michael gavina,Costa Rica,Other,275,1 kg,Specialty Coffee Association,"October 9th, 2012",Caturra,Washed / Wet,7.92,7.58,7.25,7.75,7.92,7.58,7.67,82.33,0.0,0,Green,14,1300.0,Media (Arabica),Private Reserve MIC
Arabica,juan luis alvarado romero,Guatemala,Other,275,69 kg,Asociacion Nacional Del Café,"October 5th, 2012",Bourbon,Washed / Wet,7.67,7.5,7.33,7.67,7.5,7.33,7.33,82.33,0.11,0,Green,3,534.19248,Baja (Arabica),Mill JUA
Arabica,saul m. hernandez ramirez,Mexico,Other,10,1 kg,AMECAFE,"September 27th, 2012",Typica,Natural / Dry,7.58,7.67,7.58,7.33,7.0,7.58,7.58,82.33,0.15,1,Green,8,441.0,Baja (Arabica),Origins SAU
Arabica,manuel herrera juarez,Mexico,veracruz,10,1 kg,AMECAFE,"August 31st, 2012",Bourbon,Washed / Wet,7.67,7.58,7.5,7.58,7.5,7.5,7.0,82.33,0.13,0,Green,9,1170.0,Media (Arabica),Mill MAN
Arabica,juan luis alvarado romero,Guatemala,oriente,250,1 kg,Asociacion Nacional Del Café,"May 23rd, 2012",Bourbon,Washed / Wet,7.5,7.67,7.33,7.5,7.33,7.5,7.5,82.33,0.1,2,Green,5,399.4830720000001,Baja (Arabica),Mill JUA
Arabica,nucoffee,Brazil,Other,16,60 kg,NUCOFFEE,"April 11th, 2012",Mundo Novo,Natural / Dry,7.58,7.5,7.42,7.5,7.5,7.42,7.42,82.33,0.12,0,Green,2,1100.0,Media (Arabica),Heritage NUC
Arabica,maria luisa del carmen rojas narvaez,Mexico,Other,10,1 kg,AMECAFE,"March 5th, 2012",Typica,Washed / Wet,8.0,7.75,7.33,7.33,7.08,7.67,7.83,82.33,0.11,0,Green,0,1300.0,Media (Arabica),Heritage MAR
Arabica,nucoffee,Brazil,south of minas,44,60 kg,NUCOFFEE,"February 17th, 2012",Mundo Novo,Washed / Wet,7.58,7.58,7.25,7.58,7.42,7.5,7.42,82.33,0.11,0,Green,2,950.0,Baja (Arabica),Heritage NUC
Arabica,carcafe ltda ci,Colombia,huila,250,70 kg,Almacafé,"January 31st, 2012",Caturra,Natural / Dry,7.83,7.58,7.33,7.25,7.58,7.42,7.33,82.33,0.0,0,Green,0,442.0,Baja (Arabica),Mill CAR
Arabica,klem organics,Brazil,Other,1062,5 kg,Specialty Coffee Association,"November 15th, 2017",Catuai,Washed / Wet,7.58,7.5,7.25,7.42,7.67,7.33,7.5,82.25,0.09,2,Green,10,1100.0,Media (Arabica),Mill KLE
Arabica,cqi taiwan icp cqi台灣合作夥伴,Taiwan,Other,1,10 kg,Blossom Valley International,"February 13th, 2017",Typica,Washed / Wet,7.0,7.08,7.0,7.17,7.0,7.0,10.0,82.25,0.1,0,Blue-Green,0,750.0,Baja (Arabica),Select Harvest CQI
Arabica,juan luis alvarado romero,Guatemala,Other,275,69 kg,Asociacion Nacional Del Café,"August 31st, 2016",Pacas,Washed / Wet,7.67,7.5,7.25,7.67,7.42,7.42,7.33,82.25,0.11,0,Green,2,1450.0,Media (Arabica),Mill JUA
Arabica,ipanema coffees,Brazil,south of minas,180,2 kg,Brazil Specialty Coffee Association,"October 8th, 2015",Yellow Bourbon,Natural / Dry,7.42,7.67,7.5,7.08,7.5,7.42,7.67,82.25,0.0,0,Green,9,1.0,Baja (Arabica),Private Reserve IPA
Arabica,consejo salvadoreño del café,El Salvador,Other,275,1 kg,Salvadoran Coffee Council,"July 8th, 2015",Bourbon,Washed / Wet,7.58,7.67,7.5,7.67,7.83,8.42,7.58,82.25,0.12,0,Green,0,1500.0,Alta (Arabica),Heritage CON
Arabica,cadexsa,Honduras,marcala,275,1 kg,Instituto Hondureño del Café,"April 15th, 2015",Catuai,Washed / Wet,7.58,7.5,7.42,7.58,7.42,7.42,7.33,82.25,0.11,0,Green,2,1350.0,Media (Arabica),Select Harvest CAD
Arabica,afca,Malawi,Other,10,60 kg,Africa Fine Coffee Association,"November 4th, 2014",Gesha,Washed / Wet,7.58,7.42,7.33,7.42,7.58,7.5,7.42,82.25,0.13,0,Blue-Green,0,1180.0,Media (Arabica),Private Reserve AFC
Arabica,ipanema coffees,Brazil,south of minas,320,2 kg,Specialty Coffee Association,"October 16th, 2014",Bourbon,Natural / Dry,7.75,7.58,7.42,7.42,7.33,7.33,7.42,82.25,0.11,0,Green,0,1100.0,Media (Arabica),Private Reserve IPA
Arabica,cqi taiwan icp cqi台灣合作夥伴,Taiwan,Other,35,60 kg,Blossom Valley International,"December 26th, 2013",Typica,Washed / Wet,7.5,7.5,7.5,7.5,7.5,7.5,7.25,82.25,0.11,0,Green,0,650.0,Baja (Arabica),Select Harvest CQI
Arabica,jesus carlos cardenas valdivia,Mexico,veracruz,150,1 kg,AMECAFE,"July 19th, 2013",Mundo Novo,Washed / Wet,7.58,7.58,7.42,7.42,7.42,7.42,7.42,82.25,0.12,0,Blue-Green,4,1338.0,Media (Arabica),Mill JES
Arabica,kona pacific farmers cooperative,United States (Hawaii),kona,6,100 lbs,Specialty Coffee Association,"May 3rd, 2013",Hawaiian Kona,Natural / Dry,7.33,7.42,7.5,7.67,7.5,7.42,7.42,82.25,0.0,0,Blue-Green,1,157.93516800000003,Baja (Arabica),Private Reserve KON
Arabica,saul m. hernandez ramirez,Mexico,Other,10,1 kg,AMECAFE,"September 27th, 2012",Bourbon,Washed / Wet,7.58,7.58,7.5,7.17,7.42,7.42,7.58,82.25,0.16,3,Green,8,533.0,Baja (Arabica),Origins SAU
Arabica,juan luis alvarado romero,Guatemala,antigua,275,69 kg,Asociacion Nacional Del Café,"September 19th, 2012",Bourbon,Washed / Wet,7.5,7.5,7.33,7.58,7.67,7.33,7.33,82.25,0.11,0,Green,2,423.9165715200001,Baja (Arabica),Mill JUA
Arabica,manuel herrera juarez,Mexico,veracruz,10,1 kg,AMECAFE,"August 31st, 2012",Bourbon,Washed / Wet,7.5,7.58,7.42,7.67,7.33,7.42,7.33,82.25,0.13,0,Green,3,1170.0,Media (Arabica),Mill MAN
Arabica,guillermo rojas saldana,Mexico,Other,40,1 kg,AMECAFE,"August 30th, 2012",Typica,Washed / Wet,7.67,7.58,7.33,7.5,7.42,7.42,7.33,82.25,0.12,0,Green,13,1250.0,Media (Arabica),Private Reserve GUI
Arabica,adam kline,El Salvador,Other,288,1 kg,Specialty Coffee Association,"August 21st, 2012",Other,Washed / Wet,7.75,7.33,7.33,7.5,7.5,7.5,7.33,82.25,0.0,2,Green,5,1350.0,Media (Arabica),Select Harvest ADA
Arabica,sergio de la vequia bernardi,Mexico,veracruz,250,1 kg,AMECAFE,"July 11th, 2012",Typica,Washed / Wet,7.33,7.58,7.42,7.67,7.33,7.5,7.42,82.25,0.11,0,Green,0,1100.0,Media (Arabica),Origins SER
Arabica,organizaciones de productores de cafe colimense,Mexico,Other,250,1 kg,AMECAFE,"April 2nd, 2012",Typica,Washed / Wet,7.42,7.5,7.42,7.58,7.42,7.5,7.42,82.25,0.1,0,Green,3,900.0,Baja (Arabica),Origins ORG
Arabica,exportadora de cafe condor s.a,Colombia,huila,250,70 kg,Almacafé,"February 22nd, 2012",Caturra,Washed / Wet,7.5,7.42,7.67,7.33,7.58,7.33,7.42,82.25,0.12,0,Green,1,1750.0,Alta (Arabica),Heritage EXP
Arabica,racafe & cia s.c.a,Colombia,huila,100,70 kg,Almacafé,"February 9th, 2012",Caturra,Washed / Wet,7.67,7.33,7.33,7.33,7.5,7.5,7.58,82.25,0.11,0,Green,0,1775.0,Alta (Arabica),Heritage RAC
Arabica,nucoffee,Brazil,Other,84,60 kg,NUCOFFEE,"January 23rd, 2012",Other,Natural / Dry,7.67,7.58,7.42,7.0,7.5,7.58,7.5,82.25,0.12,0,Green,1,1000.0,Media (Arabica),Heritage NUC
Arabica,racafe & cia s.c.a,Colombia,cauca,149,70 kg,Almacafé,"March 1st, 2011",Caturra,Washed / Wet,7.17,7.25,7.58,7.25,7.58,7.67,7.75,82.25,0.22,0,Green,2,1750.0,Alta (Arabica),Heritage RAC
Arabica,ipanema coffees,Brazil,south of minas,320,60 kg,Brazil Specialty Coffee Association,"August 16th, 2016",Bourbon,Natural / Dry,7.42,7.42,7.5,7.42,7.42,7.5,7.5,82.17,0.11,0,Green,5,934.0,Baja (Arabica),Private Reserve IPA
Arabica,bismarck castro,Honduras,comayagua,200,69 kg,Instituto Hondureño del Café,"June 9th, 2016",Caturra,Washed / Wet,7.5,7.5,7.17,7.42,7.5,7.5,7.58,82.17,0.11,0,Blue-Green,2,1500.0,Alta (Arabica),Heritage BIS
Arabica,"bencafe, s. a.",Nicaragua,jinotega,275,69 kg,Instituto Hondureño del Café,"March 15th, 2016",Caturra,Washed / Wet,7.5,7.5,7.33,7.42,7.5,7.42,7.5,82.17,0.1,0,Green,1,1000.0,Media (Arabica),Origins BEN
Arabica,langiro farm group,"Tanzania, United Republic Of",Other,30,80 kg,Africa Fine Coffee Association,"November 16th, 2015",Bourbon,Washed / Wet,7.58,7.42,7.42,7.33,7.5,7.42,7.5,82.17,0.13,1,Green,6,1650.0,Alta (Arabica),Select Harvest LAN
Arabica,ibero coffee trading co (t) ltd,"Tanzania, United Republic Of",Other,300,60 kg,Tanzanian Coffee Board,"October 20th, 2015",Other,Washed / Wet,7.42,7.42,7.42,7.5,7.5,7.33,7.58,82.17,0.12,0,Green,1,1600.0,Alta (Arabica),Heritage IBE
Arabica,ipanema coffees,Brazil,south of minas,320,2 kg,Brazil Specialty Coffee Association,"October 8th, 2015",Yellow Bourbon,Natural / Dry,6.92,7.58,7.42,7.33,7.83,7.5,7.58,82.17,0.0,0,Green,1,1.0,Baja (Arabica),Private Reserve IPA
Arabica,doi tung development project,Thailand,thailand,1,1 kg,Specialty Coffee Association,"June 9th, 2015",Caturra,Washed / Wet,7.42,7.42,7.17,7.75,7.25,7.67,7.5,82.17,0.12,0,Blue-Green,0,800.0,Baja (Arabica),Origins DOI
Arabica,cadexsa,Honduras,marcala,275,1 kg,Instituto Hondureño del Café,"April 15th, 2015",Catuai,Washed / Wet,7.67,7.5,7.25,7.42,7.58,7.42,7.33,82.17,0.11,0,Green,2,1350.0,Media (Arabica),Select Harvest CAD
Arabica,essencecoffee,Guatemala,Other,250,69 kg,Blossom Valley International,"March 21st, 2015",Bourbon,Washed / Wet,7.42,7.42,7.5,7.5,7.42,7.5,7.42,82.17,0.09,0,Blue-Green,4,1500.0,Alta (Arabica),Private Reserve ESS
Arabica,bourbon specialty coffees,Brazil,cerrado,300,60 kg,Brazil Specialty Coffee Association,"January 15th, 2015",Mundo Novo,Natural / Dry,7.58,7.5,7.42,7.25,7.5,7.42,7.5,82.17,0.12,0,Green,1,1000.0,Media (Arabica),Origins BOU
Arabica,tembo coffee company ltd,"Tanzania, United Republic Of",Other,10,60 kg,Africa Fine Coffee Association,"December 15th, 2014",Other,Washed / Wet,7.75,7.42,7.42,7.58,7.33,7.42,7.25,82.17,0.12,0,Green,1,1700.0,Alta (Arabica),Heritage TEM
Arabica,j.andrade,Mexico,veracruz,200,1 kg,AMECAFE,"July 15th, 2014",Other,Washed / Wet,7.42,7.33,7.17,7.42,7.33,8.17,7.33,82.17,0.12,0,Green,0,1100.0,Media (Arabica),Private Reserve J.A
Arabica,lusso lab,Mexico,"la concordia, chiapas",2,2 kg,Specialty Coffee Association,"April 10th, 2014",Other,Washed / Wet,7.5,7.5,7.33,7.42,7.5,7.42,7.5,82.17,0.1,1,Green,1,1400.0,Media (Arabica),Mill LUS
Arabica,cqi taiwan icp cqi台灣合作夥伴,Taiwan,Other,60,60 kg,Blossom Valley International,"December 26th, 2013",Typica,Other,7.5,7.5,7.5,7.5,7.5,7.5,7.17,82.17,0.11,0,Green,0,1200.0,Media (Arabica),Select Harvest CQI
Arabica,"lin, che-hao krude 林哲豪",Taiwan,"dongshan dist., tainan city 臺南市東山區",80,10 kg,Specialty Coffee Association,"May 29th, 2013",Typica,Washed / Wet,7.67,7.5,7.5,7.17,7.17,7.58,7.58,82.17,0.0,0,Green,0,800.0,Baja (Arabica),Heritage LIN
Arabica,exportadora de cafe condor s.a,Colombia,huila,250,70 kg,Almacafé,"March 20th, 2013",Caturra,Washed / Wet,7.33,7.25,7.25,7.58,7.75,7.5,7.5,82.17,0.0,0,Blue-Green,1,1750.0,Alta (Arabica),Heritage EXP
Arabica,saul m. hernandez ramirez,Mexico,Other,10,1 kg,AMECAFE,"September 27th, 2012",Typica,Washed / Wet,7.5,7.67,7.0,7.5,7.33,7.5,7.67,82.17,0.15,1,Green,9,1144.0,Media (Arabica),Origins SAU
Arabica,the coffee source inc.,Guatemala,oriente,250,1 kg,Specialty Coffee Association,"August 2nd, 2012",Caturra,Washed / Wet,7.25,7.75,7.0,7.75,8.17,7.75,7.17,82.17,0.12,0,Green,2,1350.0,Media (Arabica),Origins THE
Arabica,salvador caro carrion,Mexico,Other,200,1 kg,AMECAFE,"July 11th, 2012",Typica,Washed / Wet,7.5,7.58,7.25,7.5,7.5,7.33,7.5,82.17,0.12,0,Green,4,1000.0,Media (Arabica),Private Reserve SAL
Arabica,organizaciones de productores de cafe colimense,Mexico,Other,60,1 kg,AMECAFE,"July 2nd, 2012",Typica,Washed / Wet,7.0,7.67,7.5,7.5,7.42,7.5,7.58,82.17,0.1,0,Green,1,1200.0,Media (Arabica),Origins ORG
Arabica,exportadora de cafe condor s.a,Colombia,huila,250,70 kg,Almacafé,"February 9th, 2011",Caturra,Washed / Wet,7.58,7.67,7.42,7.17,7.17,7.75,7.42,82.17,0.08,0,Green,0,1800.0,Premium (Arabica),Heritage EXP
Arabica,sanjava coffee,Indonesia,Other,2,1 kg,Specialty Coffee Association of Indonesia,"August 3rd, 2017",Bourbon,Washed / Wet,7.5,7.5,7.42,7.42,7.5,7.42,7.33,82.08,0.15,0,Blue-Green,3,1300.0,Media (Arabica),Select Harvest SAN
Arabica,raúl vargas,Colombia,huila,275,70 kg,Almacafé,"February 20th, 2017",Caturra,Washed / Wet,7.75,7.58,7.42,7.67,7.83,7.58,7.58,82.08,0.0,0,Green,6,1750.0,Alta (Arabica),Origins RAÚ
Arabica,ipanema coffees,Brazil,south of minas,320,60 kg,Brazil Specialty Coffee Association,"August 16th, 2016",Bourbon,Natural / Dry,7.42,7.58,7.42,7.5,7.42,7.25,7.5,82.08,0.11,0,Green,3,894.0,Baja (Arabica),Private Reserve IPA
Arabica,ipanema coffees,Brazil,south of minas,320,2 kg,Brazil Specialty Coffee Association,"October 8th, 2015",Yellow Bourbon,Natural / Dry,7.25,7.25,7.58,7.58,7.25,7.92,7.25,82.08,0.0,0,Green,1,1.0,Baja (Arabica),Private Reserve IPA
Arabica,"cafetalera internacional cafinter, s.a.",Costa Rica,Other,275,350 kg,Specialty Coffee Association of Costa Rica,"April 10th, 2015",Caturra,Washed / Wet,7.75,7.42,7.42,7.25,7.17,7.42,7.67,82.08,0.0,0,Blue-Green,0,1300.0,Media (Arabica),Select Harvest CAF
Arabica,balam hinyula,"Tanzania, United Republic Of",Other,300,2 kg,Tanzanian Coffee Board,"March 25th, 2015",Bourbon,Washed / Wet,7.42,7.33,7.42,7.42,7.5,7.58,7.42,82.08,0.12,0,Green,5,1500.0,Alta (Arabica),Private Reserve BAL
Arabica,ngorogoro convenant estate,"Tanzania, United Republic Of",Other,1,60 kg,Africa Fine Coffee Association,"January 8th, 2015",Other,Washed / Wet,7.42,7.5,7.5,7.33,7.33,7.5,7.5,82.08,0.12,0,Green,3,1600.0,Alta (Arabica),Mill NGO
Arabica,cafe politico,Colombia,Other,1,5 lbs,Specialty Coffee Association,"September 12th, 2014",Caturra,Washed / Wet,7.5,7.42,7.42,7.42,7.67,7.42,7.25,82.08,0.11,1,Green,0,1750.0,Alta (Arabica),Select Harvest CAF
Arabica,"ceca, s.a.",Costa Rica,Other,150,69 kg,Specialty Coffee Association of Costa Rica,"March 21st, 2014",Caturra,Washed / Wet,7.58,7.33,7.33,7.33,7.5,7.67,7.33,82.08,0.11,0,Green,2,13.0,Baja (Arabica),Select Harvest CEC
Arabica,kona pacific farmers cooperative,United States (Hawaii),kona,4,100 lbs,Specialty Coffee Association,"November 26th, 2012",Hawaiian Kona,Natural / Dry,7.25,7.58,7.58,7.25,7.5,7.42,7.5,82.08,0.11,0,Blue-Green,0,157.93516800000003,Baja (Arabica),Private Reserve KON
Arabica,"el equimite, cafetal biodinámico",Mexico,coatepec,35,1 kg,AMECAFE,"September 10th, 2012",Typica,Washed / Wet,7.42,7.58,7.5,7.33,7.42,7.42,7.42,82.08,0.13,0,Green,7,1300.0,Media (Arabica),Origins EL 
Arabica,julio perez hernandez,Mexico,Other,250,1 kg,AMECAFE,"August 30th, 2012",Typica,Washed / Wet,7.5,7.42,7.42,7.5,7.25,7.5,7.5,82.08,0.13,3,Green,13,1800.0,Premium (Arabica),Heritage JUL
Arabica,rosa aurora falcon fernandez,Mexico,coatepec,15,1 kg,AMECAFE,"July 26th, 2012",Typica,Washed / Wet,7.67,7.5,7.25,7.58,7.42,7.33,7.33,82.08,0.11,0,Green,11,1250.0,Media (Arabica),Select Harvest ROS
Arabica,royal base corporation,Other,Other,1,2 kg,Specialty Coffee Association,"July 23rd, 2012",Other,Natural / Dry,7.67,8.0,7.17,7.08,7.67,7.08,7.42,82.08,0.12,0,Green,2,1040.0,Media (Arabica),Select Harvest ROY
Arabica,sergio de la vequia bernardi,Mexico,veracruz,250,1 kg,AMECAFE,"July 11th, 2012",Typica,Washed / Wet,7.58,7.42,7.25,7.75,7.33,7.42,7.33,82.08,0.11,0,Green,1,1250.0,Media (Arabica),Origins SER
Arabica,kona pacific farmers cooperative,United States (Hawaii),kona,10,100 lbs,Specialty Coffee Association,"February 23rd, 2012",Hawaiian Kona,Washed / Wet,7.33,7.5,7.33,7.58,7.08,7.83,7.42,82.08,0.1,0,Green,2,157.93516800000003,Baja (Arabica),Private Reserve KON
Arabica,carcafe ltda ci,Colombia,cauca,275,70 kg,Almacafé,"April 18th, 2011",Caturra,Washed / Wet,7.67,7.42,7.67,7.33,7.25,7.58,7.17,82.08,0.08,1,Green,5,1600.0,Alta (Arabica),Mill CAR
Arabica,bismarck castro,Honduras,Other,275,69 kg,Instituto Hondureño del Café,"June 1st, 2017",Caturra,Washed / Wet,7.5,7.5,7.17,7.5,7.5,7.42,7.42,82.0,0.12,0,Green,1,1600.0,Alta (Arabica),Heritage BIS
Arabica,bismarck castro,Honduras,Other,275,69 kg,Instituto Hondureño del Café,"April 6th, 2017",Caturra,Natural / Dry,7.5,7.5,7.25,7.33,7.42,7.5,7.5,82.0,0.1,0,Green,7,1600.0,Alta (Arabica),Heritage BIS
Arabica,ipanema coffees,Brazil,south of minas,230,60 kg,Brazil Specialty Coffee Association,"August 16th, 2016",Bourbon,Natural / Dry,7.5,7.33,7.42,7.5,7.33,7.42,7.5,82.0,0.11,0,Green,3,944.0,Baja (Arabica),Private Reserve IPA
Arabica,didas,"Tanzania, United Republic Of",Other,2,80 kg,Africa Fine Coffee Association,"November 16th, 2015",Other,Washed / Wet,7.67,7.33,7.33,7.42,7.42,7.42,7.42,82.0,0.13,0,Green,20,1650.0,Alta (Arabica),Private Reserve DID
Arabica,minwook ku,Other,Other,1,2 kg,Specialty Coffee Institute of Asia,"November 5th, 2015",Other,Washed / Wet,7.42,7.5,7.25,7.33,7.5,7.5,7.5,82.0,0.12,0,Blue-Green,0,1250.0,Media (Arabica),Heritage MIN
Arabica,finca estate,"Tanzania, United Republic Of",Other,1,60 kg,Africa Fine Coffee Association,"December 18th, 2014",Other,Washed / Wet,7.42,7.42,7.33,7.58,7.33,7.42,7.5,82.0,0.12,0,Green,3,1350.0,Media (Arabica),Private Reserve FIN
Arabica,afca,Malawi,Other,16,60 kg,Africa Fine Coffee Association,"October 31st, 2014",Gesha,Washed / Wet,7.5,7.42,7.33,7.58,7.33,7.5,7.33,82.0,0.13,0,Blue-Green,1,2500.0,Premium (Arabica),Private Reserve AFC
Arabica,"lin, che-hao krude 林哲豪",Taiwan,"dongshan dist., tainan city 臺南市東山區",50,20 kg,Specialty Coffee Association,"July 22nd, 2014",Typica,Washed / Wet,7.33,7.5,7.17,7.42,7.5,7.33,7.75,82.0,0.09,0,Green,0,600.0,Baja (Arabica),Heritage LIN
Arabica,doi tung development project,Thailand,thailand,1,1 kg,Specialty Coffee Association,"June 20th, 2014",Caturra,Washed / Wet,7.58,7.5,7.42,7.42,7.33,7.42,7.33,82.0,0.11,0,Green,0,800.0,Baja (Arabica),Origins DOI
Arabica,eric thormaehlen,Costa Rica,Other,250,1 kg,Specialty Coffee Association of Costa Rica,"June 9th, 2014",Catuai,Washed / Wet,7.5,7.25,7.33,7.33,7.75,7.5,7.33,82.0,0.1,0,Green,4,1300.0,Media (Arabica),Heritage ERI
Arabica,beneficio santa rosa,Honduras,Other,275,69 kg,Instituto Hondureño del Café,"April 30th, 2014",Caturra,Washed / Wet,7.33,7.33,7.33,7.5,7.5,7.83,7.17,82.0,0.11,0,Green,5,1400.0,Media (Arabica),Private Reserve BEN
Arabica,racafe & cia s.c.a,Colombia,huila,250,70 kg,Almacafé,"September 13th, 2013",Caturra,Washed / Wet,7.33,7.33,7.58,7.5,7.5,7.58,7.17,82.0,0.11,0,Green,1,1900.0,Premium (Arabica),Heritage RAC
Arabica,"lin, che-hao krude 林哲豪",Taiwan,"dongshan dist., tainan city 臺南市東山區",30,10 kg,Specialty Coffee Association,"June 3rd, 2013",Typica,Washed / Wet,7.42,7.58,7.33,7.42,8.0,7.5,7.42,82.0,0.12,0,Blue-Green,0,650.0,Baja (Arabica),Heritage LIN
Arabica,owen carver,Brazil,Other,1,2 kg,Specialty Coffee Association,"May 21st, 2013",Mundo Novo,Natural / Dry,7.33,7.67,7.42,7.17,7.33,7.42,7.67,82.0,0.11,0,Blue-Green,0,1038.5,Media (Arabica),Select Harvest OWE
Arabica,jorge octavio escamilla prado,Mexico,Other,15,1 kg,AMECAFE,"July 11th, 2012",Typica,Washed / Wet,7.67,7.33,7.25,7.5,7.42,7.42,7.42,82.0,0.12,0,Green,1,940.0,Baja (Arabica),Origins JOR
Arabica,nucoffee,Brazil,south of minas,50,60 kg,NUCOFFEE,"June 4th, 2012",Mundo Novo,Natural / Dry,7.42,7.5,7.33,7.5,7.33,7.5,7.42,82.0,0.12,0,Green,1,1000.0,Media (Arabica),Heritage NUC
Arabica,nucoffee,Brazil,cerrado,75,60 kg,NUCOFFEE,"April 11th, 2012",Catuai,Semi-Washed / Semi-Pulped,7.42,7.5,7.25,7.5,7.5,7.42,7.42,82.0,0.11,0,Blue-Green,1,1050.0,Media (Arabica),Heritage NUC
Arabica,juan luis alvarado romero,Guatemala,san marcos,250,1 kg,Asociacion Nacional Del Café,"March 26th, 2012",Bourbon,Natural / Dry,7.33,7.33,7.33,7.5,7.67,7.67,7.17,82.0,0.11,0,Green,3,431.999136,Baja (Arabica),Mill JUA
Arabica,nucoffee,Brazil,south of minas,53,60 kg,NUCOFFEE,"February 17th, 2012",Mundo Novo,Semi-Washed / Semi-Pulped,7.58,7.5,7.17,7.5,7.5,7.42,7.33,82.0,0.12,0,Green,2,950.0,Baja (Arabica),Heritage NUC
Arabica,felipe isaza,Guatemala,oriente,250,2 kg,Specialty Coffee Association,"February 1st, 2012",Bourbon,Washed / Wet,7.75,7.33,7.33,7.42,7.75,7.67,7.42,82.0,0.0,0,Green,10,427.353984,Baja (Arabica),Private Reserve FEL
Arabica,racafe & cia s.c.a,Colombia,huila,150,70 kg,Almacafé,"July 29th, 2011",Caturra,Washed / Wet,7.33,7.0,7.08,7.42,7.5,7.67,8.0,82.0,0.07,0,Green,2,1775.0,Alta (Arabica),Heritage RAC
Arabica,juan luis alvarado romero,Guatemala,oriente,25,69 kg,Asociacion Nacional Del Café,"August 22nd, 2017",Bourbon,Washed / Wet,7.58,7.5,7.25,7.58,7.58,7.5,7.58,81.92,0.1,0,Green,1,1901.0,Premium (Arabica),Mill JUA
Arabica,juan luis alvarado romero,Guatemala,santa rosa,50,69 kg,Asociacion Nacional Del Café,"June 22nd, 2017",Bourbon,Washed / Wet,7.5,7.5,7.25,7.42,7.42,7.42,7.42,81.92,0.11,0,Green,0,371.61216,Baja (Arabica),Mill JUA
Arabica,bismarck castro,Honduras,comayagua,274,67 kg,Instituto Hondureño del Café,"June 1st, 2017",Caturra,Washed / Wet,7.58,7.5,7.25,7.33,7.42,7.5,7.33,81.92,0.12,0,Green,1,1400.0,Media (Arabica),Heritage BIS
Arabica,gabriel barbara,Brazil,Other,305,59 kg,Brazil Specialty Coffee Association,"October 26th, 2016",Catuai,Natural / Dry,7.42,7.33,7.33,7.5,7.5,7.33,7.5,81.92,0.11,0,Green,4,1020.0,Media (Arabica),Private Reserve GAB
Arabica,consejo salvadoreño del café,El Salvador,Other,275,69 kg,Salvadoran Coffee Council,"May 5th, 2015",Bourbon,Washed / Wet,7.67,7.58,7.33,7.5,7.5,7.67,7.33,81.92,0.11,0,Green,2,1250.0,Media (Arabica),Heritage CON
Arabica,juan luis alvarado romero,Guatemala,Other,275,69 kg,Asociacion Nacional Del Café,"April 20th, 2015",Catuai,Washed / Wet,7.58,7.58,7.17,7.83,7.17,7.33,7.25,81.92,0.11,0,Green,7,1550.0,Alta (Arabica),Mill JUA
Arabica,mcomafa co ltd,"Tanzania, United Republic Of",Other,114,60 kg,Africa Fine Coffee Association,"January 6th, 2015",Other,Washed / Wet,7.33,7.33,7.33,7.42,7.5,7.58,7.42,81.92,0.12,0,Green,4,1877.0,Premium (Arabica),Mill MCO
Arabica,chris finch,Nicaragua,Other,275,5 lbs,Specialty Coffee Association,"July 29th, 2014",Caturra,Washed / Wet,7.58,7.42,7.25,7.17,7.5,7.67,7.33,81.92,0.12,3,Green,4,1100.0,Media (Arabica),Private Reserve CHR
Arabica,lusso lab,Other,Other,13,2 kg,Specialty Coffee Association,"June 20th, 2014",SL28,Washed / Wet,7.67,7.08,7.42,7.33,7.75,7.42,7.25,81.92,0.0,1,Other,3,1250.0,Media (Arabica),Mill LUS
Arabica,rob tuttle,Honduras,Other,1,2 kg,Specialty Coffee Association,"January 17th, 2014",Caturra,Washed / Wet,7.42,7.33,7.33,7.58,7.33,7.5,7.42,81.92,0.11,0,Green,0,1400.0,Media (Arabica),Heritage ROB
Arabica,cqi taiwan icp cqi台灣合作夥伴,Taiwan,Other,35,30 kg,Blossom Valley International,"December 26th, 2013",Typica,Other,7.5,7.5,7.42,7.25,7.5,7.5,7.25,81.92,0.11,0,Green,0,1000.0,Media (Arabica),Select Harvest CQI
Arabica,calixto guillen vazquez,Mexico,chiapas,450,1 kg,AMECAFE,"March 29th, 2013",Bourbon,Washed / Wet,7.58,7.5,7.25,7.58,7.5,7.25,7.25,81.92,0.12,0,Green,6,1300.0,Media (Arabica),Origins CAL
Arabica,saul m. hernandez ramirez,Mexico,Other,10,1 kg,AMECAFE,"September 27th, 2012",Typica,Semi-Washed / Semi-Pulped,7.5,7.5,7.25,7.25,7.5,7.5,7.42,81.92,0.13,2,Green,7,981.0,Baja (Arabica),Origins SAU
Arabica,saul m. hernandez ramirez,Mexico,Other,10,1 kg,AMECAFE,"September 27th, 2012",Mundo Novo,Washed / Wet,7.5,7.42,7.25,7.5,7.33,7.33,7.58,81.92,0.14,2,Green,8,690.0,Baja (Arabica),Origins SAU
Arabica,juan hermilio sampieri carcamo,Mexico,veracruz,30,1 kg,AMECAFE,"July 11th, 2012",Other,Washed / Wet,7.33,7.58,7.17,7.58,7.42,7.33,7.5,81.92,0.12,0,Green,4,1650.0,Alta (Arabica),Mill JUA
Arabica,modesto landeros flores,Mexico,Other,62,1 kg,AMECAFE,"July 11th, 2012",Bourbon,Washed / Wet,7.67,7.42,7.33,7.83,7.5,7.5,7.33,81.92,0.12,0,Green,0,1000.0,Media (Arabica),Private Reserve MOD
Arabica,nucoffee,Brazil,Other,8,60 kg,NUCOFFEE,"February 29th, 2012",Mundo Novo,Natural / Dry,7.42,7.58,7.25,7.5,7.33,7.5,7.33,81.92,0.12,0,Green,3,1100.0,Media (Arabica),Heritage NUC
Arabica,exportadora de cafe condor s.a,Colombia,cundinamarca,250,70 kg,Almacafé,"February 1st, 2011",Caturra,Washed / Wet,7.67,7.33,7.33,7.58,7.33,7.33,7.33,81.92,0.09,0,Green,1,1600.0,Alta (Arabica),Heritage EXP
Arabica,juan luis alvarado romero,Guatemala,oriente,25,69 kg,Asociacion Nacional Del Café,"August 22nd, 2017",Bourbon,Washed / Wet,7.42,7.5,7.25,7.5,7.33,7.42,7.42,81.83,0.1,1,Green,1,48.12377472000001,Baja (Arabica),Mill JUA
Arabica,troy quimby,Costa Rica,tarrazu,15,46 kg,Specialty Coffee Association,"February 13th, 2017",Catuai,Pulped Natural / Honey,7.25,7.33,7.5,7.33,7.67,7.42,7.33,81.83,0.0,1,Green,4,1900.0,Premium (Arabica),Private Reserve TRO
Arabica,gabriel barbara,Brazil,Other,200,59 kg,Brazil Specialty Coffee Association,"January 20th, 2017",Mundo Novo,Natural / Dry,7.42,7.5,7.42,7.5,7.42,7.25,7.33,81.83,0.11,0,Green,3,973.0,Baja (Arabica),Private Reserve GAB
Arabica,aulia arif syahri,Indonesia,Other,166,30 kg,Specialty Coffee Association,"January 19th, 2017",Other,Other,7.75,7.83,7.58,7.75,7.92,7.83,5.17,81.83,0.11,0,Green,0,1250.0,Media (Arabica),Origins AUL
Arabica,juan luis alvarado romero,Guatemala,Other,130,69 kg,Asociacion Nacional Del Café,"August 2nd, 2016",Bourbon,Washed / Wet,7.58,7.5,7.33,7.42,7.58,7.25,7.17,81.83,0.1,2,Green,6,3280.0,Premium (Arabica),Mill JUA
Arabica,ipanema coffees,Brazil,south of minas,320,2 kg,Brazil Specialty Coffee Association,"October 8th, 2015",Yellow Bourbon,Natural / Dry,7.17,7.58,6.83,7.5,7.75,7.25,7.75,81.83,0.0,0,Green,1,1.0,Baja (Arabica),Private Reserve IPA
Arabica,ipanema coffees,Brazil,south of minas,300,2 kg,Brazil Specialty Coffee Association,"October 8th, 2015",Yellow Bourbon,Natural / Dry,7.58,7.0,6.92,6.92,7.67,7.5,8.25,81.83,0.0,0,Green,0,1.0,Baja (Arabica),Private Reserve IPA
Arabica,viridiana,Mexico,chiapas,250,2 kg,Asociación Mexicana De Cafés y Cafeterías De Especialidad A.C.,"June 25th, 2015",Catuai,Washed / Wet,7.58,7.5,7.33,7.5,7.17,7.33,7.42,81.83,0.11,0,Green,7,1425.0,Media (Arabica),Heritage VIR
Arabica,cadexsa,Honduras,marcala,275,1 kg,Instituto Hondureño del Café,"May 12th, 2015",Catuai,Washed / Wet,7.5,7.5,7.33,7.5,7.42,7.25,7.33,81.83,0.12,0,Green,1,1400.0,Media (Arabica),Select Harvest CAD
Arabica,"cafetalera internacional cafinter, s.a.",Costa Rica,Other,275,18975 kg,Specialty Coffee Association of Costa Rica,"May 7th, 2015",Caturra,Washed / Wet,7.67,7.5,7.5,7.25,7.08,7.42,7.42,81.83,0.09,0,Green,0,1300.0,Media (Arabica),Select Harvest CAF
Arabica,"lin, che-hao krude 林哲豪",Taiwan,"dongshan dist., tainan city 臺南市東山區",8,5 kg,Specialty Coffee Association,"April 30th, 2015",Typica,Washed / Wet,7.67,7.33,7.17,7.25,7.75,7.33,7.33,81.83,0.0,0,Green,0,700.0,Baja (Arabica),Heritage LIN
Arabica,essencecoffee,Indonesia,Other,300,10 kg,Blossom Valley International,"March 21st, 2015",Typica,Other,7.42,7.42,7.42,7.33,7.42,7.42,7.42,81.83,0.11,2,Blue-Green,6,1300.0,Media (Arabica),Private Reserve ESS
Arabica,afca,Malawi,Other,24,60 kg,Africa Fine Coffee Association,"October 31st, 2014",Gesha,Washed / Wet,7.58,7.42,7.33,7.33,7.33,7.42,7.42,81.83,0.13,0,Green,0,1556.0,Alta (Arabica),Private Reserve AFC
Arabica,ipanema coffees,Brazil,south of minas,320,2 kg,Specialty Coffee Association,"October 15th, 2014",Bourbon,Natural / Dry,7.33,7.58,7.25,7.17,7.83,7.33,7.33,81.83,0.11,0,Green,0,1100.0,Media (Arabica),Private Reserve IPA
Arabica,Desconocido,Honduras,comayagua,275,1 kg,Instituto Hondureño del Café,"May 16th, 2014",Caturra,Natural / Dry,7.5,7.5,7.33,7.33,7.33,7.33,7.5,81.83,0.1,0,Green,4,1350.0,Media (Arabica),Private Reserve DES
Arabica,kurt kappeli,Mexico,Other,280,2 kg,Specialty Coffee Association,"April 26th, 2014",Typica,Washed / Wet,7.42,7.42,7.25,7.5,7.33,7.42,7.5,81.83,0.11,0,Green,0,1550.0,Alta (Arabica),Origins KUR
Arabica,racafe & cia s.c.a,Colombia,huila,50,70 kg,Almacafé,"July 19th, 2013",Caturra,Washed / Wet,7.5,7.5,7.0,7.42,7.5,7.58,7.33,81.83,0.0,2,Blue-Green,0,1775.0,Alta (Arabica),Heritage RAC
Arabica,kona pacific farmers cooperative,United States (Hawaii),kona,19,100 lbs,Specialty Coffee Association,"March 6th, 2013",Hawaiian Kona,Natural / Dry,7.83,7.83,7.83,8.0,7.83,7.83,8.0,81.83,0.0,1,Blue-Green,1,157.93516800000003,Baja (Arabica),Private Reserve KON
Arabica,jacques pereira carneiro,Brazil,Other,300,60 kg,Specialty Coffee Association,"March 2nd, 2013",Bourbon,Semi-Washed / Semi-Pulped,7.75,7.75,7.5,7.42,7.83,7.75,7.83,81.83,0.12,0,Blue-Green,0,1250.0,Media (Arabica),Select Harvest JAC
Arabica,juan luis alvarado romero,Guatemala,oriente,250,69 kg,Asociacion Nacional Del Café,"February 26th, 2013",Bourbon,Washed / Wet,7.83,7.67,7.33,7.33,7.67,7.83,7.5,81.83,0.11,0,Green,1,399.4830720000001,Baja (Arabica),Mill JUA
Arabica,christina dusing,Mexico,veracruz,302,1 kg,AMECAFE,"August 31st, 2012",Bourbon,Washed / Wet,7.83,7.33,7.25,7.58,7.25,7.33,7.25,81.83,0.12,0,Green,2,1500.0,Alta (Arabica),Origins CHR
Arabica,jorge francisco martinez hachity,Mexico,coatepec,15,1 kg,AMECAFE,"July 11th, 2012",Typica,Semi-Washed / Semi-Pulped,7.33,7.33,7.25,7.5,7.5,7.5,7.42,81.83,0.12,0,Green,10,1250.0,Media (Arabica),Select Harvest JOR
Arabica,nucoffee,Brazil,cerrado,58,60 kg,NUCOFFEE,"October 28th, 2011",Mundo Novo,Natural / Dry,7.33,7.67,7.25,7.5,7.5,7.25,7.33,81.83,0.02,0,Green,2,925.0,Baja (Arabica),Heritage NUC
Arabica,exportadora de cafe condor s.a,Colombia,huila,250,70 kg,Almacafé,"June 14th, 2011",Caturra,Washed / Wet,7.58,7.5,7.17,7.58,7.33,7.33,7.33,81.83,0.05,0,Green,0,1700.0,Alta (Arabica),Heritage EXP
Arabica,kona pacific farmers cooperative,United States (Hawaii),kona,30,0 lbs,Specialty Coffee Association,"May 24th, 2010",Hawaiian Kona,Natural / Dry,7.25,7.58,7.83,7.67,7.75,7.75,7.33,81.83,0.02,3,Blue-Green,12,157.93516800000003,Baja (Arabica),Private Reserve KON
Arabica,juan luis alvarado romero,Guatemala,san marcos,50,69 kg,Asociacion Nacional Del Café,"June 22nd, 2017",Bourbon,Washed / Wet,7.5,7.5,7.25,7.42,7.42,7.33,7.33,81.75,0.11,0,Green,1,1700.0,Alta (Arabica),Mill JUA
Arabica,"sunvirtue co., ltd.",Other,Other,1,2 kg,Specialty Coffee Association,"December 21st, 2015",Caturra,Washed / Wet,7.0,7.08,7.33,7.5,7.5,7.33,8.0,81.75,0.12,0,Blue-Green,0,1040.0,Media (Arabica),Heritage SUN
Arabica,ngorogoro convenant estate,"Tanzania, United Republic Of",Other,1,60 kg,Africa Fine Coffee Association,"January 8th, 2015",Other,Washed / Wet,7.42,7.42,7.42,7.42,7.33,7.33,7.42,81.75,0.12,0,Blue-Green,4,1600.0,Alta (Arabica),Mill NGO
Arabica,cafe politico,Brazil,Other,1,5 lbs,Specialty Coffee Association,"August 25th, 2014",Bourbon,Natural / Dry,7.17,7.25,7.17,7.25,7.42,8.25,7.25,81.75,0.1,0,Blue-Green,1,1000.0,Media (Arabica),Select Harvest CAF
Arabica,saul m. hernandez ramirez,Mexico,Other,10,1 kg,AMECAFE,"September 27th, 2012",Bourbon,Washed / Wet,7.5,7.5,7.33,7.42,7.25,7.25,7.5,81.75,0.13,2,Green,9,774.0,Baja (Arabica),Origins SAU
Arabica,sergio landa alarcon,Mexico,Other,100,1 kg,AMECAFE,"September 10th, 2012",Mundo Novo,Washed / Wet,7.42,7.5,7.17,7.67,7.33,7.42,7.25,81.75,0.13,0,Green,23,1250.0,Media (Arabica),Origins SER
Arabica,diego manuel woolrich ramirez,Mexico,Other,42,1 kg,AMECAFE,"September 4th, 2012",Typica,Washed / Wet,7.42,7.5,7.33,7.58,7.33,7.33,7.25,81.75,0.11,0,Green,1,1100.0,Media (Arabica),Select Harvest DIE
Arabica,armando luis pohlenz martinez,Mexico,la concordia,250,1 kg,AMECAFE,"August 30th, 2012",Caturra,Washed / Wet,7.33,7.42,7.33,7.67,7.42,7.25,7.33,81.75,0.12,10,Green,14,1550.0,Alta (Arabica),Select Harvest ARM
Arabica,enrique eduardo lopez aguilar,Mexico,la concordia,28,1 kg,AMECAFE,"June 6th, 2012",Typica,Washed / Wet,7.5,7.42,7.25,7.33,7.67,7.25,7.33,81.75,0.12,0,Green,1,1650.0,Alta (Arabica),Origins ENR
Arabica,exportadora de cafe condor s.a,Colombia,huila,250,70 kg,Almacafé,"December 22nd, 2011",Caturra,Washed / Wet,7.33,7.42,7.33,7.33,7.5,7.67,7.17,81.75,0.0,0,Green,1,1750.0,Alta (Arabica),Heritage EXP
Arabica,racafe & cia s.c.a,Colombia,huila,275,70 kg,Almacafé,"October 4th, 2011",Caturra,Washed / Wet,7.42,7.58,6.92,7.08,7.25,8.0,7.5,81.75,0.08,0,Green,0,1775.0,Alta (Arabica),Heritage RAC
Arabica,ipanema coffees,Brazil,south of minas,320,60 kg,Brazil Specialty Coffee Association,"October 20th, 2017",Bourbon,Natural / Dry,7.42,7.5,7.25,7.5,7.5,7.25,7.25,81.67,0.11,0,Green,5,890.0,Baja (Arabica),Private Reserve IPA
Arabica,juan luis alvarado romero,Guatemala,san marcos,50,69 kg,Asociacion Nacional Del Café,"August 22nd, 2017",Bourbon,Washed / Wet,7.42,7.42,7.08,7.42,7.33,7.42,7.58,81.67,0.1,0,Green,1,1700.0,Alta (Arabica),Mill JUA
Arabica,juan luis alvarado romero,Guatemala,santa rosa,80,69 kg,Asociacion Nacional Del Café,"June 5th, 2017",Bourbon,Washed / Wet,7.42,7.33,7.17,7.67,7.33,7.42,7.33,81.67,0.12,0,Green,3,371.61216,Baja (Arabica),Mill JUA
Arabica,cadexsa,Honduras,marcala,275,69 kg,Instituto Hondureño del Café,"May 2nd, 2016",Catuai,Washed / Wet,7.58,7.5,7.33,7.33,7.42,7.25,7.25,81.67,0.11,0,Blue-Green,2,1450.0,Media (Arabica),Select Harvest CAD
Arabica,taylor winch (coffee) ltd.,"Tanzania, United Republic Of",Other,320,60 kg,Tanzanian Coffee Board,"April 27th, 2016",Other,Washed / Wet,7.17,7.33,7.33,7.42,7.5,7.33,7.58,81.67,0.0,0,Green,1,1800.0,Premium (Arabica),Heritage TAY
Arabica,"comercial internacional exportadora, s.a.",Nicaragua,jinotega,275,69 kg,Instituto Hondureño del Café,"March 11th, 2016",Caturra,Washed / Wet,7.58,7.5,7.25,7.25,7.5,7.25,7.33,81.67,0.1,0,Green,1,1100.0,Media (Arabica),Private Reserve COM
Arabica,racafe & cia s.c.a,Colombia,Other,165,70 kg,Almacafé,"January 21st, 2016",Caturra,Washed / Wet,7.75,7.75,7.75,7.67,5.25,7.83,7.67,81.67,0.0,0,Green,1,1750.0,Alta (Arabica),Heritage RAC
Arabica,ipanema coffees,Brazil,south of minas,320,2 kg,Brazil Specialty Coffee Association,"October 8th, 2015",Yellow Bourbon,Natural / Dry,7.25,7.75,6.92,7.42,7.5,7.58,7.25,81.67,0.0,0,Green,0,1.0,Baja (Arabica),Private Reserve IPA
Arabica,dae ltd company,"Tanzania, United Republic Of",Other,20,60 kg,Africa Fine Coffee Association,"January 2nd, 2015",Other,Washed / Wet,7.42,7.33,7.25,7.42,7.5,7.42,7.33,81.67,0.12,0,Green,0,1500.0,Alta (Arabica),Select Harvest DAE
Arabica,tembo coffee company ltd,"Tanzania, United Republic Of",Other,10,60 kg,Africa Fine Coffee Association,"December 15th, 2014",Other,Washed / Wet,7.33,7.33,7.5,7.25,7.42,7.33,7.5,81.67,0.12,0,Green,7,1700.0,Alta (Arabica),Heritage TEM
Arabica,ipanema coffees,Brazil,south of minas,300,2 kg,Specialty Coffee Association,"October 16th, 2014",Bourbon,Washed / Wet,7.25,7.42,7.25,7.5,7.5,7.42,7.33,81.67,0.1,0,Green,2,1260.0,Media (Arabica),Private Reserve IPA
Arabica,chris finch,Indonesia,Other,320,4 kg,Specialty Coffee Association,"May 23rd, 2014",Other,Semi-Washed / Semi-Pulped,7.17,7.42,7.33,7.42,7.33,7.42,7.58,81.67,0.11,0,Blue-Green,0,1350.0,Media (Arabica),Private Reserve CHR
Arabica,Desconocido,Honduras,comayagua,275,1 kg,Instituto Hondureño del Café,"May 16th, 2014",Caturra,Natural / Dry,7.5,7.33,7.5,7.5,7.17,7.17,7.5,81.67,0.1,0,Green,5,1400.0,Media (Arabica),Private Reserve DES
Arabica,"ceca, s.a.",Costa Rica,tarrazu,275,69 kg,Specialty Coffee Association of Costa Rica,"April 26th, 2014",Caturra,Washed / Wet,7.5,7.17,7.17,7.17,7.5,7.08,8.08,81.67,0.11,0,Green,3,1850.0,Premium (Arabica),Select Harvest CEC
Arabica,dane loraas,Mexico,veracruz,320,5 lbs,Specialty Coffee Association,"April 2nd, 2014",Typica,Washed / Wet,7.42,7.42,7.67,8.0,7.58,7.5,7.42,81.67,0.0,0,Green,4,1250.0,Media (Arabica),Heritage DAN
Arabica,cqi taiwan icp cqi台灣合作夥伴,Taiwan,Other,10,30 kg,Blossom Valley International,"December 26th, 2013",Typica,Semi-Washed / Semi-Pulped,7.5,7.5,7.5,7.25,7.42,7.25,7.25,81.67,0.11,0,Green,0,150.0,Baja (Arabica),Select Harvest CQI
Arabica,cqi taiwan icp cqi台灣合作夥伴,Taiwan,Other,10,30 kg,Blossom Valley International,"December 26th, 2013",Typica,Washed / Wet,7.58,7.42,7.33,7.42,7.33,7.33,7.25,81.67,0.11,0,Green,0,750.0,Baja (Arabica),Select Harvest CQI
Arabica,fredy gordillo reyes,Mexico,"la concordia, chiapas",310,1 kg,AMECAFE,"March 29th, 2013",Typica,Washed / Wet,7.5,7.42,7.08,7.58,7.33,7.33,7.42,81.67,0.12,0,Green,6,1400.0,Media (Arabica),Select Harvest FRE
Arabica,juan luis alvarado romero,Guatemala,Other,275,69 kg,Asociacion Nacional Del Café,"October 5th, 2012",Bourbon,Washed / Wet,7.5,7.67,7.33,7.33,7.33,7.33,7.17,81.67,0.11,0,Green,4,534.19248,Baja (Arabica),Mill JUA
Arabica,virginia gordillo gordillo,Mexico,Other,100,1 kg,AMECAFE,"September 11th, 2012",Typica,Washed / Wet,7.25,7.67,7.58,7.67,7.67,7.58,7.58,81.67,0.13,1,Green,13,1650.0,Alta (Arabica),Heritage VIR
Arabica,jose luis munoz guerrero,Mexico,Other,15,1 kg,AMECAFE,"August 30th, 2012",Bourbon,Washed / Wet,7.67,7.25,7.17,7.75,7.5,7.25,7.08,81.67,0.11,0,Green,4,1400.0,Media (Arabica),Heritage JOS
Arabica,christina dusing,Mexico,veracruz,275,1 kg,AMECAFE,"July 27th, 2012",Bourbon,Washed / Wet,7.5,7.42,7.33,7.42,7.42,7.42,7.17,81.67,0.11,0,Green,2,1200.0,Media (Arabica),Origins CHR
Arabica,alfredo bojalil,Mexico,"la concordia, chiapas",250,1 kg,AMECAFE,"April 2nd, 2012",Bourbon,Washed / Wet,7.58,7.42,7.25,7.58,7.25,7.17,7.42,81.67,0.11,0,Green,2,1400.0,Media (Arabica),Origins ALF
Arabica,miguel cortes moreno,Mexico,Other,12,1 kg,AMECAFE,"February 29th, 2012",Caturra,Semi-Washed / Semi-Pulped,7.75,7.58,7.25,7.17,7.58,7.33,7.67,81.67,0.11,0,Green,4,940.0,Baja (Arabica),Mill MIG
Arabica,kona pacific farmers cooperative,United States (Hawaii),kona,13,100 lbs,Specialty Coffee Association,"February 8th, 2012",Hawaiian Kona,Washed / Wet,7.42,7.33,7.33,7.33,7.17,7.83,7.25,81.67,0.1,1,Green,1,157.93516800000003,Baja (Arabica),Private Reserve KON
Arabica,mdh,Honduras,Other,275,69 kg,Instituto Hondureño del Café,"January 19th, 2018",Catimor,Washed / Wet,7.5,7.42,7.08,7.42,7.5,7.33,7.33,81.58,0.11,0,Blue-Green,3,1200.0,Media (Arabica),Select Harvest MDH
Arabica,"lin, che-hao krude 林哲豪",Taiwan,Other,20,50 kg,Specialty Coffee Association,"July 15th, 2016",Typica,Washed / Wet,7.42,7.42,7.25,7.67,7.33,7.25,7.25,81.58,0.1,0,Blue-Green,0,800.0,Baja (Arabica),Heritage LIN
Arabica,"ceca, s.a.",Costa Rica,Other,250,69 kg,Specialty Coffee Association of Costa Rica,"February 3rd, 2015",Caturra,Washed / Wet,7.58,7.42,7.5,7.17,7.08,7.58,7.25,81.58,0.12,0,Green,1,13.0,Baja (Arabica),Select Harvest CEC
Arabica,acacia hills ltd,"Tanzania, United Republic Of",Other,100,60 kg,Africa Fine Coffee Association,"December 18th, 2014",Other,Washed / Wet,7.42,7.42,7.33,7.42,7.42,7.33,7.25,81.58,0.12,0,Green,5,1800.0,Premium (Arabica),Mill ACA
Arabica,afca,Malawi,Other,10,60 kg,Africa Fine Coffee Association,"October 31st, 2014",Gesha,Washed / Wet,7.42,7.42,7.17,7.58,7.33,7.33,7.33,81.58,0.13,0,Green,0,1100.0,Media (Arabica),Private Reserve AFC
Arabica,"lin, che-hao krude 林哲豪",Taiwan,Other,50,20 kg,Specialty Coffee Association,"August 25th, 2014",Typica,Semi-Washed / Semi-Pulped,7.33,7.17,7.08,7.08,8.33,8.25,7.0,81.58,0.0,0,Green,0,850.0,Baja (Arabica),Heritage LIN
Arabica,ipanema coffees,Brazil,south of minas,300,60 kg,NUCOFFEE,"November 6th, 2013",Yellow Bourbon,Washed / Wet,7.42,7.42,7.33,7.33,7.5,7.25,7.33,81.58,0.12,0,Blue-Green,3,1260.0,Media (Arabica),Private Reserve IPA
Arabica,juan luis alvarado romero,Guatemala,oriente,250,69 kg,Asociacion Nacional Del Café,"July 16th, 2013",Bourbon,Washed / Wet,7.42,7.33,7.17,7.58,7.42,7.5,7.17,81.58,0.12,0,Green,1,399.4830720000001,Baja (Arabica),Mill JUA
Arabica,fredy gordillo reyes,Mexico,"la concordia, chiapas",310,1 kg,AMECAFE,"March 29th, 2013",Typica,Washed / Wet,7.67,7.5,7.42,7.5,6.75,7.42,7.33,81.58,0.12,0,Green,9,1400.0,Media (Arabica),Select Harvest FRE
Arabica,enrique eduardo lopez aguilar,Mexico,la concordia,28,1 kg,AMECAFE,"June 6th, 2012",Other,Natural / Dry,7.33,7.5,7.25,7.5,7.5,7.17,7.33,81.58,0.11,0,Green,0,1600.0,Alta (Arabica),Origins ENR
Arabica,enrique eduardo lopez aguilar,Mexico,la concordia,28,1 kg,AMECAFE,"June 6th, 2012",Typica,Natural / Dry,7.67,7.58,7.42,7.58,7.58,7.42,7.67,81.58,0.11,0,Green,2,1650.0,Alta (Arabica),Origins ENR
Arabica,doi chaang coffee company,Thailand,Other,12,50 kg,Specialty Coffee Association,"November 16th, 2011",Caturra,Washed / Wet,7.08,7.33,7.58,7.58,7.17,7.5,7.33,81.58,0.01,0,Blue-Green,0,457.17585984,Baja (Arabica),Heritage DOI
Arabica,doi tung development project,Thailand,Other,1,60 kg,Specialty Coffee Association,"August 16th, 2011",Caturra,Washed / Wet,7.33,7.33,7.17,7.5,7.58,7.33,7.33,81.58,0.2,0,Blue-Green,0,800.0,Baja (Arabica),Origins DOI
Arabica,benjamin schmerler,Costa Rica,tarrazu,1,60 kg,Specialty Coffee Association,"June 14th, 2011",Caturra,Washed / Wet,7.25,7.17,7.33,7.33,7.5,7.75,7.25,81.58,0.0,0,Green,1,487.74096,Baja (Arabica),Heritage BEN
Arabica,juan luis alvarado romero,Guatemala,santa rosa,50,69 kg,Asociacion Nacional Del Café,"August 23rd, 2017",Bourbon,Washed / Wet,7.67,7.58,7.17,7.42,7.33,7.42,7.58,81.5,0.1,0,Green,0,371.61216,Baja (Arabica),Mill JUA
Arabica,"exportadora atlantic, s.a.",Nicaragua,Other,550,69 kg,Instituto Hondureño del Café,"June 20th, 2017",Caturra,Other,7.5,7.42,7.33,7.33,7.25,7.33,7.33,81.5,0.11,0,Green,3,1100.0,Media (Arabica),Select Harvest EXP
Arabica,elsy reyes,Honduras,comayagua,275,69 kg,Instituto Hondureño del Café,"June 3rd, 2017",Caturra,Washed / Wet,7.5,7.5,7.33,7.42,7.17,7.25,7.33,81.5,0.1,0,Green,5,1400.0,Media (Arabica),Mill ELS
Arabica,juan luis alvarado romero,Guatemala,santa rosa,50,69 kg,Asociacion Nacional Del Café,"June 1st, 2017",Bourbon,Washed / Wet,7.5,7.42,7.25,7.25,7.5,7.25,7.33,81.5,0.12,0,Green,0,431.999136,Baja (Arabica),Mill JUA
Arabica,cqi taiwan icp cqi台灣合作夥伴,Taiwan,Other,123,2 kg,Blossom Valley International,"September 17th, 2015",Typica,Natural / Dry,7.5,7.42,7.33,7.08,7.58,7.25,7.33,81.5,0.12,0,Green,2,180.0,Baja (Arabica),Select Harvest CQI
Arabica,genius coffee,Other,Other,1,1 kg,Coffee Quality Institute,"July 17th, 2015",Catuai,Washed / Wet,7.25,7.42,7.25,7.5,7.33,7.33,7.42,81.5,0.0,0,Green,4,371.61216,Baja (Arabica),Mill GEN
Arabica,santa laura exportadora de cafe s.l.e.c. s.a.,Costa Rica,Other,250,1 kg,Specialty Coffee Association of Costa Rica,"January 7th, 2015",Caturra,Washed / Wet,7.83,7.33,7.08,7.08,7.33,7.5,7.33,81.5,0.12,1,Green,2,1200.0,Media (Arabica),Private Reserve SAN
Arabica,afca,Malawi,Other,15,60 kg,Africa Fine Coffee Association,"November 4th, 2014",Gesha,Washed / Wet,7.67,7.42,6.92,7.5,7.5,7.17,7.33,81.5,0.12,0,Green,0,1599.0,Alta (Arabica),Private Reserve AFC
Arabica,juan luis alvarado romero,Guatemala,oriente,250,69 kg,Asociacion Nacional Del Café,"September 23rd, 2014",Other,Washed / Wet,7.5,7.42,7.17,7.58,7.25,7.42,7.17,81.5,0.12,0,Green,0,371.61216,Baja (Arabica),Mill JUA
Arabica,"lin, che-hao krude 林哲豪",Taiwan,Other,50,20 kg,Specialty Coffee Association,"August 18th, 2014",Typica,Washed / Wet,7.42,7.33,7.67,7.33,7.42,7.5,7.5,81.5,0.11,0,Blue-Green,0,900.0,Baja (Arabica),Heritage LIN
Arabica,jacques pereira carneiro,Brazil,Other,300,60 kg,Specialty Coffee Association,"July 29th, 2014",Yellow Bourbon,Semi-Washed / Semi-Pulped,7.58,7.5,7.5,7.67,7.67,7.83,7.75,81.5,0.0,1,Green,1,1200.0,Media (Arabica),Select Harvest JAC
Arabica,myriam kaplan-pasternak,Other,Other,300,4 lbs,Specialty Coffee Association,"May 5th, 2014",Other,Washed / Wet,7.42,7.33,7.25,7.42,7.42,7.33,7.33,81.5,0.11,0,Blue-Green,0,825.0,Baja (Arabica),Heritage MYR
Arabica,cqi taiwan icp cqi台灣合作夥伴,Taiwan,Other,5,30 kg,Blossom Valley International,"December 26th, 2013",Typica,Other,7.5,7.42,7.25,7.25,7.33,7.33,7.42,81.5,0.11,0,Green,0,600.0,Baja (Arabica),Select Harvest CQI
Arabica,alfredo bojalil,Mexico,"la concordia, chiapas",250,1 kg,AMECAFE,"March 11th, 2013",Typica,Washed / Wet,7.33,7.33,7.17,7.42,7.5,7.5,7.25,81.5,0.13,0,Green,2,1150.0,Media (Arabica),Origins ALF
Arabica,alfredo bojalil,Mexico,Other,250,1 kg,AMECAFE,"August 30th, 2012",Typica,Washed / Wet,7.58,7.42,7.25,7.42,7.33,7.33,7.17,81.5,0.12,0,Green,5,1600.0,Alta (Arabica),Origins ALF
Arabica,jose luis munoz guerrero,Mexico,Other,30,1 kg,AMECAFE,"August 29th, 2012",Catuai,Washed / Wet,7.42,7.25,7.17,7.42,7.17,8.0,7.08,81.5,0.12,0,Green,10,1100.0,Media (Arabica),Heritage JOS
Arabica,jose luis munoz guerrero,Mexico,Other,20,1 kg,AMECAFE,"August 1st, 2012",Typica,Semi-Washed / Semi-Pulped,7.33,7.5,7.33,7.33,7.33,7.42,7.25,81.5,0.11,0,Green,6,1000.0,Media (Arabica),Heritage JOS
Arabica,tomas edelmann blass,Mexico,Other,50,80 kg,AMECAFE,"July 26th, 2012",Bourbon,Washed / Wet,7.42,7.42,7.33,7.17,7.25,7.42,7.5,81.5,0.13,0,Green,5,1250.0,Media (Arabica),Origins TOM
Arabica,maria de la paz aguilar guillen,Mexico,Other,15,1 kg,AMECAFE,"July 26th, 2012",Typica,Natural / Dry,7.5,7.5,7.25,7.5,7.42,7.58,7.42,81.5,0.11,0,Green,3,1100.0,Media (Arabica),Heritage MAR
Arabica,specialty coffee association of indonesia,Indonesia,Other,10,60 kg,Specialty Coffee Association of Indonesia,"May 24th, 2012",Other,Washed / Wet,7.75,7.17,7.17,7.33,7.58,7.33,7.17,81.5,0.12,0,Green,0,1400.0,Media (Arabica),Select Harvest SPE
Arabica,jacques pereira carneiro,Brazil,Other,300,1 kg,NUCOFFEE,"April 12th, 2012",Bourbon,Semi-Washed / Semi-Pulped,7.5,7.42,7.17,7.42,7.5,7.33,7.17,81.5,0.12,0,Blue-Green,2,125.0,Baja (Arabica),Select Harvest JAC
Arabica,juan luis alvarado romero,Guatemala,oriente,250,1 kg,Asociacion Nacional Del Café,"January 25th, 2012",Bourbon,Washed / Wet,7.33,7.5,7.33,7.42,7.17,7.33,7.42,81.5,0.11,0,Green,1,431.999136,Baja (Arabica),Mill JUA
Arabica,racafe & cia s.c.a,Colombia,cauca,250,70 kg,Almacafé,"September 7th, 2011",Caturra,Washed / Wet,7.42,7.42,7.17,7.42,7.42,7.33,7.33,81.5,0.06,1,Green,0,1450.0,Media (Arabica),Heritage RAC
Arabica,kona pacific farmers cooperative,United States (Hawaii),kona,16,1,Specialty Coffee Association,"June 29th, 2010",Hawaiian Kona,Natural / Dry,7.33,7.33,7.33,7.5,7.5,7.83,7.33,81.5,0.0,0,Blue-Green,17,157.93516800000003,Baja (Arabica),Private Reserve KON
Arabica,cafes tomari sa de cv,Mexico,veracruz,200,69 kg,Centro Agroecológico del Café A.C.,"May 12th, 2017",Mundo Novo,Washed / Wet,7.58,7.33,7.08,7.33,7.5,7.33,7.25,81.42,0.12,1,Green,17,1100.0,Media (Arabica),Select Harvest CAF
Arabica,juan luis alvarado romero,Guatemala,san marcos,450,69 kg,Asociacion Nacional Del Café,"March 17th, 2016",Catuai,Washed / Wet,7.42,7.33,7.08,7.58,7.33,7.25,7.42,81.42,0.1,0,Green,0,418.06368,Baja (Arabica),Mill JUA
Arabica,cafebras,Brazil,cerrado,300,60 kg,Brazil Specialty Coffee Association,"December 3rd, 2015",Catuai,Natural / Dry,7.33,7.5,7.5,7.33,6.83,7.42,7.5,81.42,0.11,0,Green,2,1100.0,Media (Arabica),Select Harvest CAF
Arabica,cadexsa,Honduras,marcala,275,1 kg,Instituto Hondureño del Café,"May 12th, 2015",Catuai,Washed / Wet,7.5,7.33,7.17,7.25,7.5,7.42,7.25,81.42,0.12,0,Green,1,1400.0,Media (Arabica),Select Harvest CAD
Arabica,cqi taiwan icp cqi台灣合作夥伴,Taiwan,Other,10,60 kg,Blossom Valley International,"November 23rd, 2014",Typica,Washed / Wet,7.83,7.75,7.42,7.17,7.08,7.08,7.08,81.42,0.12,0,Green,0,110.0,Baja (Arabica),Select Harvest CQI
Arabica,afca,Malawi,Other,12,60 kg,Africa Fine Coffee Association,"November 4th, 2014",Gesha,Washed / Wet,7.58,7.17,7.33,7.42,7.08,7.42,7.42,81.42,0.12,0,Blue-Green,0,1422.0,Media (Arabica),Private Reserve AFC
Arabica,ipanema coffees,Brazil,south of minas,320,2 kg,Specialty Coffee Association,"October 17th, 2014",Bourbon,Natural / Dry,7.25,7.5,7.42,7.17,7.33,7.33,7.42,81.42,0.0,0,Green,0,1100.0,Media (Arabica),Private Reserve IPA
Arabica,juan luis alvarado romero,Guatemala,Other,250,69 kg,Asociacion Nacional Del Café,"May 26th, 2014",Bourbon,Washed / Wet,7.42,7.5,7.17,7.42,7.42,7.42,7.08,81.42,0.1,0,Green,6,1550.0,Alta (Arabica),Mill JUA
Arabica,kurt kappeli,Mexico,Other,280,2 kg,Specialty Coffee Association,"May 1st, 2014",Typica,Washed / Wet,7.67,7.33,7.25,7.17,7.25,7.42,7.33,81.42,0.0,1,Green,1,1550.0,Alta (Arabica),Origins KUR
Arabica,dane loraas,Peru,Other,280,5 lbs,Specialty Coffee Association,"February 27th, 2014",Caturra,Washed / Wet,7.42,7.42,7.17,7.33,7.42,7.42,7.25,81.42,0.1,1,Blue-Green,5,1300.0,Media (Arabica),Heritage DAN
Arabica,juan luis alvarado romero,Guatemala,oriente,250,69 kg,Asociacion Nacional Del Café,"October 7th, 2013",Bourbon,Washed / Wet,7.42,7.33,7.25,7.42,7.42,7.5,7.08,81.42,0.12,0,Green,4,399.4830720000001,Baja (Arabica),Mill JUA
Arabica,saul m. hernandez ramirez,Mexico,Other,10,1 kg,AMECAFE,"September 27th, 2012",Caturra,Washed / Wet,7.42,7.33,7.25,7.17,7.25,7.42,7.58,81.42,0.13,1,Green,8,763.0,Baja (Arabica),Origins SAU
Arabica,grupo cafetalero los brujos spr de rl,Mexico,Other,20,1 kg,AMECAFE,"June 6th, 2012",Typica,Washed / Wet,7.42,7.42,7.25,7.25,7.5,7.33,7.25,81.42,0.13,0,Green,1,1100.0,Media (Arabica),Mill GRU
Arabica,exportadora de cafe condor s.a,Colombia,huila,250,70 kg,Almacafé,"November 11th, 2011",Caturra,Natural / Dry,7.5,7.42,7.25,7.17,7.17,7.75,7.17,81.42,0.11,0,Green,0,1750.0,Alta (Arabica),Heritage EXP
Arabica,exportadora de cafe condor s.a,Colombia,cauca,250,70 kg,Almacafé,"February 22nd, 2011",Caturra,Washed / Wet,7.75,7.33,7.42,7.0,7.33,7.25,7.33,81.42,0.16,0,Green,2,1880.0,Premium (Arabica),Heritage EXP
Arabica,kona pacific farmers cooperative,United States (Hawaii),kona,27,0 lbs,Specialty Coffee Association,"May 24th, 2010",Other,Natural / Dry,7.83,7.0,7.0,7.58,7.58,7.5,6.92,81.42,0.01,0,Blue-Green,10,157.93516800000003,Baja (Arabica),Private Reserve KON
Arabica,racafe & cia s.c.a,Colombia,huila,230,70 kg,Almacafé,"November 8th, 2016",Caturra,Washed / Wet,7.5,7.33,7.33,7.17,7.33,7.42,7.25,81.33,0.0,0,Green,0,1750.0,Alta (Arabica),Heritage RAC
Arabica,bismarck castro,Honduras,comayagua,275,69 kg,Instituto Hondureño del Café,"June 9th, 2016",Caturra,Washed / Wet,7.5,7.5,7.0,7.17,7.5,7.33,7.33,81.33,0.11,0,Blue-Green,3,1500.0,Alta (Arabica),Heritage BIS
Arabica,angel oscar medina rodriguez,Mexico,veracruz,220,69 kg,Centro Agroecológico del Café A.C.,"February 25th, 2016",Typica,Washed / Wet,7.67,7.42,7.0,7.42,7.58,7.08,7.17,81.33,0.12,0,Green,0,1130.0,Media (Arabica),Select Harvest ANG
Arabica,cafebras,Brazil,cerrado,300,60 kg,Brazil Specialty Coffee Association,"November 20th, 2015",Catuai,Natural / Dry,7.25,7.33,7.33,7.33,7.33,7.42,7.33,81.33,0.11,0,Green,14,1100.0,Media (Arabica),Select Harvest CAF
Arabica,cadexsa,Honduras,marcala,275,1 kg,Instituto Hondureño del Café,"May 22nd, 2015",Catuai,Washed / Wet,7.58,7.42,7.17,7.42,7.17,7.17,7.42,81.33,0.09,0,Green,4,1350.0,Media (Arabica),Select Harvest CAD
Arabica,jacques pereira carneiro,Brazil,Other,300,60 kg,Brazil Specialty Coffee Association,"December 16th, 2014",Yellow Bourbon,Other,7.17,7.33,7.42,7.25,7.42,7.33,7.42,81.33,0.12,0,Green,6,1200.0,Media (Arabica),Select Harvest JAC
Arabica,victoria,Other,Other,2,2 kg,Specialty Coffee Association,"November 13th, 2014",Other,Washed / Wet,7.08,7.33,7.42,7.33,7.33,7.5,7.33,81.33,0.14,0,Green,3,1400.0,Media (Arabica),Select Harvest VIC
Arabica,afca,Malawi,Other,31,60 kg,Africa Fine Coffee Association,"November 4th, 2014",Gesha,Washed / Wet,7.75,7.33,7.08,7.33,7.33,7.25,7.25,81.33,0.13,0,Green,1,1200.0,Media (Arabica),Private Reserve AFC
Arabica,mayra yessenia torres,Honduras,san marcos,275,1 kg,Instituto Hondureño del Café,"January 22nd, 2014",Catuai,Washed / Wet,7.33,7.33,7.17,7.33,7.5,7.33,7.33,81.33,0.12,0,Green,3,1450.0,Media (Arabica),Private Reserve MAY
Arabica,julio perez hernandez,Mexico,Other,250,1 kg,AMECAFE,"August 30th, 2012",Typica,Washed / Wet,7.58,7.42,7.25,7.33,7.25,7.25,7.25,81.33,0.13,4,Green,13,1800.0,Premium (Arabica),Heritage JUL
Arabica,hector gabriel barreda nader,Mexico,veracruz,70,1 kg,AMECAFE,"July 11th, 2012",Typica,Washed / Wet,7.33,7.25,7.17,7.42,7.58,7.33,7.25,81.33,0.12,0,Green,4,1000.0,Media (Arabica),Private Reserve HEC
Arabica,klem organics,Brazil,Other,42,5 kg,Specialty Coffee Association,"November 15th, 2017
",Catuai,Natural / Dry,7.5,7.58,7.5,7.5,7.75,7.83,7.58,81.33,0.11,0,Green,0,1100.0,Media (Arabica),Mill KLE
Arabica,"lin, che-hao krude 林哲豪",Taiwan,Other,20,50 kg,Specialty Coffee Association,"May 18th, 2016",Typica,Natural / Dry,7.83,7.75,7.67,7.83,7.83,7.75,5.25,81.25,0.12,0,Green,0,680.0,Baja (Arabica),Heritage LIN
Arabica,ipanema coffees,Brazil,south of minas,320,2 kg,Brazil Specialty Coffee Association,"October 8th, 2015",Yellow Bourbon,Natural / Dry,7.17,7.42,7.17,7.08,6.92,8.17,7.33,81.25,0.0,0,Green,1,1.0,Baja (Arabica),Private Reserve IPA
Arabica,"comercial internacional exportadora, s.a.",Nicaragua,jinotega,275,69 kg,Asociación de Cafés Especiales de Nicaragua,"July 6th, 2015",Catuai,Washed / Wet,7.08,7.5,7.33,7.17,7.42,7.25,7.5,81.25,0.1,0,Green,4,1100.0,Media (Arabica),Private Reserve COM
Arabica,cadexsa,Honduras,marcala,275,1 kg,Instituto Hondureño del Café,"May 12th, 2015",Catuai,Washed / Wet,7.42,7.17,7.17,7.5,7.33,7.25,7.42,81.25,0.12,0,Green,1,1400.0,Media (Arabica),Select Harvest CAD
Arabica,essencecoffee,Guatemala,huehuetenango,36,55 lbs,Blossom Valley International,"March 21st, 2015",Other,Washed / Wet,7.33,7.42,7.17,7.25,7.42,7.33,7.33,81.25,0.09,0,Blue-Green,2,1700.0,Alta (Arabica),Private Reserve ESS
Arabica,shangrilla estate ltd,"Tanzania, United Republic Of",Other,100,60 kg,Africa Fine Coffee Association,"December 17th, 2014",Other,Washed / Wet,7.33,7.17,7.17,7.5,7.25,7.42,7.42,81.25,0.13,0,Green,5,1700.0,Alta (Arabica),Origins SHA
Arabica,cqi taiwan icp cqi台灣合作夥伴,Taiwan,Other,10,30 kg,Blossom Valley International,"December 26th, 2013",Typica,Semi-Washed / Semi-Pulped,7.5,7.5,7.25,7.25,7.25,7.25,7.25,81.25,0.11,0,Green,0,650.0,Baja (Arabica),Select Harvest CQI
Arabica,juan luis alvarado romero,Guatemala,Other,250,69 kg,Asociacion Nacional Del Café,"March 4th, 2013",Caturra,Washed / Wet,7.5,7.33,7.5,7.58,7.0,7.25,7.08,81.25,0.11,0,Green,4,464.5152000000001,Baja (Arabica),Mill JUA
Arabica,alfredo bojalil,Mexico,Other,250,1 kg,AMECAFE,"July 26th, 2012",Typica,Washed / Wet,7.42,7.42,7.33,7.33,7.5,7.42,7.5,81.25,0.12,0,Green,1,1500.0,Alta (Arabica),Origins ALF
Arabica,"exportadora atlantic, s.a.",Nicaragua,Other,275,69 kg,Instituto Hondureño del Café,"March 8th, 2017",Caturra,Washed / Wet,7.33,7.5,7.17,7.17,7.58,7.17,7.25,81.17,0.09,0,Green,7,1200.0,Media (Arabica),Select Harvest EXP
Arabica,immaculata john,"Tanzania, United Republic Of",Other,100,60 kg,Africa Fine Coffee Association,"November 16th, 2015",Bourbon,Washed / Wet,7.67,7.17,7.17,7.33,7.5,7.17,7.17,81.17,0.12,0,Green,2,1050.0,Media (Arabica),Private Reserve IMM
Arabica,andreas kussmaul,Mexico,Other,275,1 kg,Asociación Mexicana De Cafés y Cafeterías De Especialidad A.C.,"June 25th, 2015",Caturra,Washed / Wet,7.75,7.58,7.08,7.25,7.08,7.25,7.17,81.17,0.12,0,Green,10,1200.0,Media (Arabica),Private Reserve AND
Arabica,"cafetalera internacional cafinter, s.a.",Costa Rica,Other,275,18975 kg,Specialty Coffee Association of Costa Rica,"May 22nd, 2015",Caturra,Washed / Wet,7.5,7.5,7.33,7.17,7.08,7.17,7.42,81.17,0.11,0,Blue-Green,0,1300.0,Media (Arabica),Select Harvest CAF
Arabica,Desconocido,Honduras,Other,275,1 kg,Instituto Hondureño del Café,"March 11th, 2015",Catuai,Natural / Dry,7.42,7.33,7.0,7.42,7.33,7.33,7.33,81.17,0.13,0,Green,1,1450.0,Media (Arabica),Private Reserve DES
Arabica,松澤宏樹 koju matsuzawa,Thailand,Other,20,20 kg,Specialty Coffee Institute of Asia,"February 15th, 2015",Caturra,Washed / Wet,6.83,7.42,7.42,7.17,7.5,7.42,7.42,81.17,0.12,0,Blue-Green,0,1450.0,Media (Arabica),Mill 松澤宏
Arabica,victoria,Other,Other,2,2 kg,Specialty Coffee Association,"January 8th, 2015",Typica,Natural / Dry,7.25,7.25,7.25,7.08,7.58,7.5,7.25,81.17,0.0,0,Blue-Green,4,1200.0,Media (Arabica),Select Harvest VIC
Arabica,taylor winch (t) ltd,"Tanzania, United Republic Of",Other,320,60 kg,Africa Fine Coffee Association,"December 17th, 2014",Bourbon,Washed / Wet,7.58,7.17,7.17,7.33,7.33,7.25,7.33,81.17,0.12,0,Blue-Green,2,1550.0,Alta (Arabica),Heritage TAY
Arabica,afca,Malawi,Other,300,60 kg,Africa Fine Coffee Association,"November 4th, 2014",Caturra,Washed / Wet,7.58,7.25,7.33,7.08,7.33,7.33,7.25,81.17,0.12,0,Green,12,995.0,Baja (Arabica),Private Reserve AFC
Arabica,eric thormaehlen,Costa Rica,Other,250,1 kg,Specialty Coffee Association of Costa Rica,"May 9th, 2014",Catuai,Washed / Wet,7.33,7.08,7.33,7.25,7.33,7.58,7.25,81.17,0.11,0,Green,3,1300.0,Media (Arabica),Heritage ERI
Arabica,bourbon specialty coffees,Brazil,Other,300,1 kg,NUCOFFEE,"February 4th, 2014",Catuai,Natural / Dry,7.42,7.42,7.17,7.42,7.33,7.25,7.17,81.17,0.11,0,Green,3,1000.0,Media (Arabica),Origins BOU
Arabica,julio perez hernandez,Mexico,Other,250,1 kg,AMECAFE,"August 30th, 2012",Typica,Natural / Dry,7.42,7.25,7.08,7.75,7.42,7.17,7.08,81.17,0.13,3,Green,7,1800.0,Premium (Arabica),Heritage JUL
Arabica,the coffee source inc.,Guatemala,oriente,250,1 kg,Specialty Coffee Association,"August 20th, 2012",Caturra,Washed / Wet,7.42,7.25,7.33,7.25,7.25,7.42,7.25,81.17,0.12,0,Green,4,1450.0,Media (Arabica),Origins THE
Arabica,nucoffee,Brazil,south of minas,17,60 kg,NUCOFFEE,"January 23rd, 2012",Mundo Novo,Natural / Dry,7.42,7.33,7.25,7.42,7.5,7.17,7.08,81.17,0.12,0,Green,1,1000.0,Media (Arabica),Heritage NUC
Arabica,kona pacific farmers cooperative,United States (Hawaii),kona,4,100 lbs,Specialty Coffee Association,"September 22nd, 2011",Hawaiian Kona,Natural / Dry,7.25,7.75,7.67,7.67,7.42,7.67,7.75,81.17,0.04,3,Blue-Green,0,157.93516800000003,Baja (Arabica),Private Reserve KON
Arabica,kerchanshe,Ethiopia,sidamo,300,60 kg,Specialty Coffee Institute of Asia,"July 14th, 2017",Other,Natural / Dry,7.42,7.33,7.17,7.33,7.42,7.17,7.25,81.08,0.11,0,Green,1,1800.0,Premium (Arabica),Mill KER
Arabica,gregorio sebba,Brazil,Other,500,60 kg,Specialty Coffee Association,"June 21st, 2017",Mundo Novo,Natural / Dry,7.58,7.42,7.5,7.25,7.75,7.58,7.33,81.08,0.11,5,Green,8,695.0,Baja (Arabica),Select Harvest GRE
Arabica,rolando lacayo,Nicaragua,jinotega,275,69 kg,Asociación de Cafés Especiales de Nicaragua,"March 28th, 2015",Other,Washed / Wet,7.33,7.33,7.33,7.42,7.33,7.33,7.0,81.08,0.11,0,Green,1,1100.0,Media (Arabica),Heritage ROL
Arabica,wali ali,Other,Other,1,5 lbs,Specialty Coffee Association,"March 4th, 2015",Other,Natural / Dry,7.42,7.17,7.33,7.42,7.25,7.33,7.17,81.08,0.0,0,Other,0,520.2570240000001,Baja (Arabica),Mill WAL
Arabica,taylor winch (t) ltd,"Tanzania, United Republic Of",Other,54,60 kg,Africa Fine Coffee Association,"January 2nd, 2015",Other,Washed / Wet,7.42,7.33,7.33,7.25,7.25,7.33,7.17,81.08,0.13,0,Green,2,1456.0,Media (Arabica),Heritage TAY
Arabica,the coffee source inc.,Costa Rica,Other,250,1 kg,Specialty Coffee Association of Costa Rica,"December 18th, 2014",Caturra,Washed / Wet,7.42,7.25,7.17,7.25,7.25,7.58,7.17,81.08,0.13,0,Green,0,1500.0,Alta (Arabica),Origins THE
Arabica,german negron,Other,Other,18,5 lbs,Specialty Coffee Association,"May 28th, 2014",Other,Washed / Wet,7.67,7.75,7.67,7.58,7.58,7.67,8.5,81.08,0.0,0,Green,0,260.12851200000006,Baja (Arabica),Origins GER
Arabica,obed rendon ponce,Mexico,Other,100,1 kg,AMECAFE,"September 14th, 2012",Typica,Washed / Wet,7.25,7.42,7.33,7.33,7.17,7.33,7.25,81.08,0.13,5,Green,16,1650.0,Alta (Arabica),Select Harvest OBE
Arabica,diego manuel woolrich ramirez,Mexico,Other,30,1 kg,AMECAFE,"September 4th, 2012",Typica,Washed / Wet,7.33,7.25,7.33,7.42,7.25,7.42,7.08,81.08,0.12,0,Green,2,1300.0,Media (Arabica),Select Harvest DIE
Arabica,gerardo hernandez valderrabano,Mexico,Other,40,1 kg,AMECAFE,"August 30th, 2012",Typica,Washed / Wet,7.33,7.33,7.25,7.42,7.25,7.25,7.25,81.08,0.11,0,Green,5,1642.0,Alta (Arabica),Heritage GER
Arabica,balbino ramirez flores,Mexico,Other,15,1 kg,AMECAFE,"July 3rd, 2012",Typica,Washed / Wet,7.42,7.33,7.25,7.42,7.17,7.25,7.25,81.08,0.1,0,Green,1,1200.0,Media (Arabica),Mill BAL
Arabica,kona pacific farmers cooperative,United States (Hawaii),Other,2,100 lbs,Specialty Coffee Association,"February 13th, 2012",Hawaiian Kona,Washed / Wet,7.42,7.42,7.25,7.58,6.92,7.17,7.33,81.08,0.06,0,Blue-Green,0,157.93516800000003,Baja (Arabica),Private Reserve KON
Arabica,bourbon specialty coffees,Brazil,Other,300,59 kg,Brazil Specialty Coffee Association,"January 16th, 2018",Bourbon,Pulped Natural / Honey,7.25,7.25,7.17,7.5,7.33,7.17,7.33,81.0,0.11,0,Green,9,1000.0,Media (Arabica),Origins BOU
Arabica,consejo salvadoreño del café,El Salvador,Other,100,69 kg,Salvadoran Coffee Council,"August 28th, 2017",Bourbon,Washed / Wet,7.42,7.08,7.08,7.33,7.25,7.58,7.25,81.0,0.0,0,Green,6,1450.0,Media (Arabica),Heritage CON
Arabica,bourbon specialty coffees,Brazil,Other,300,59 kg,Brazil Specialty Coffee Association,"September 9th, 2016",Yellow Bourbon,Pulped Natural / Honey,7.33,7.17,7.17,7.67,7.33,7.17,7.17,81.0,0.11,0,Blue-Green,3,1000.0,Media (Arabica),Origins BOU
Arabica,juan luis alvarado romero,Guatemala,Other,120,69 kg,Asociacion Nacional Del Café,"August 2nd, 2016",Bourbon,Washed / Wet,7.42,7.25,7.17,7.5,7.25,7.17,7.25,81.0,0.09,0,Green,8,3280.0,Premium (Arabica),Mill JUA
Arabica,racafe & cia s.c.a,Colombia,Other,43,70 kg,Almacafé,"July 22nd, 2016",Caturra,Washed / Wet,7.67,7.5,7.42,5.25,7.67,7.75,7.75,81.0,0.0,0,Green,4,1600.0,Alta (Arabica),Heritage RAC
Arabica,juan luis alvarado romero,Guatemala,oriente,250,69 kg,Asociacion Nacional Del Café,"July 23rd, 2015",Bourbon,Washed / Wet,7.5,7.25,7.0,7.25,7.5,7.25,7.25,81.0,0.11,0,Green,1,371.61216,Baja (Arabica),Mill JUA
Arabica,"lin, che-hao krude 林哲豪",Taiwan,"dongshan dist., tainan city 臺南市東山區",10,5 kg,Specialty Coffee Association,"May 6th, 2015",Typica,Washed / Wet,7.25,7.17,7.17,7.25,7.5,7.33,7.33,81.0,0.12,0,Blue-Green,0,758.0,Baja (Arabica),Heritage LIN
Arabica,mayra yessenia torres,Honduras,san marcos,275,18975 kg,Instituto Hondureño del Café,"January 26th, 2015",Caturra,Natural / Dry,7.42,7.25,7.25,7.33,7.25,7.17,7.33,81.0,0.12,0,Green,1,1350.0,Media (Arabica),Private Reserve MAY
Arabica,bourbon specialty coffees,Brazil,cerrado,300,60 kg,Brazil Specialty Coffee Association,"January 15th, 2015",Mundo Novo,Natural / Dry,7.67,7.75,7.83,7.75,7.83,7.75,7.75,81.0,0.12,0,Green,0,1000.0,Media (Arabica),Origins BOU
Arabica,mlimani ngarashi,"Tanzania, United Republic Of",Other,1,60 kg,Africa Fine Coffee Association,"December 15th, 2014",Other,Washed / Wet,7.33,7.33,7.08,7.42,7.17,7.33,7.33,81.0,0.12,0,Green,5,1525.0,Alta (Arabica),Heritage MLI
Arabica,kyagalanyi ltd,Uganda,Other,320,60 kg,Uganda Coffee Development Authority,"June 30th, 2014",SL14,Natural / Dry,7.33,6.92,7.17,7.33,7.42,7.42,7.42,81.0,0.12,0,Green,3,1700.0,Alta (Arabica),Select Harvest KYA
Arabica,cqi taiwan icp cqi台灣合作夥伴,Taiwan,Other,10,30 kg,Blossom Valley International,"December 26th, 2013",Typica,Semi-Washed / Semi-Pulped,7.5,6.92,7.33,7.33,7.33,7.33,7.25,81.0,0.11,0,Green,0,1100.0,Media (Arabica),Select Harvest CQI
Arabica,doi tung development project,Thailand,thailand,2,1 kg,Specialty Coffee Association,"May 29th, 2013",Caturra,Washed / Wet,7.33,7.42,7.25,7.42,7.25,7.17,7.17,81.0,0.0,0,Green,3,800.0,Baja (Arabica),Origins DOI
Arabica,alejandro garcia palacios,Mexico,Other,10,1 kg,AMECAFE,"September 11th, 2012",Other,Washed / Wet,7.08,7.33,7.33,7.33,7.42,7.25,7.25,81.0,0.12,0,Green,12,950.0,Baja (Arabica),Private Reserve ALE
Arabica,organizaciones de productores de cafe colimense,Mexico,Other,200,1 kg,AMECAFE,"July 3rd, 2012",Typica,Washed / Wet,7.58,7.67,7.5,7.67,7.58,7.5,7.5,81.0,0.0,0,Green,8,1100.0,Media (Arabica),Origins ORG
Arabica,cqi taiwan icp cqi台灣合作夥伴,Taiwan,Other,150,1 kg,Blossom Valley International,"December 8th, 2017",Other,Washed / Wet,7.33,7.17,7.25,7.33,7.33,7.25,7.25,80.92,0.0,0,Blue-Green,0,200.0,Baja (Arabica),Select Harvest CQI
Arabica,juan luis alvarado romero,Guatemala,oriente,25,69 kg,Asociacion Nacional Del Café,"August 23rd, 2017",Bourbon,Washed / Wet,7.67,7.67,7.33,7.58,7.67,7.5,7.5,80.92,0.1,0,Green,2,1901.0,Premium (Arabica),Mill JUA
Arabica,lydiah mwangi,Kenya,Other,150,60 kg,Kenya Coffee Traders Association,"July 7th, 2017",SL28,Washed / Wet,7.17,7.58,7.5,7.5,8.0,7.75,5.42,80.92,0.11,0,Green,3,1600.0,Alta (Arabica),Select Harvest LYD
Arabica,grupo santab s.a de c.v.,Mexico,veracruz,240,69 kg,Centro Agroecológico del Café A.C.,"May 12th, 2017",Bourbon,Washed / Wet,7.5,7.33,7.17,7.42,7.5,7.33,7.33,80.92,0.11,0,Green,11,1100.0,Media (Arabica),Mill GRU
Arabica,min hlaing,Other,Other,2,2 kg,Coffee Quality Institute,"July 17th, 2015",Other,Other,7.17,7.42,7.0,7.58,7.33,7.0,7.42,80.92,0.0,0,Green,5,325.16064,Baja (Arabica),Mill MIN
Arabica,eileen koyanagi,United States (Hawaii),kona,7,100 lbs,Specialty Coffee Association,"January 13th, 2015",Hawaiian Kona,Natural / Dry,7.42,7.08,7.17,7.17,7.58,7.25,7.25,80.92,0.1,2,Blue-Green,5,157.93516800000003,Baja (Arabica),Select Harvest EIL
Arabica,karatu estate,"Tanzania, United Republic Of",Other,250,60 kg,Africa Fine Coffee Association,"December 18th, 2014",Other,Washed / Wet,7.33,7.17,7.17,7.25,7.42,7.33,7.25,80.92,0.12,0,Green,0,1700.0,Alta (Arabica),Mill KAR
Arabica,jacques pereira carneiro,Brazil,Other,300,60 kg,Brazil Specialty Coffee Association,"December 16th, 2014",Yellow Bourbon,Natural / Dry,7.25,7.33,7.25,7.25,7.25,7.33,7.25,80.92,0.12,0,Green,8,1200.0,Media (Arabica),Select Harvest JAC
Arabica,cqi taiwan icp cqi台灣合作夥伴,Taiwan,Other,10,60 kg,Blossom Valley International,"November 23rd, 2014",Typica,Washed / Wet,7.92,7.67,7.33,7.08,7.08,7.08,6.75,80.92,0.09,0,Green,0,550.0,Baja (Arabica),Select Harvest CQI
Arabica,ipanema coffees,Brazil,south of minas,320,2 kg,Specialty Coffee Association,"October 16th, 2014",Bourbon,Natural / Dry,7.17,7.42,7.17,7.25,7.25,7.33,7.33,80.92,0.1,0,Green,0,1100.0,Media (Arabica),Private Reserve IPA
Arabica,chris finch,Nicaragua,Other,275,1 lbs,Specialty Coffee Association,"July 16th, 2014",Caturra,Washed / Wet,7.33,7.08,7.25,7.0,7.5,7.42,7.33,80.92,0.1,1,Green,3,1050.0,Media (Arabica),Private Reserve CHR
Arabica,juan luis alvarado romero,Guatemala,Other,250,69 kg,Asociacion Nacional Del Café,"June 10th, 2014",Pacas,Washed / Wet,7.58,7.42,6.92,7.5,7.25,7.17,7.08,80.92,0.12,2,Green,5,464.5152000000001,Baja (Arabica),Mill JUA
Arabica,cqi taiwan icp cqi台灣合作夥伴,Taiwan,Other,35,30 kg,Blossom Valley International,"December 26th, 2013",Typica,Washed / Wet,7.42,7.25,7.25,7.25,7.25,7.25,7.25,80.92,0.11,0,Green,0,900.0,Baja (Arabica),Select Harvest CQI
Arabica,cqi taiwan icp cqi台灣合作夥伴,Taiwan,Other,5,30 kg,Blossom Valley International,"December 26th, 2013",Typica,Other,7.25,7.17,7.08,7.08,7.08,8.08,7.17,80.92,0.11,0,Green,0,688.0,Baja (Arabica),Select Harvest CQI
Arabica,cqi taiwan icp cqi台灣合作夥伴,Taiwan,Other,10,20 kg,Blossom Valley International,"December 26th, 2013",Typica,Washed / Wet,7.42,7.25,7.25,7.25,7.25,7.25,7.25,80.92,0.11,0,Green,0,300.0,Baja (Arabica),Select Harvest CQI
Arabica,eduardo luis augusto velazquez solis,Mexico,Other,60,1 kg,AMECAFE,"July 11th, 2012",Typica,Washed / Wet,7.58,7.33,7.08,7.5,7.17,7.25,7.0,80.92,0.13,0,Green,12,1186.0,Media (Arabica),Private Reserve EDU
Arabica,doi tung development project,Thailand,Other,3,1 lbs,Specialty Coffee Association,"April 13th, 2010",Other,Washed / Wet,7.67,7.58,7.33,7.33,7.17,7.0,6.83,80.92,0.0,0,Blue-Green,0,800.0,Baja (Arabica),Origins DOI
Arabica,cqi taiwan icp cqi台灣合作夥伴,Other,Other,20,50 kg,Blossom Valley International,"June 22nd, 2017",Catimor,Washed / Wet,7.42,7.33,7.17,7.17,7.17,7.25,7.33,80.83,0.0,0,Green,0,1300.0,Media (Arabica),Select Harvest CQI
Arabica,the coffee source inc.,Guatemala,Other,250,1 kg,Specialty Coffee Association of Costa Rica,"May 26th, 2014",Caturra,Washed / Wet,7.67,7.25,7.08,7.33,7.17,7.25,7.08,80.83,0.11,0,Green,1,1200.0,Media (Arabica),Origins THE
Arabica,luis roberto fermoso beltran,Mexico,Other,15,1 kg,AMECAFE,"August 30th, 2012",Catuai,Semi-Washed / Semi-Pulped,7.17,7.08,7.25,7.42,7.25,7.33,7.33,80.83,0.13,0,Green,7,1210.0,Media (Arabica),Select Harvest LUI
Arabica,jose manuel vergara cortes,Mexico,Other,30,1 kg,AMECAFE,"August 29th, 2012",Typica,Washed / Wet,7.33,7.25,7.33,7.33,7.25,7.17,7.17,80.83,0.11,0,Green,3,1100.0,Media (Arabica),Private Reserve JOS
Arabica,christina dusing,Mexico,veracruz,100,1 kg,AMECAFE,"July 3rd, 2012",Bourbon,Washed / Wet,7.5,7.17,7.33,7.25,7.17,7.17,7.25,80.83,0.13,0,Green,1,100.0,Baja (Arabica),Origins CHR
Arabica,kona pacific farmers cooperative,United States (Hawaii),kona,7,100 lbs,Specialty Coffee Association,"February 23rd, 2012",Hawaiian Kona,Washed / Wet,7.42,7.33,7.0,7.25,7.33,7.5,7.0,80.83,0.1,2,Blue-Green,0,157.93516800000003,Baja (Arabica),Private Reserve KON
Arabica,exportadora de cafe condor s.a,Colombia,huila,250,70 kg,Almacafé,"January 25th, 2011",Caturra,Washed / Wet,7.33,7.33,7.0,6.83,7.33,7.67,7.33,80.83,0.01,0,Green,1,1800.0,Premium (Arabica),Heritage EXP
Arabica,bourbon specialty coffees,Brazil,Other,320,60 kg,Brazil Specialty Coffee Association,"October 8th, 2015",Bourbon,Natural / Dry,7.17,7.25,7.08,7.17,7.25,7.58,7.25,80.75,0.0,0,Green,1,1000.0,Media (Arabica),Origins BOU
Arabica,u soe,Other,Other,1,2 kg,Coffee Quality Institute,"July 17th, 2015",Catuai,Washed / Wet,6.92,7.5,7.0,7.58,7.5,7.08,7.17,80.75,0.0,0,Green,2,3825.0,Premium (Arabica),Select Harvest U S
Arabica,juan luis alvarado romero,Guatemala,huehuetenango,275,69 kg,Asociacion Nacional Del Café,"June 18th, 2015",Caturra,Washed / Wet,7.5,7.33,7.0,7.42,7.17,7.17,7.17,80.75,0.12,0,Green,1,520.2570240000001,Baja (Arabica),Mill JUA
Arabica,bismarck castro,Honduras,Other,275,1 kg,Instituto Hondureño del Café,"May 25th, 2015",Caturra,Natural / Dry,7.5,7.33,7.0,7.42,7.25,7.17,7.08,80.75,0.11,0,Green,2,1450.0,Media (Arabica),Heritage BIS
Arabica,essencecoffee,Other,Other,100,60 kg,Blossom Valley International,"May 23rd, 2015",Caturra,Other,7.25,7.33,7.17,7.33,7.33,7.17,7.17,80.75,0.11,1,Green,4,1680.0,Alta (Arabica),Private Reserve ESS
Arabica,cadexsa,Honduras,marcala,275,1 kg,Instituto Hondureño del Café,"May 22nd, 2015",Catuai,Washed / Wet,7.42,7.17,7.08,7.42,7.25,7.25,7.17,80.75,0.09,0,Green,2,1350.0,Media (Arabica),Select Harvest CAD
Arabica,Desconocido,Honduras,Other,275,1 kg,Instituto Hondureño del Café,"March 11th, 2015",Catuai,Natural / Dry,7.25,7.33,7.08,7.5,7.25,7.33,7.0,80.75,0.13,0,Green,1,1450.0,Media (Arabica),Private Reserve DES
Arabica,the coffee source inc.,Costa Rica,Other,250,3 lbs,Specialty Coffee Association,"April 11th, 2014",Caturra,Washed / Wet,7.33,7.33,7.25,7.25,7.17,7.17,7.25,80.75,0.11,0,Green,0,1300.0,Media (Arabica),Origins THE
Arabica,diego manuel woolrich ramirez,Mexico,Other,30,1 kg,AMECAFE,"September 4th, 2012",Typica,Washed / Wet,7.58,7.33,7.42,7.25,7.5,7.5,7.5,80.75,0.11,0,Green,2,1200.0,Media (Arabica),Select Harvest DIE
Arabica,myriam kaplan-pasternak,Other,Other,1,2 kg,Specialty Coffee Association,"May 22nd, 2012",Typica,Washed / Wet,7.42,7.0,7.42,7.25,7.08,7.33,7.25,80.75,0.12,0,Green,0,1000.0,Media (Arabica),Heritage MYR
Arabica,kona pacific farmers cooperative,United States (Hawaii),kona,3,2 lbs,Specialty Coffee Association,"December 21st, 2011",Other,Natural / Dry,7.08,7.33,7.17,7.25,7.33,7.67,6.92,80.75,0.13,0,Blue-Green,6,157.93516800000003,Baja (Arabica),Private Reserve KON
Arabica,cqi taiwan icp cqi台灣合作夥伴,Taiwan,Other,160,1 kg,Blossom Valley International,"August 12th, 2016",Typica,Other,7.33,7.08,7.08,7.08,7.42,7.33,7.33,80.67,0.0,0,Green,1,750.0,Baja (Arabica),Select Harvest CQI
Arabica,aulia arif syahri,Indonesia,Other,200,30 kg,Specialty Coffee Association,"November 10th, 2015",Other,Semi-Washed / Semi-Pulped,7.58,7.42,7.0,7.67,7.5,7.5,7.33,80.67,0.13,0,Blue-Green,1,1350.0,Media (Arabica),Origins AUL
Arabica,juan luis alvarado romero,Guatemala,antigua,150,60 kg,Asociacion Nacional Del Café,"October 23rd, 2015",Bourbon,Washed / Wet,7.67,7.42,6.83,7.17,7.42,7.17,7.0,80.67,0.11,0,Green,0,1500.0,Alta (Arabica),Mill JUA
Arabica,"ceca, s.a.",Costa Rica,tarrazu,240,1 kg,Specialty Coffee Association of Costa Rica,"February 27th, 2015",Caturra,Washed / Wet,7.83,7.5,7.67,7.67,7.83,7.5,8.0,80.67,0.11,0,Blue-Green,4,185.0,Baja (Arabica),Select Harvest CEC
Arabica,afca,Malawi,Other,100,60 kg,Africa Fine Coffee Association,"November 4th, 2014",Caturra,Washed / Wet,7.5,7.25,7.17,7.17,7.25,7.17,7.17,80.67,0.12,0,Blue-Green,1,995.0,Baja (Arabica),Private Reserve AFC
Arabica,cafe de don balbino s.c. de r.l. de c.v.,Mexico,Other,20,1 kg,AMECAFE,"October 23rd, 2014",Typica,Washed / Wet,7.25,7.17,7.17,7.25,7.17,7.42,7.25,80.67,0.12,0,Green,4,1200.0,Media (Arabica),Heritage CAF
Arabica,compañia colombiana agroindustrial s.a,Colombia,santander,250,70 kg,Almacafé,"April 14th, 2014",Caturra,Natural / Dry,7.67,7.5,7.42,7.67,7.5,7.75,8.5,80.67,0.0,0,Green,1,1550.0,Alta (Arabica),Heritage COM
Arabica,juan luis alvarado romero,Guatemala,Other,250,69 kg,Asociacion Nacional Del Café,"June 5th, 2013",Bourbon,Washed / Wet,7.67,7.17,7.0,7.5,7.0,7.0,7.33,80.67,0.12,0,Green,5,1550.0,Alta (Arabica),Mill JUA
Arabica,juan luis alvarado romero,Guatemala,oriente,250,1 kg,Asociacion Nacional Del Café,"January 25th, 2012",Bourbon,Washed / Wet,7.0,7.33,7.5,7.33,7.0,7.33,7.17,80.67,0.11,0,Green,2,431.999136,Baja (Arabica),Mill JUA
Arabica,juan luis alvarado romero,Guatemala,oriente,250,1 kg,Asociacion Nacional Del Café,"January 25th, 2012",Bourbon,Washed / Wet,7.0,7.5,7.33,7.17,7.17,7.17,7.33,80.67,0.11,0,Green,3,431.999136,Baja (Arabica),Mill JUA
Arabica,racafe & cia s.c.a,Colombia,Other,149,70 kg,Almacafé,"March 15th, 2011",Caturra,Washed / Wet,7.17,7.25,7.08,7.42,7.08,7.42,7.25,80.67,0.18,0,Green,2,1750.0,Alta (Arabica),Heritage RAC
Arabica,bourbon specialty coffees,Brazil,Other,94,60 kg,Brazil Specialty Coffee Association,"March 11th, 2016",Bourbon,Natural / Dry,7.33,7.25,7.33,7.08,7.58,7.25,7.42,80.58,0.11,0,Green,7,1000.0,Media (Arabica),Origins BOU
Arabica,"exportadora atlantic, s.a.",Nicaragua,Other,275,69 kg,Instituto Hondureño del Café,"February 26th, 2016",Caturra,Washed / Wet,7.08,7.5,7.0,7.25,7.42,7.0,7.33,80.58,0.11,0,Green,0,1100.0,Media (Arabica),Select Harvest EXP
Arabica,burka coffee estate,"Tanzania, United Republic Of",Other,10,60 kg,Africa Fine Coffee Association,"January 6th, 2015",Other,Washed / Wet,7.25,7.08,7.08,7.33,7.33,7.25,7.25,80.58,0.12,0,Blue-Green,1,1400.0,Media (Arabica),Private Reserve BUR
Arabica,ipanema coffees,Brazil,south of minas,300,2 kg,Specialty Coffee Association,"October 17th, 2014",Bourbon,Semi-Washed / Semi-Pulped,7.42,7.25,7.33,7.0,7.08,7.25,7.25,80.58,0.0,0,Green,3,1200.0,Media (Arabica),Private Reserve IPA
Arabica,beneficio santa rosa,Honduras,Other,275,69 kg,Instituto Hondureño del Café,"April 30th, 2014",Caturra,Washed / Wet,7.5,7.17,7.0,7.42,7.33,7.0,7.17,80.58,0.11,0,Green,5,1400.0,Media (Arabica),Private Reserve BEN
Arabica,juan luis alvarado romero,Guatemala,huehuetenango,275,69 kg,Asociacion Nacional Del Café,"January 28th, 2014",Bourbon,Natural / Dry,7.17,7.42,6.83,7.5,7.17,7.25,7.25,80.58,0.11,0,Green,5,421.7798016,Baja (Arabica),Mill JUA
Arabica,kona pacific farmers cooperative,United States (Hawaii),Other,10,100 lbs,Specialty Coffee Association,"May 4th, 2011",Hawaiian Kona,Natural / Dry,7.42,7.58,7.5,7.92,7.83,7.83,7.83,80.58,0.0,0,Blue-Green,0,157.93516800000003,Baja (Arabica),Private Reserve KON
Arabica,racafe & cia s.c.a,Colombia,Other,149,70 kg,Almacafé,"March 15th, 2011",Caturra,Washed / Wet,7.08,7.25,7.0,7.5,7.08,7.33,7.33,80.58,0.0,0,Green,2,1750.0,Alta (Arabica),Heritage RAC
Arabica,cqi taiwan icp cqi台灣合作夥伴,Taiwan,Other,20,5 kg,Blossom Valley International,"December 8th, 2017",Other,Natural / Dry,7.17,7.17,7.17,7.42,7.17,7.25,7.17,80.5,0.0,0,Blue-Green,0,50.0,Baja (Arabica),Select Harvest CQI
Arabica,juan luis alvarado romero,Guatemala,santa rosa,275,69 kg,Asociacion Nacional Del Café,"September 8th, 2017",Caturra,Washed / Wet,7.33,7.25,7.08,7.17,7.25,7.17,7.25,80.5,0.1,0,Green,4,1500.0,Alta (Arabica),Mill JUA
Arabica,janny marlith torres,Honduras,Other,15,69 kg,Instituto Hondureño del Café,"August 23rd, 2017",Catuai,Washed / Wet,7.58,7.33,7.0,7.17,7.33,7.08,7.0,80.5,0.11,0,Green,5,1650.0,Alta (Arabica),Heritage JAN
Arabica,case noyale ltd,Other,Other,1,2 kg,Kenya Coffee Traders Association,"February 11th, 2016",Other,Other,7.25,7.25,7.17,7.17,7.25,7.17,7.25,80.5,0.12,0,Green,0,280.0,Baja (Arabica),Select Harvest CAS
Arabica,bourbon specialty coffees,Brazil,Other,300,60 kg,Brazil Specialty Coffee Association,"November 17th, 2015",Yellow Bourbon,Semi-Washed / Semi-Pulped,7.25,7.33,7.17,7.5,7.33,7.25,7.33,80.5,0.11,0,Green,3,1250.0,Media (Arabica),Origins BOU
Arabica,shwe yin mar coffee,Other,Other,1,2 kg,Coffee Quality Institute,"July 17th, 2015",Other,Washed / Wet,7.17,7.33,7.17,7.42,7.25,7.08,7.08,80.5,0.0,0,Green,2,3800.0,Premium (Arabica),Origins SHW
Arabica,juan luis alvarado romero,Guatemala,oriente,275,69 kg,Asociacion Nacional Del Café,"April 23rd, 2014",Other,Washed / Wet,7.5,7.17,6.83,7.5,7.17,7.17,7.17,80.5,0.11,0,Green,3,371.61216,Baja (Arabica),Mill JUA
Arabica,jacques pereira carneiro,Brazil,Other,300,60 kg,Specialty Coffee Association,"April 17th, 2014",Yellow Bourbon,Semi-Washed / Semi-Pulped,7.42,7.42,7.08,7.33,7.67,7.5,7.42,80.5,0.1,0,Green,10,1250.0,Media (Arabica),Select Harvest JAC
Arabica,eileen koyanagi,United States (Hawaii),kona,10,100 lbs,Specialty Coffee Association,"February 4th, 2014",Hawaiian Kona,Natural / Dry,7.42,7.33,7.33,7.58,7.58,7.42,7.17,80.5,0.11,1,Green,0,157.93516800000003,Baja (Arabica),Select Harvest EIL
Arabica,juan luis alvarado romero,Guatemala,huehuetenango,250,1 kg,Asociacion Nacional Del Café,"February 13th, 2013",Bourbon,Washed / Wet,7.5,7.5,7.0,7.67,7.17,7.0,6.67,80.5,0.12,1,Green,1,566.7085440000001,Baja (Arabica),Mill JUA
Arabica,israel eduardo paz garcia,Mexico,zaragoza itundujia,18,1 kg,AMECAFE,"September 17th, 2012",Typica,Washed / Wet,7.25,7.25,7.08,7.33,7.25,7.17,7.17,80.5,0.15,0,Green,1,1450.0,Media (Arabica),Heritage ISR
Arabica,cadexsa,Honduras,marcala,275,69 kg,Instituto Hondureño del Café,"February 3rd, 2016",Caturra,Washed / Wet,7.25,7.42,7.0,7.42,7.33,7.0,7.0,80.42,0.1,0,Green,0,1450.0,Media (Arabica),Select Harvest CAD
Arabica,cqi taiwan icp cqi台灣合作夥伴,Taiwan,Other,10,60 kg,Blossom Valley International,"November 23rd, 2014",Typica,Washed / Wet,7.58,7.17,7.17,7.17,7.17,7.17,7.0,80.42,0.14,0,Green,0,600.0,Baja (Arabica),Select Harvest CQI
Arabica,lusso lab,El Salvador,Other,2,2 kg,Specialty Coffee Association,"April 26th, 2014",Bourbon,Washed / Wet,7.33,7.17,7.08,7.08,7.33,7.17,7.25,80.42,0.0,0,Green,1,1450.0,Media (Arabica),Mill LUS
Arabica,adam ciruli ye,China,yunnan,1,2 kg,Specialty Coffee Association,"January 17th, 2014",Other,Washed / Wet,7.25,7.08,7.25,7.17,7.33,7.17,7.17,80.42,0.17,0,Green,14,1700.0,Alta (Arabica),Origins ADA
Arabica,cqi taiwan icp cqi台灣合作夥伴,Taiwan,Other,10,30 kg,"Blossom Valley International
","December 26th, 2013
",Typica,Washed / Wet,7.25,7.25,7.17,7.25,7.25,7.25,7.0,80.42,0.11,0,Green,0,600.0,Baja (Arabica),Select Harvest CQI
Arabica,alfredo bojalil,Mexico,Other,250,1 kg,AMECAFE,"September 4th, 2012",Typica,Washed / Wet,6.92,7.17,7.08,7.5,7.33,7.17,7.25,80.42,0.1,2,Green,4,1050.0,Media (Arabica),Origins ALF
Arabica,armando luis pohlenz martinez,Mexico,la concordia,250,1 kg,AMECAFE,"August 30th, 2012",Caturra,Washed / Wet,7.42,7.08,7.08,7.33,7.25,7.17,7.08,80.42,0.12,4,Green,16,1550.0,Alta (Arabica),Select Harvest ARM
Arabica,simon mahinda,Other,Other,300,60 kg,Kenya Coffee Traders Association,"January 22nd, 2016",Bourbon,Washed / Wet,7.08,7.25,7.17,7.33,7.08,7.08,7.33,80.33,0.12,0,Green,0,1700.0,Alta (Arabica),Private Reserve SIM
Arabica,delfina leon shine,"Tanzania, United Republic Of",Other,10,60 kg,Africa Fine Coffee Association,"November 16th, 2015",Bourbon,Washed / Wet,7.25,7.17,7.0,7.25,7.42,7.08,7.17,80.33,0.13,0,Green,5,1700.0,Alta (Arabica),Select Harvest DEL
Arabica,kongoni estate,"Tanzania, United Republic Of",Other,1,60 kg,Africa Fine Coffee Association,"December 18th, 2014",Other,Washed / Wet,7.25,7.17,7.25,7.25,7.25,7.08,7.08,80.33,0.12,0,Blue-Green,5,1600.0,Alta (Arabica),Private Reserve KON
Arabica,cqi taiwan icp cqi台灣合作夥伴,Taiwan,Other,10,30 kg,Blossom Valley International,"December 26th, 2013",Yellow Bourbon,Other,7.25,7.25,7.08,7.25,7.25,7.25,7.0,80.33,0.11,0,Green,0,600.0,Baja (Arabica),Select Harvest CQI
Arabica,juan luis alvarado romero,Guatemala,oriente,250,69 kg,Asociacion Nacional Del Café,"June 6th, 2013",Bourbon,Washed / Wet,7.33,7.33,6.83,7.5,7.0,7.17,7.17,80.33,0.11,1,Green,4,399.4830720000001,Baja (Arabica),Mill JUA
Arabica,miguel cortes moreno,Mexico,Other,10,1 kg,AMECAFE,"August 30th, 2012",Typica,Semi-Washed / Semi-Pulped,7.25,7.08,7.08,7.33,7.33,7.17,7.08,80.33,0.11,0,Green,21,940.0,Baja (Arabica),Mill MIG
Arabica,kona pacific farmers cooperative,United States (Hawaii),kona,10,100 lbs,Specialty Coffee Association,"February 8th, 2012",Hawaiian Kona,Washed / Wet,7.17,7.5,6.92,7.33,7.67,7.33,7.08,80.33,0.12,5,Green,7,157.93516800000003,Baja (Arabica),Private Reserve KON
Arabica,ethiopia commodity exchange,Ethiopia,Other,360,6,Ethiopia Commodity Exchange,"June 17th, 2010",Other,Natural / Dry,7.25,7.25,7.25,7.33,7.5,8.0,7.08,80.33,0.1,0,Green,1,1800.0,Premium (Arabica),Select Harvest ETH
Arabica,volcafe ltda. - brasil,Brazil,Other,440,59 kg,Brazil Specialty Coffee Association,"November 3rd, 2017",Catuai,Natural / Dry,7.17,7.33,7.42,7.08,7.0,7.0,7.25,80.25,0.11,0,Green,1,995.0,Baja (Arabica),Select Harvest VOL
Arabica,bismarck castro,Honduras,comayagua,275,69 kg,Instituto Hondureño del Café,"April 6th, 2017",Caturra,Natural / Dry,7.25,7.25,7.0,7.0,7.42,7.0,7.33,80.25,0.1,0,Green,4,1400.0,Media (Arabica),Heritage BIS
Arabica,cafe de don balbino s.c. de r.l. de c.v.,Mexico,Other,60,69 kg,Centro Agroecológico del Café A.C.,"April 26th, 2016",Caturra,Washed / Wet,7.25,7.17,7.0,7.33,7.33,7.0,7.17,80.25,0.1,0,Green,2,1600.0,Alta (Arabica),Heritage CAF
Arabica,bob mccauley,Other,Other,2,2 kg,Specialty Coffee Association,"August 27th, 2015",Other,Natural / Dry,8.0,7.08,7.0,7.33,7.08,6.92,6.83,80.25,0.11,1,Green,26,278.70912,Baja (Arabica),Origins BOB
Arabica,gloria antonieta escobar urrutia,Nicaragua,Other,275,69 kg,Asociación de Cafés Especiales de Nicaragua,"February 20th, 2015",Caturra,Washed / Wet,7.08,6.92,7.0,7.25,7.5,7.25,7.25,80.25,0.11,0,Green,2,900.0,Baja (Arabica),Select Harvest GLO
Arabica,eileen koyanagi,United States (Hawaii),kona,2,100 lbs,Specialty Coffee Association,"March 3rd, 2014",Hawaiian Kona,Natural / Dry,7.5,7.08,7.67,7.67,7.42,7.58,7.33,80.25,0.12,4,Green,13,157.93516800000003,Baja (Arabica),Select Harvest EIL
Arabica,honor dela fuente,Colombia,Other,1,2 kg,Specialty Coffee Association,"January 8th, 2014",Typica,Washed / Wet,7.42,8.0,7.83,7.75,8.08,7.58,7.58,80.25,0.1,0,Green,0,1750.0,Alta (Arabica),Private Reserve HON
Arabica,cqi taiwan icp cqi台灣合作夥伴,Taiwan,Other,5,30 kg,Blossom Valley International,"December 26th, 2013",Typica,Semi-Washed / Semi-Pulped,7.25,7.08,7.25,7.25,7.17,7.25,7.0,80.25,0.11,0,Green,0,700.0,Baja (Arabica),Select Harvest CQI
Arabica,the coffee source inc.,Guatemala,oriente,250,1 kg,Specialty Coffee Association,"January 9th, 2013",Caturra,Washed / Wet,7.0,7.17,7.33,7.33,7.0,7.17,7.25,80.25,0.11,1,Green,12,1400.0,Media (Arabica),Origins THE
Arabica,saul m. hernandez ramirez,Mexico,Other,10,1 kg,AMECAFE,"September 27th, 2012",Caturra,Washed / Wet,7.58,7.33,7.17,7.25,6.75,7.0,7.17,80.25,0.11,2,Green,8,808.0,Baja (Arabica),Origins SAU
Arabica,"sunvirtue co., ltd.",Other,Other,1,2 kg,Specialty Coffee Association,"May 9th, 2017",Catimor,Other,7.42,7.25,7.25,7.58,7.42,7.33,7.25,80.17,0.0,0,Green,2,1550.0,Alta (Arabica),Heritage SUN
Arabica,"exportadora atlantic, s.a.",Nicaragua,jinotega,275,2 kg,Asociación de Cafés Especiales de Nicaragua,"April 24th, 2015",Caturra,Washed / Wet,7.17,7.08,7.08,7.33,7.25,7.08,7.17,80.17,0.11,0,Green,2,1187.5,Media (Arabica),Select Harvest EXP
Arabica,cadexsa,Honduras,marcala,275,1 kg,Instituto Hondureño del Café,"January 26th, 2015",Catuai,Washed / Wet,7.25,7.25,7.0,7.17,7.08,7.08,7.33,80.17,0.11,0,Green,0,1400.0,Media (Arabica),Select Harvest CAD
Arabica,juan luis alvarado romero,Guatemala,oriente,250,69 kg,Asociacion Nacional Del Café,"August 7th, 2013",Bourbon,Washed / Wet,7.33,7.33,7.0,7.17,7.17,7.17,7.0,80.17,0.11,0,Green,2,399.4830720000001,Baja (Arabica),Mill JUA
Arabica,pablo enrique martinez gama,Mexico,coatepec,20,1 kg,AMECAFE,"October 9th, 2012",Typica,Washed / Wet,7.33,7.08,6.92,7.42,7.25,7.08,7.08,80.17,0.11,0,Green,2,1250.0,Media (Arabica),Heritage PAB
Arabica,israel eduardo paz garcia,Mexico,zaragoza itundujia,15,1 kg,AMECAFE,"September 13th, 2012",Typica,Washed / Wet,7.58,7.42,7.33,7.5,7.08,7.17,7.42,80.17,0.14,1,Green,2,1550.0,Alta (Arabica),Heritage ISR
Arabica,marco virgilio ramirez teliz,Mexico,veracruz,15,1 kg,AMECAFE,"September 10th, 2012",Bourbon,Washed / Wet,7.33,7.33,7.17,7.08,7.25,7.0,7.0,80.17,0.12,0,Green,12,1000.0,Media (Arabica),Select Harvest MAR
Arabica,juan luis alvarado romero,Guatemala,oriente,250,1 kg,Asociacion Nacional Del Café,"May 24th, 2012",Bourbon,Washed / Wet,7.33,7.33,7.0,7.33,7.0,7.0,7.17,80.17,0.11,0,Green,5,399.4830720000001,Baja (Arabica),Mill JUA
Arabica,kona pacific farmers cooperative,United States (Hawaii),kona,22,100 lbs,Specialty Coffee Association,"September 22nd, 2011",Hawaiian Kona,Natural / Dry,7.58,7.5,7.33,7.33,7.67,7.33,7.42,80.17,0.05,12,Blue-Green,1,157.93516800000003,Baja (Arabica),Private Reserve KON
Arabica,brayan cunha souza,Brazil,Other,440,60 kg,Brazil Specialty Coffee Association,"November 29th, 2017",Bourbon,Pulped Natural / Honey,7.17,7.17,7.0,7.17,7.25,7.25,7.08,80.08,0.11,0,Green,5,1100.0,Media (Arabica),Origins BRA
Arabica,cqi taiwan icp cqi台灣合作夥伴,Taiwan,Other,10,60 kg,Blossom Valley International,"November 23rd, 2014",Typica,Washed / Wet,7.42,7.25,7.25,7.17,7.0,7.0,7.0,80.08,0.07,0,Green,0,850.0,Baja (Arabica),Select Harvest CQI
Arabica,honor dela fuente,Nicaragua,Other,1,5 lbs,Specialty Coffee Association,"February 25th, 2014",Caturra,Natural / Dry,7.25,7.17,6.92,7.25,7.17,7.25,7.08,80.08,0.1,0,Green,4,1100.0,Media (Arabica),Private Reserve HON
Arabica,cqi taiwan icp cqi台灣合作夥伴,Taiwan,Other,10,30 kg,Blossom Valley International,"December 26th, 2013",Typica,Other,7.25,7.25,7.25,7.25,7.08,7.0,7.0,80.08,0.11,0,Green,0,200.0,Baja (Arabica),Select Harvest CQI
Arabica,cqi taiwan icp cqi台灣合作夥伴,Taiwan,Other,10,30 kg,Blossom Valley International,"December 26th, 2013",Typica,Washed / Wet,7.25,7.25,7.25,7.0,7.25,7.08,7.0,80.08,0.11,0,Green,0,150.0,Baja (Arabica),Select Harvest CQI
Arabica,cqi taiwan icp cqi台灣合作夥伴,Taiwan,Other,10,30 kg,Blossom Valley International,"December 26th, 2013",Typica,Semi-Washed / Semi-Pulped,7.25,7.25,7.25,7.08,7.17,7.08,7.0,80.08,0.11,0,Green,0,250.0,Baja (Arabica),Select Harvest CQI
Arabica,israel eduardo paz garcia,Mexico,zaragoza itundujia,13,1 kg,AMECAFE,"September 14th, 2012",Typica,Washed / Wet,7.33,7.17,7.25,7.08,7.08,7.08,7.08,80.08,0.15,0,Green,0,1300.0,Media (Arabica),Heritage ISR
Arabica,federico pacheco perez,Mexico,Other,10,1 kg,AMECAFE,"August 30th, 2012",Typica,Washed / Wet,7.25,7.08,7.0,7.17,7.33,7.17,7.08,80.08,0.14,1,Green,17,1300.0,Media (Arabica),Heritage FED
Arabica,"comercial internacional exportadora, s.a.",Nicaragua,jinotega,275,69 kg,Instituto Hondureño del Café,"June 13th, 2017",Caturra,Washed / Wet,7.33,7.08,6.92,7.08,7.42,7.17,7.0,80.0,0.1,0,Green,5,1250.0,Media (Arabica),Private Reserve COM
Arabica,ngu shwe li,Other,Other,1,2 kg,Coffee Quality Institute,"July 17th, 2015",Other,Washed / Wet,7.17,7.33,7.0,7.42,7.17,7.0,6.92,80.0,0.0,0,Green,4,3845.0,Premium (Arabica),Heritage NGU
Arabica,kurt kappeli,Mexico,Other,280,2 kg,Specialty Coffee Association,"May 1st, 2014",Typica,Washed / Wet,7.58,7.75,7.42,7.5,7.5,7.5,7.42,80.0,0.0,0,Green,2,1400.0,Media (Arabica),Origins KUR
Arabica,cqi taiwan icp cqi台灣合作夥伴,Taiwan,Other,10,30 kg,Blossom Valley International,"December 26th, 2013",Typica,Washed / Wet,7.25,7.25,7.25,7.0,7.25,7.0,7.0,80.0,0.11,0,Green,0,250.0,Baja (Arabica),Select Harvest CQI
Arabica,doi tung development project,Thailand,thailand,2,1 kg,Specialty Coffee Association,"May 29th, 2013",Caturra,Washed / Wet,7.33,6.67,7.08,7.42,7.42,7.08,7.0,80.0,0.0,0,Green,0,800.0,Baja (Arabica),Origins DOI
Arabica,pablo enrique martinez gama,Mexico,coatepec,20,1 kg,AMECAFE,"September 10th, 2012",Typica,Washed / Wet,7.25,7.25,7.08,7.17,7.33,7.33,7.25,80.0,0.12,0,Green,9,1250.0,Media (Arabica),Heritage PAB
Arabica,semiramis casas velazquez,Mexico,Other,256,1 kg,AMECAFE,"September 4th, 2012",Other,Washed / Wet,7.08,7.33,7.0,7.33,7.08,7.0,7.17,80.0,0.11,0,Green,12,1100.0,Media (Arabica),Heritage SEM
Arabica,ethiopia commodity exchange,Ethiopia,Other,300,6,Ethiopia Commodity Exchange,"June 17th, 2010",Other,Natural / Dry,7.42,7.42,7.5,7.92,7.75,7.58,7.75,80.0,0.05,0,Green,2,1800.0,Premium (Arabica),Select Harvest ETH
Arabica,federacion nacional de cafeteros,Colombia,huila,275,2 kg,Almacafé,"April 23rd, 2015",Caturra,Washed / Wet,7.83,7.67,7.58,7.75,7.83,7.17,7.42,79.92,0.0,0,Green,1,1750.0,Alta (Arabica),Select Harvest FED
Arabica,eileen koyanagi,United States (Hawaii),kona,12,100 kg,Specialty Coffee Association,"May 12th, 2014",Hawaiian Kona,Natural / Dry,7.5,7.0,7.0,6.92,7.33,7.17,7.0,79.92,0.11,1,Green,3,157.93516800000003,Baja (Arabica),Select Harvest EIL
Arabica,calixto guillen vazquez,Mexico,chiapas,400,1 kg,AMECAFE,"March 29th, 2013",Bourbon,Washed / Wet,7.33,7.08,7.08,7.33,7.42,7.17,7.17,79.92,0.12,0,Green,4,1300.0,Media (Arabica),Origins CAL
Arabica,alejandro garcia palacios,Mexico,Other,10,1 kg,AMECAFE,"September 11th, 2012",Other,Washed / Wet,7.17,7.17,6.92,7.25,7.33,7.08,7.0,79.92,0.12,1,Green,7,1100.0,Media (Arabica),Private Reserve ALE
Arabica,christina dusing,Mexico,veracruz,82,1 kg,AMECAFE,"August 30th, 2012",Bourbon,Washed / Wet,7.5,7.17,7.0,7.17,7.25,7.08,6.75,79.92,0.0,0,Green,0,1100.0,Media (Arabica),Origins CHR
Arabica,montegrande,Mexico,Other,250,1 kg,AMECAFE,"July 26th, 2012",Catuai,Washed / Wet,7.17,7.08,7.08,7.08,7.5,7.33,7.33,79.92,0.11,0,Green,3,1100.0,Media (Arabica),Mill MON
Arabica,pablo enrique martinez gama,Mexico,coatepec,100,1 kg,AMECAFE,"July 11th, 2012",Typica,Natural / Dry,7.33,7.25,7.0,7.42,7.17,7.17,7.25,79.92,0.12,0,Green,6,1250.0,Media (Arabica),Heritage PAB
Arabica,jesus carlos cadena valdivia,Mexico,veracruz,209,1 kg,AMECAFE,"July 11th, 2012",Mundo Novo,Washed / Wet,7.17,7.33,7.08,7.58,7.33,7.08,7.0,79.92,0.11,0,Green,0,1250.0,Media (Arabica),Private Reserve JES
Arabica,kona pacific farmers cooperative,United States (Hawaii),kona,40,100 lbs,Specialty Coffee Association,"September 22nd, 2011",Hawaiian Kona,Natural / Dry,7.5,7.42,7.58,7.42,7.5,7.58,7.58,79.92,0.05,3,Blue-Green,0,157.93516800000003,Baja (Arabica),Private Reserve KON
Arabica,kennedy macharia,Kenya,Other,200,12000 kg,Kenya Coffee Traders Association,"August 25th, 2017",Other,Washed / Wet,7.0,7.08,7.0,7.17,7.25,7.25,7.08,79.83,0.11,0,Green,5,1500.0,Alta (Arabica),Select Harvest KEN
Arabica,juan luis alvarado romero,Guatemala,san marcos,50,69 kg,Asociacion Nacional Del Café,"August 22nd, 2017",Bourbon,Washed / Wet,7.33,7.25,6.92,7.33,7.25,7.33,7.08,79.83,0.1,0,Green,2,1700.0,Alta (Arabica),Mill JUA
Arabica,asociación aldea global jinotega,Nicaragua,jinotega,75,2 kg,Asociación de Cafés Especiales de Nicaragua,"March 30th, 2015",Caturra,Washed / Wet,6.83,7.17,7.17,6.92,7.5,7.08,7.17,79.83,0.11,0,Green,0,1250.0,Media (Arabica),Private Reserve ASO
Arabica,sergio de la vequia bernardi,Mexico,veracruz,250,1 kg,AMECAFE,"July 11th, 2012",Typica,Washed / Wet,7.17,7.08,7.0,7.25,7.5,7.0,6.83,79.83,0.12,0,Green,3,1300.0,Media (Arabica),Origins SER
Arabica,kona pacific farmers cooperative,United States (Hawaii),kona,12,100 lbs,Specialty Coffee Association,"April 5th, 2012",Hawaiian Kona,Natural / Dry,7.58,7.08,6.83,7.17,7.5,7.17,7.17,79.83,0.12,7,Blue-Green,10,157.93516800000003,Baja (Arabica),Private Reserve KON
Arabica,"lin, che-hao krude 林哲豪",Taiwan,Other,28,50 kg,Specialty Coffee Association,"March 21st, 2015",Typica,Natural / Dry,7.75,7.33,7.17,7.33,7.67,7.83,7.33,79.75,0.0,0,Green,0,1000.0,Media (Arabica),Heritage LIN
Arabica,"lin, che-hao krude 林哲豪",Taiwan,Other,50,20 kg,Specialty Coffee Association,"July 28th, 2014",Typica,Washed / Wet,7.08,7.08,7.25,7.0,7.17,7.17,7.0,79.75,0.1,0,Blue-Green,0,600.0,Baja (Arabica),Heritage LIN
Arabica,doi tung development project,Thailand,thailand,1,1 kg,Specialty Coffee Association,"June 16th, 2014",Caturra,Washed / Wet,7.25,7.08,6.92,7.5,7.08,6.92,7.0,79.75,0.12,0,Green,0,800.0,Baja (Arabica),Origins DOI
Arabica,dane loraas,Peru,Other,320,5 lbs,Specialty Coffee Association,"January 23rd, 2014",Caturra,Washed / Wet,7.0,7.08,7.0,7.25,7.5,7.42,7.17,79.75,0.12,1,Green,2,1300.0,Media (Arabica),Heritage DAN
Arabica,the coffee source inc.,Costa Rica,Other,275,2 kg,Specialty Coffee Association,"September 23rd, 2013",Catuai,Washed / Wet,7.58,7.5,7.67,7.75,7.67,7.58,8.0,79.75,0.1,0,Blue-Green,4,1100.0,Media (Arabica),Origins THE
Arabica,fredy gordillo reyes,Mexico,"la concordia, chiapas",310,1 kg,AMECAFE,"March 29th, 2013",Typica,Washed / Wet,7.58,7.08,7.0,7.0,7.5,6.92,6.67,79.75,0.12,0,Green,4,1400.0,Media (Arabica),Select Harvest FRE
Arabica,leonides de la cruz lopez,Mexico,chiapas,275,1 kg,AMECAFE,"March 29th, 2013",Bourbon,Washed / Wet,7.58,7.08,6.92,7.58,7.5,6.92,6.83,79.75,0.13,0,Green,4,1022.0,Media (Arabica),Private Reserve LEO
Arabica,calixto guillen vazquez,Mexico,chiapas,380,1 kg,AMECAFE,"March 29th, 2013",Bourbon,Washed / Wet,7.25,7.08,7.0,7.17,7.17,7.08,7.0,79.75,0.12,0,Green,5,1300.0,Media (Arabica),Origins CAL
Arabica,israel eduardo paz garcia,Mexico,zaragoza itundujia,12,1 kg,AMECAFE,"September 14th, 2012",Bourbon,Washed / Wet,7.25,7.17,7.17,7.08,7.17,7.0,6.92,79.75,0.14,0,Green,0,1450.0,Media (Arabica),Heritage ISR
Arabica,alfredo bojalil,Mexico,Other,250,1 kg,AMECAFE,"September 4th, 2012",Typica,Washed / Wet,7.33,7.25,7.0,7.08,7.08,7.0,7.0,79.75,0.1,1,Green,22,1050.0,Media (Arabica),Origins ALF
Arabica,lusso lab,Guatemala,antigua,275,69 kg,Specialty Coffee Association,"July 23rd, 2012",Bourbon,Washed / Wet,7.58,7.33,7.5,7.33,7.0,7.33,7.67,79.75,0.0,0,Green,4,431.999136,Baja (Arabica),Mill LUS
Arabica,montegrande,Mexico,Other,36,1 kg,AMECAFE,"June 6th, 2012",Typica,Washed / Wet,7.25,6.83,6.92,7.08,7.25,7.08,7.33,79.75,0.12,0,Green,7,1100.0,Media (Arabica),Mill MON
Arabica,juan luis alvarado romero,Guatemala,oriente,25,69 kg,Asociacion Nacional Del Café,"June 22nd, 2017",Bourbon,Washed / Wet,7.42,7.42,7.25,7.58,7.42,7.33,7.25,79.67,0.1,0,Green,1,371.61216,Baja (Arabica),Mill JUA
Arabica,consejo salvadoreño del café,El Salvador,Other,275,69 kg,Salvadoran Coffee Council,"March 23rd, 2017",Bourbon,Washed / Wet,7.25,7.08,7.0,6.83,7.33,7.17,7.0,79.67,0.0,0,Blue-Green,12,1250.0,Media (Arabica),Heritage CON
Arabica,doi tung development project,Thailand,thailand,1,1 kg,Specialty Coffee Association,"June 16th, 2014",Caturra,Washed / Wet,6.92,7.17,6.83,7.42,7.17,7.08,7.08,79.67,0.12,0,Blue-Green,0,800.0,Baja (Arabica),Origins DOI
Arabica,juan luis alvarado romero,Guatemala,oriente,250,69 kg,Asociacion Nacional Del Café,"June 27th, 2013",Bourbon,Washed / Wet,7.5,7.0,6.83,7.08,7.08,7.17,7.0,79.67,0.11,0,Green,6,399.4830720000001,Baja (Arabica),Mill JUA
Arabica,fredy gordillo reyes,Mexico,"la concordia, chiapas",310,1 kg,AMECAFE,"March 29th, 2013",Typica,Washed / Wet,7.42,7.25,6.83,7.58,7.17,6.58,6.83,79.67,0.12,0,Green,6,1400.0,Media (Arabica),Select Harvest FRE
Arabica,saul m. hernandez ramirez,Mexico,Other,10,1 kg,AMECAFE,"September 27th, 2012",Caturra,Washed / Wet,7.33,7.17,7.0,6.75,7.08,7.0,7.33,79.67,0.13,5,Green,6,975.0,Baja (Arabica),Origins SAU
Arabica,alfredo bojalil,Mexico,Other,253,1 kg,AMECAFE,"June 4th, 2012",Mundo Novo,Washed / Wet,6.92,7.17,7.17,7.17,7.08,7.08,7.08,79.67,0.0,0,Green,9,1264.0,Media (Arabica),Origins ALF
Arabica,doi tung development project,Thailand,Other,5,1 lbs,Specialty Coffee Association,"April 9th, 2010",Other,Washed / Wet,7.17,7.17,7.0,7.0,7.25,6.92,7.17,79.67,0.0,1,Blue-Green,0,800.0,Baja (Arabica),Origins DOI
Arabica,obed rendon ponce,Mexico,Other,50,1 kg,AMECAFE,"September 17th, 2012",Typica,Washed / Wet,7.08,7.0,6.92,7.33,7.25,7.08,6.92,79.58,0.12,0,Green,11,1250.0,Media (Arabica),Select Harvest OBE
Arabica,armando luis pohlenz martinez,Mexico,la concordia,250,1 kg,AMECAFE,"August 30th, 2012",Caturra,Washed / Wet,7.25,6.92,6.92,7.33,7.25,7.0,6.92,79.58,0.13,0,Green,5,1550.0,Alta (Arabica),Select Harvest ARM
Arabica,exportadora de cafe condor s.a,Colombia,huila,250,70 kg,Almacafé,"February 9th, 2011",Caturra,Washed / Wet,7.25,7.17,7.0,6.75,7.17,7.33,6.92,79.58,0.1,0,Green,4,1800.0,Premium (Arabica),Heritage EXP
Arabica,carl walker,Guatemala,Other,223,69 kg,Specialty Coffee Association,"January 13th, 2011",Bourbon,Washed / Wet,7.08,7.0,6.83,7.33,7.25,7.0,7.08,79.58,0.17,1,Green,19,404.1282240000001,Baja (Arabica),Origins CAR
Arabica,cooperativa el gorrion r.l,Nicaragua,jinotega,275,69 kg,Asociación de Cafés Especiales de Nicaragua,"July 6th, 2015",Caturra,Natural / Dry,6.92,6.92,7.0,7.42,7.25,7.0,7.0,79.5,0.12,0,Green,6,1050.0,Media (Arabica),Private Reserve COO
Arabica,cqi taiwan icp cqi台灣合作夥伴,Taiwan,Other,10,2 kg,Blossom Valley International,"May 23rd, 2015",Typica,Natural / Dry,6.92,7.0,7.17,7.0,7.42,7.0,7.0,79.5,0.0,0,Green,1,700.0,Baja (Arabica),Select Harvest CQI
Arabica,exportadora de cafe condor s.a,Colombia,cundinamarca,250,70 kg,Almacafé,"June 21st, 2013",Caturra,Washed / Wet,7.83,7.5,7.42,7.42,7.67,7.5,7.5,79.5,0.0,0,Green,2,1550.0,Alta (Arabica),Heritage EXP
Arabica,armando luis pohlenz martinez,Mexico,la concordia,250,1 kg,AMECAFE,"August 1st, 2012",Caturra,Washed / Wet,7.25,7.08,6.92,7.25,7.58,7.08,7.0,79.5,0.12,1,Green,20,1550.0,Alta (Arabica),Select Harvest ARM
Arabica,mario jose fernandez,Mexico,Other,127,1 kg,AMECAFE,"July 11th, 2012",Typica,Washed / Wet,7.25,7.33,7.0,7.25,7.17,7.17,7.0,79.5,0.12,0,Blue-Green,5,1100.0,Media (Arabica),Mill MAR
Arabica,juan luis alvarado romero,Guatemala,oriente,250,69 kg,Asociacion Nacional Del Café,"May 13th, 2014",Bourbon,Washed / Wet,7.08,7.33,7.25,7.58,7.33,7.42,7.42,79.42,0.1,0,Green,2,371.61216,Baja (Arabica),Mill JUA
Arabica,juan luis alvarado romero,Guatemala,oriente,275,69 kg,Asociacion Nacional Del Café,"March 31st, 2014",Other,Washed / Wet,7.25,7.33,6.83,7.0,7.0,7.17,6.83,79.42,0.1,1,Green,4,371.61216,Baja (Arabica),Mill JUA
Arabica,adriana torres rico quevedo,Mexico,Other,10,1 kg,AMECAFE,"September 11th, 2012",Typica,Washed / Wet,7.0,6.83,6.83,7.42,7.33,7.17,6.83,79.42,0.13,0,Green,30,800.0,Baja (Arabica),Mill ADR
Arabica,rre kunene,Other,Other,2,1 kg,Specialty Coffee Association,"June 6th, 2017",Other,Washed / Wet,7.42,7.25,6.83,7.0,7.33,7.08,7.08,79.33,0.13,1,Blue-Green,2,200.0,Baja (Arabica),Select Harvest RRE
Arabica,the coffee source inc.,Colombia,Other,250,3 lbs,Specialty Coffee Association,"January 8th, 2014",Caturra,Washed / Wet,7.42,7.25,6.75,7.25,7.42,7.25,7.33,79.33,0.0,0,Green,3,1200.0,Media (Arabica),Origins THE
Arabica,eric jesus cordoba arroyo,Mexico,Other,30,1 kg,AMECAFE,"September 17th, 2012",Typica,Washed / Wet,7.0,7.0,6.83,7.33,7.42,6.92,6.83,79.33,0.14,0,Green,23,950.0,Baja (Arabica),Select Harvest ERI
Arabica,eric jesus cordoba arroyo,Mexico,Other,50,1 kg,AMECAFE,"September 10th, 2012",Typica,Washed / Wet,7.42,7.17,7.08,7.17,7.08,7.08,7.0,79.33,0.14,0,Green,19,750.0,Baja (Arabica),Select Harvest ERI
Arabica,juan luis alvarado romero,Guatemala,oriente,250,1 kg,Asociacion Nacional Del Café,"January 13th, 2012",Bourbon,Washed / Wet,7.17,6.5,6.33,7.25,7.58,7.33,7.17,79.33,0.11,0,Green,6,431.999136,Baja (Arabica),Mill JUA
Arabica,"lin, che-hao krude 林哲豪",Taiwan,Other,50,20 kg,Specialty Coffee Association,"November 7th, 2014",Typica,Washed / Wet,7.08,6.83,6.83,7.25,7.42,7.08,6.75,79.25,0.11,0,Blue-Green,0,850.0,Baja (Arabica),Heritage LIN
Arabica,marco virgilio ramirez teliz,Mexico,veracruz,12,1 kg,AMECAFE,"September 10th, 2012",Bourbon,Washed / Wet,7.0,7.0,6.92,7.17,7.17,7.08,6.92,79.25,0.13,0,Green,10,1000.0,Media (Arabica),Select Harvest MAR
Arabica,juan luis alvarado romero,Guatemala,santa rosa,50,69 kg,Asociacion Nacional Del Café,"August 22nd, 2017",Bourbon,Washed / Wet,7.33,7.42,7.33,7.42,7.5,7.42,7.42,79.17,0.1,0,Green,0,371.61216,Baja (Arabica),Mill JUA
Arabica,janny marlith torres,Honduras,Other,15,69 kg,Instituto Hondureño del Café,"July 27th, 2017",Catuai,Washed / Wet,7.58,7.0,6.75,6.92,7.0,6.92,7.0,79.17,0.11,0,Green,5,1650.0,Alta (Arabica),Heritage JAN
Arabica,juan luis alvarado romero,Guatemala,Other,250,69 kg,Asociacion Nacional Del Café,"May 23rd, 2016",Bourbon,Washed / Wet,7.08,7.0,6.92,7.42,7.0,6.92,6.83,79.17,0.11,0,Green,6,1320.0,Media (Arabica),Mill JUA
Arabica,juan luis alvarado romero,Guatemala,Other,275,69 kg,Asociacion Nacional Del Café,"June 30th, 2015",Catuai,Washed / Wet,7.25,7.17,6.75,7.25,7.0,6.92,6.83,79.17,0.11,0,Green,6,1550.0,Alta (Arabica),Mill JUA
Arabica,brent hall,Costa Rica,Other,1,2 kg,Specialty Coffee Association,"December 10th, 2013",Catuai,Washed / Wet,7.17,7.42,7.5,8.0,7.25,7.83,7.33,79.17,0.1,5,Green,20,1300.0,Media (Arabica),Select Harvest BRE
Arabica,israel eduardo paz garcia,Mexico,zaragoza itundujia,10,1 kg,AMECAFE,"September 13th, 2012",Typica,Washed / Wet,7.25,7.08,6.92,7.08,7.17,7.17,7.17,79.17,0.14,0,Green,8,1550.0,Alta (Arabica),Heritage ISR
Arabica,julio cesar robles flores,Mexico,Other,53,1 kg,AMECAFE,"August 30th, 2012",Typica,Washed / Wet,7.17,6.92,6.92,7.08,7.17,7.0,6.92,79.17,0.14,0,Green,34,1450.0,Media (Arabica),Private Reserve JUL
Arabica,masamichi hiroike,Mexico,Other,250,6,Specialty Coffee Association,"April 9th, 2010",Typica,Washed / Wet,6.75,6.75,6.83,7.25,7.58,7.08,6.92,79.17,0.01,0,Green,8,1200.0,Media (Arabica),Mill MAS
Arabica,juan luis alvarado romero,Guatemala,san marcos,50,69 kg,Asociacion Nacional Del Café,"August 23rd, 2017",Bourbon,Washed / Wet,7.58,7.67,7.42,7.42,7.67,7.67,7.67,79.08,0.1,0,Green,1,1700.0,Alta (Arabica),Mill JUA
Arabica,german negron,Other,Other,18,5 lbs,Specialty Coffee Association,"June 9th, 2014",Other,Washed / Wet,7.42,7.08,6.75,7.33,7.33,6.92,6.92,79.08,0.13,0,Green,0,260.12851200000006,Baja (Arabica),Origins GER
Arabica,israel eduardo paz garcia,Mexico,zaragoza itundujia,13,1 kg,AMECAFE,"September 13th, 2012",Typica,Washed / Wet,7.33,7.0,6.92,7.25,7.33,7.08,6.83,79.08,0.16,0,Green,2,1500.0,Alta (Arabica),Heritage ISR
Arabica,juana rodriguez gutierrez,Mexico,Other,10,1 kg,AMECAFE,"September 12th, 2012",Mundo Novo,Washed / Wet,7.25,7.08,6.75,7.33,7.42,7.0,6.92,79.08,0.11,0,Green,45,1100.0,Media (Arabica),Select Harvest JUA
Arabica,balbino ramirez flores,Mexico,Other,10,1 kg,AMECAFE,"July 3rd, 2012",Typica,Washed / Wet,7.17,7.25,7.25,7.17,7.25,7.08,7.25,79.08,0.1,0,Blue-Green,0,1200.0,Media (Arabica),Mill BAL
Arabica,racafe & cia s.c.a,Other,Other,149,70 kg,Almacafé,"March 1st, 2011",Other,Washed / Wet,6.75,6.75,6.42,6.83,7.58,7.5,7.25,79.08,0.1,0,Other,3,1942.0,Premium (Arabica),Heritage RAC
Arabica,juan luis alvarado romero,Guatemala,oriente,250,69 kg,Asociacion Nacional Del Café,"September 11th, 2014",Other,Washed / Wet,7.33,7.17,6.58,7.42,7.08,6.83,6.58,79.0,0.12,0,Green,3,371.61216,Baja (Arabica),Mill JUA
Arabica,cafes finos de exportacion s de r.l.,Honduras,Other,275,2 kg,Instituto Hondureño del Café,"April 26th, 2014",Pacas,Washed / Wet,7.0,7.0,7.0,7.0,7.0,7.0,7.0,79.0,0.11,0,Green,12,1350.0,Media (Arabica),Private Reserve CAF
Arabica,sustainable harvest coffee,Peru,Other,280,69 kg,Specialty Coffee Association,"January 8th, 2013",Typica,Washed / Wet,7.67,7.17,7.08,7.25,8.0,7.5,7.0,79.0,0.0,0,Green,4,1400.0,Media (Arabica),Private Reserve SUS
Arabica,gonzalo de aquino flores,Mexico,Other,14,1 kg,AMECAFE,"September 17th, 2012",Mundo Novo,Natural / Dry,6.75,7.08,6.67,7.25,7.17,7.08,7.0,79.0,0.12,0,Green,12,1300.0,Media (Arabica),Origins GON
Arabica,israel eduardo paz garcia,Mexico,zaragoza itundujia,16,1 kg,AMECAFE,"September 12th, 2012",Typica,Semi-Washed / Semi-Pulped,7.5,7.17,6.92,7.5,7.25,7.0,7.0,79.0,0.14,3,Green,17,1550.0,Alta (Arabica),Heritage ISR
Arabica,juan avenamar rodriguez funez,Mexico,Other,120,1 kg,AMECAFE,"August 30th, 2012",Typica,Washed / Wet,7.17,6.83,6.83,7.25,7.17,6.92,6.83,79.0,0.14,7,Green,38,12.0,Baja (Arabica),Origins JUA
Arabica,alfredo bojalil,Mexico,"la concordia, chiapas",250,1 kg,AMECAFE,"March 12th, 2013",Typica,Washed / Wet,7.33,7.0,6.75,7.08,7.17,7.25,7.0,78.92,0.12,0,Green,8,1300.0,Media (Arabica),Origins ALF
Arabica,israel eduardo paz garcia,Mexico,zaragoza itundujia,14,1 kg,AMECAFE,"September 17th, 2012",Typica,Washed / Wet,7.5,7.0,6.92,7.08,6.92,6.75,6.75,78.92,0.16,0,Green,0,1400.0,Media (Arabica),Heritage ISR
Arabica,"exportadora atlantic, s.a.",Nicaragua,Other,1,1 kg,Instituto Hondureño del Café,"May 22nd, 2017",Caturra,Other,7.17,7.0,6.92,7.0,7.0,7.0,6.75,78.83,0.1,0,Green,4,1100.0,Media (Arabica),Select Harvest EXP
Arabica,eileen koyanagi,United States (Hawaii),kona,11,2 lbs,Specialty Coffee Association,"January 17th, 2014",Hawaiian Kona,Natural / Dry,7.5,6.92,6.92,7.25,7.58,7.42,7.17,78.75,0.12,5,Green,8,157.93516800000003,Baja (Arabica),Select Harvest EIL
Arabica,juan luis alvarado romero,Guatemala,oriente,250,69 kg,Asociacion Nacional Del Café,"July 5th, 2013",Bourbon,Washed / Wet,7.33,7.08,6.33,7.25,7.0,7.0,6.75,78.75,0.12,1,Green,8,399.4830720000001,Baja (Arabica),Mill JUA
Arabica,octavio augusto diaz trejo,Mexico,veracruz,20,1 kg,AMECAFE,"August 1st, 2012",Typica,Washed / Wet,7.25,6.83,6.83,7.0,7.17,7.0,6.67,78.75,0.14,0,Green,0,1320.0,Media (Arabica),Mill OCT
Arabica,damaso martinez perez,Mexico,veracruz,35,1 kg,AMECAFE,"July 16th, 2012",Typica,Semi-Washed / Semi-Pulped,7.25,7.33,7.17,7.25,7.08,7.0,7.0,78.75,0.14,0,Green,0,1250.0,Media (Arabica),Heritage DAM
Arabica,"productores de especialidad emiliano zapeata, spr.",Mexico,Other,10,1 kg,AMECAFE,"June 6th, 2012",Bourbon,Washed / Wet,7.67,7.17,6.83,7.33,7.58,7.17,7.0,78.75,0.12,0,Green,0,1350.0,Media (Arabica),Select Harvest PRO
Arabica,adam ciruli ye,China,yunnan,1,2 kg,Specialty Coffee Association,"April 26th, 2014",Typica,Washed / Wet,7.0,6.92,6.83,7.17,7.17,7.17,7.08,78.67,0.0,0,Green,5,1850.0,Premium (Arabica),Origins ADA
Arabica,juan garcia hernandez,Mexico,Other,20,1 kg,AMECAFE,"September 17th, 2012",Caturra,Washed / Wet,6.92,6.92,6.67,7.25,7.17,6.92,6.83,78.67,0.13,0,Green,2,1150.0,Media (Arabica),Select Harvest JUA
Arabica,"exportadora atlantic, s.a.",Nicaragua,Other,275,69 kg,Instituto Hondureño del Café,"February 17th, 2016",Caturra,Washed / Wet,7.08,7.0,6.75,6.83,7.08,6.92,6.92,78.58,0.1,1,Green,7,1100.0,Media (Arabica),Select Harvest EXP
Arabica,"exportadora atlantic, s.a.",Nicaragua,Other,275,2 kg,Asociación de Cafés Especiales de Nicaragua,"March 28th, 2015",Caturra,Natural / Dry,6.83,7.08,6.92,6.75,7.25,7.08,6.67,78.58,0.11,1,Green,1,1100.0,Media (Arabica),Select Harvest EXP
Arabica,juan luis alvarado romero,Guatemala,oriente,250,69 kg,Asociacion Nacional Del Café,"September 4th, 2014",Other,Washed / Wet,7.33,7.17,6.92,7.58,7.25,7.17,7.17,78.58,0.12,0,Green,3,371.61216,Baja (Arabica),Mill JUA
Arabica,"lin, che-hao krude 林哲豪",Taiwan,"dongshan dist., tainan city 臺南市東山區",50,20 kg,Specialty Coffee Association,"July 22nd, 2014",Typica,Washed / Wet,6.83,6.75,7.17,7.25,7.0,6.92,6.67,78.58,0.1,0,Green,0,800.0,Baja (Arabica),Heritage LIN
Arabica,alfredo bojalil,Mexico,Other,250,1 kg,AMECAFE,"July 26th, 2012",Typica,Washed / Wet,7.0,7.0,6.75,7.33,6.92,6.92,6.67,78.58,0.13,0,Green,1,1400.0,Media (Arabica),Origins ALF
Arabica,organizaciones de productores de cafe colimense,Mexico,Other,50,1 kg,AMECAFE,"July 2nd, 2012",Typica,Washed / Wet,7.92,7.58,7.58,7.92,7.92,7.5,7.5,78.58,0.1,0,Green,1,1300.0,Media (Arabica),Origins ORG
Arabica,kona pacific farmers cooperative,United States (Hawaii),kona,8,100 lbs,Specialty Coffee Association,"June 21st, 2011",Hawaiian Kona,Natural / Dry,7.92,6.83,7.08,7.42,6.75,7.33,7.25,78.58,0.0,0,Blue-Green,0,157.93516800000003,Baja (Arabica),Private Reserve KON
Arabica,kurt kappeli,Mexico,Other,280,69 kg,Specialty Coffee Association,"April 26th, 2014",Bourbon,Washed / Wet,7.25,6.75,6.92,6.92,7.25,7.58,7.17,78.5,0.0,0,Green,0,1600.0,Alta (Arabica),Origins KUR
Arabica,rosario miguel hernandez,Mexico,Other,10,1 kg,AMECAFE,"September 14th, 2012",Typica,Washed / Wet,7.08,6.83,6.83,7.0,7.0,6.92,6.83,78.5,0.12,0,Green,14,1400.0,Media (Arabica),Heritage ROS
Arabica,francisco ruiz nunez,Mexico,Other,20,1 kg,AMECAFE,"July 26th, 2012",Caturra,Washed / Wet,7.25,7.17,7.0,6.83,7.58,7.08,6.92,78.5,0.13,1,Green,3,1200.0,Media (Arabica),Heritage FRA
Arabica,bourbon specialty coffees,Brazil,Other,300,60 kg,Brazil Specialty Coffee Association,"December 16th, 2014",Catuai,Natural / Dry,6.83,7.0,6.92,7.08,6.92,6.83,6.83,78.42,0.12,3,Green,4,1000.0,Media (Arabica),Origins BOU
Arabica,israel eduardo paz garcia,Mexico,zaragoza itundujia,10,1 kg,AMECAFE,"September 14th, 2012",Typica,Washed / Wet,7.58,7.17,7.0,7.17,7.33,7.0,7.17,78.42,0.14,0,Green,0,1500.0,Alta (Arabica),Heritage ISR
Arabica,eileen koyanagi,United States (Hawaii),kona,5,100 lbs,Specialty Coffee Association,"March 19th, 2014",Hawaiian Kona,Natural / Dry,7.5,7.75,7.58,7.83,7.92,7.92,7.83,78.33,0.1,0,Blue-Green,0,157.93516800000003,Baja (Arabica),Select Harvest EIL
Arabica,juan luis alvarado romero,Guatemala,oriente,275,69 kg,Asociacion Nacional Del Café,"February 27th, 2014",Other,Washed / Wet,7.17,6.5,6.67,7.0,7.17,7.17,6.67,78.33,0.1,0,Green,2,371.61216,Baja (Arabica),Mill JUA
Arabica,juan luis alvarado romero,Guatemala,oriente,250,1 kg,Asociacion Nacional Del Café,"February 7th, 2013",Bourbon,Washed / Wet,7.17,7.17,6.5,7.17,7.0,6.83,6.5,78.33,0.11,1,Green,4,399.4830720000001,Baja (Arabica),Mill JUA
Arabica,pablo cervantes morelos        ,Mexico,Other,100,1 kg,AMECAFE,"September 11th, 2012",Typica,Natural / Dry,7.25,7.25,7.0,7.5,7.33,7.42,7.75,78.33,0.13,31,Green,47,1300.0,Media (Arabica),Origins PAB
Arabica,juan luis alvarado romero,Guatemala,oriente,250,1 kg,Asociacion Nacional Del Café,"January 13th, 2012",Bourbon,Washed / Wet,7.17,6.08,6.17,7.25,7.33,7.33,7.0,78.33,0.11,0,Green,9,431.999136,Baja (Arabica),Mill JUA
Arabica,eileen koyanagi,United States (Hawaii),kona,18,100 lbs,Specialty Coffee Association,"January 20th, 2015",Hawaiian Kona,Natural / Dry,7.5,7.5,7.33,7.58,7.5,7.42,7.42,78.25,0.11,2,Green,8,157.93516800000003,Baja (Arabica),Select Harvest EIL
Arabica,kona pacific farmers cooperative,United States (Hawaii),kona,5,100 lbs,Specialty Coffee Association,"May 24th, 2012",Hawaiian Kona,Natural / Dry,7.42,7.33,7.33,7.5,7.67,7.75,7.25,78.25,0.11,4,Green,31,157.93516800000003,Baja (Arabica),Private Reserve KON
Arabica,sanjava coffee,Indonesia,Other,2,1 kg,Specialty Coffee Association of Indonesia,"July 18th, 2017",Other,Washed / Wet,6.92,6.83,6.92,6.92,6.92,6.83,6.83,78.17,0.13,0,Blue-Green,1,1300.0,Media (Arabica),Select Harvest SAN
Arabica,gustavo amieva gonzalez,Mexico,Other,320,1 kg,AMECAFE,"July 11th, 2012",Typica,Washed / Wet,7.08,6.83,6.67,7.25,7.25,6.92,6.75,78.08,0.11,0,Green,3,1050.0,Media (Arabica),Origins GUS
Arabica,"lin, che-hao krude 林哲豪",Taiwan,Other,8,10 kg,Specialty Coffee Association,"June 6th, 2017",Yellow Bourbon,Washed / Wet,7.5,7.08,7.33,7.17,7.5,7.5,7.25,78.0,0.0,3,Green,4,650.0,Baja (Arabica),Heritage LIN
Arabica,cafes finos de exportacion s de r.l.,Honduras,Other,275,2 kg,Instituto Hondureño del Café,"May 15th, 2014",Pacas,Natural / Dry,6.83,7.0,6.67,7.0,7.0,6.83,6.67,78.0,0.11,2,Green,6,1350.0,Media (Arabica),Private Reserve CAF
Arabica,eileen koyanagi,United States (Hawaii),kona,5,100 lbs,Specialty Coffee Association,"March 18th, 2014",Hawaiian Kona,Natural / Dry,7.58,7.33,7.5,7.42,7.5,7.33,7.33,78.0,0.12,2,Green,3,157.93516800000003,Baja (Arabica),Select Harvest EIL
Arabica,juan luis alvarado romero,Guatemala,oriente,275,69 kg,Asociacion Nacional Del Café,"February 7th, 2014",Other,Washed / Wet,7.42,7.25,6.83,7.33,7.0,6.92,7.25,78.0,0.1,1,Green,2,371.61216,Baja (Arabica),Mill JUA
Arabica,samuel eli gurel,China,yunnan,16,2 kg,Specialty Coffee Association,"September 5th, 2013",Typica,Washed / Wet,7.33,7.17,6.92,7.08,7.33,7.0,7.17,78.0,0.1,0,Green,28,1200.0,Media (Arabica),Mill SAM
Arabica,juan luis alvarado romero,Guatemala,oriente,250,69 kg,Asociacion Nacional Del Café,"April 29th, 2013",Bourbon,Washed / Wet,7.0,6.83,6.83,7.17,6.67,6.83,6.67,78.0,0.11,3,Green,9,399.4830720000001,Baja (Arabica),Mill JUA
Arabica,alejandro garcia palacios,Mexico,Other,10,1 kg,AMECAFE,"September 11th, 2012",Other,Washed / Wet,7.25,7.33,7.0,7.0,7.25,7.08,7.08,78.0,0.12,2,Green,7,850.0,Baja (Arabica),Private Reserve ALE
Arabica,mao-heng chu,Colombia,Other,202,70 kg,Specialty Coffee Association,"December 1st, 2011",Caturra,Washed / Wet,7.42,7.17,7.0,7.17,7.67,7.17,7.08,78.0,0.1,1,Green,3,1750.0,Alta (Arabica),Mill MAO
Arabica,santa laura exportadora de cafe s.l.e.c. s.a.,Costa Rica,Other,250,1 kg,Specialty Coffee Association of Costa Rica,"February 3rd, 2015",Caturra,Washed / Wet,7.5,7.25,7.42,7.0,7.08,6.83,6.83,77.92,0.12,2,Green,4,1200.0,Media (Arabica),Private Reserve SAN
Arabica,gustavo abarca solis,Mexico,Other,50,1 kg,AMECAFE,"July 26th, 2012",Typica,Washed / Wet,7.42,7.25,7.0,7.0,7.25,7.08,6.92,77.92,0.11,0,Green,3,1248.0,Media (Arabica),Heritage GUS
Arabica,juan luis alvarado romero,Guatemala,oriente,250,1 kg,Asociacion Nacional Del Café,"January 13th, 2012",Bourbon,Washed / Wet,7.17,6.17,6.17,7.08,7.33,6.83,7.17,77.92,0.11,0,Green,7,431.999136,Baja (Arabica),Mill JUA
Arabica,"bencafe, s. a.",Nicaragua,jinotega,275,69 kg,Specialty Coffee Association of Costa Rica,"February 29th, 2016",Caturra,Washed / Wet,7.42,7.0,7.0,7.17,7.08,7.0,7.17,77.83,0.1,0,Blue-Green,0,1000.0,Media (Arabica),Origins BEN
Arabica,cafe politico,Brazil,Other,1,5 lbs,Specialty Coffee Association,"August 25th, 2014",Bourbon,Washed / Wet,7.0,6.75,6.67,6.83,7.08,6.83,6.67,77.83,0.11,0,Green,2,1000.0,Media (Arabica),Select Harvest CAF
Arabica,juan luis alvarado romero,Guatemala,oriente,250,1 kg,Asociacion Nacional Del Café,"February 7th, 2013",Bourbon,Washed / Wet,7.0,6.83,6.67,7.17,6.83,6.83,6.5,77.83,0.11,0,Green,2,399.4830720000001,Baja (Arabica),Mill JUA
Arabica,"lin, che-hao krude 林哲豪",Taiwan,"dongshan dist., tainan city 臺南市東山區",100,10 kg,Specialty Coffee Association,"May 29th, 2013",Typica,Washed / Wet,7.17,6.75,6.58,7.33,7.33,7.17,6.67,77.67,0.11,0,Blue-Green,0,775.0,Baja (Arabica),Heritage LIN
Arabica,kona pacific farmers cooperative,United States (Hawaii),kona,5,100 lbs,Specialty Coffee Association,"May 3rd, 2013",Hawaiian Kona,Natural / Dry,7.58,7.67,7.58,7.67,7.42,7.42,7.58,77.58,0.12,1,Green,5,157.93516800000003,Baja (Arabica),Private Reserve KON
Arabica,stephany escamilla femat,Mexico,coatepec,23,1 kg,AMECAFE,"September 17th, 2012",Typica,Washed / Wet,7.17,6.75,6.58,6.75,6.83,6.75,6.67,77.5,0.13,0,Green,3,1300.0,Media (Arabica),Private Reserve STE
Arabica,juan luis alvarado romero,Guatemala,oriente,250,1 kg,Asociacion Nacional Del Café,"January 29th, 2013",Bourbon,Washed / Wet,7.08,6.92,6.33,7.0,6.92,7.0,6.17,77.42,0.11,2,Green,15,399.4830720000001,Baja (Arabica),Mill JUA
Arabica,ipanema coffees,Brazil,south of minas,320,60 kg,Brazil Specialty Coffee Association,"October 20th, 2017",Bourbon,Natural / Dry,7.5,7.33,7.42,7.58,7.58,6.92,7.0,77.33,0.0,0,Green,3,890.0,Baja (Arabica),Private Reserve IPA
Arabica,juan luis alvarado romero,Guatemala,oriente,275,69 kg,Asociacion Nacional Del Café,"April 8th, 2014",Other,Washed / Wet,7.33,7.0,6.83,7.17,7.17,7.17,6.67,77.33,0.1,1,Green,2,371.61216,Baja (Arabica),Mill JUA
Arabica,israel eduardo paz garcia,Mexico,zaragoza itundujia,10,1 kg,AMECAFE,"September 13th, 2012",Typica,Washed / Wet,7.33,7.0,6.67,7.0,6.92,6.92,6.83,77.33,0.15,4,Green,5,1500.0,Alta (Arabica),Heritage ISR
Arabica,myriam kaplan-pasternak,Other,Other,1,4 lbs,Specialty Coffee Association,"May 5th, 2014",Typica,Washed / Wet,6.83,6.83,6.83,6.75,6.92,6.92,6.83,77.25,0.1,0,Blue-Green,1,825.0,Baja (Arabica),Heritage MYR
Arabica,eileen koyanagi,United States (Hawaii),kona,9,2 lbs,Specialty Coffee Association,"January 27th, 2014",Hawaiian Kona,Natural / Dry,7.08,6.92,6.83,6.67,7.58,7.42,6.75,77.25,0.12,1,Green,5,157.93516800000003,Baja (Arabica),Select Harvest EIL
Arabica,alejandro garcia palacios,Mexico,Other,10,1 kg,AMECAFE,"September 11th, 2012",Other,Washed / Wet,7.08,7.0,7.0,7.25,7.33,7.25,6.92,77.17,0.12,1,Green,11,1200.0,Media (Arabica),Private Reserve ALE
Arabica,andrew bowman,Peru,Other,275,2 kg,Specialty Coffee Association,"June 16th, 2015",Caturra,Washed / Wet,7.42,7.75,7.42,7.67,7.92,7.83,7.67,77.0,0.0,7,Green,9,1200.0,Media (Arabica),Mill AND
Arabica,joshua marsceau,Other,Other,20,50 kg,Specialty Coffee Association,"January 16th, 2017",Other,Natural / Dry,7.67,7.33,7.17,6.67,7.17,7.42,7.42,76.83,0.0,0,Green,0,1250.0,Media (Arabica),Private Reserve JOS
Arabica,masamichi hiroike,Mexico,Other,250,6,Specialty Coffee Association,"April 9th, 2010",Typica,Washed / Wet,6.67,6.33,6.42,6.83,7.0,6.92,6.58,76.75,0.0,0,Green,0,1200.0,Media (Arabica),Mill MAS
Arabica,juan luis alvarado romero,Guatemala,oriente,250,2 kg,Asociacion Nacional Del Café,"January 3rd, 2012",Bourbon,Washed / Wet,6.42,6.5,6.5,7.33,6.33,6.92,6.5,76.5,0.12,0,Green,4,431.999136,Baja (Arabica),Mill JUA
Arabica,homero antonio de anda andrade,Mexico,coatepec,10,1 kg,AMECAFE,"July 26th, 2012",Typica,Washed / Wet,7.17,6.58,6.58,7.0,7.25,6.58,6.58,76.42,0.13,0,Green,14,1100.0,Media (Arabica),Private Reserve HOM
Arabica,juan luis alvarado romero,Guatemala,oriente,250,69 kg,Asociacion Nacional Del Café,"April 30th, 2012",Bourbon,Washed / Wet,7.5,7.0,6.83,7.5,7.17,7.33,7.0,76.33,0.11,0,Green,8,399.4830720000001,Baja (Arabica),Mill JUA
Arabica,juan luis alvarado romero,Guatemala,oriente,250,2 kg,Asociacion Nacional Del Café,"January 3rd, 2012",Bourbon,Washed / Wet,6.17,6.5,6.5,7.17,7.0,6.83,6.17,76.33,0.11,0,Green,5,431.999136,Baja (Arabica),Mill JUA
Arabica,eileen koyanagi,United States (Hawaii),kona,2,100 lbs,Specialty Coffee Association,"March 18th, 2014",Hawaiian Kona,Natural / Dry,7.25,7.08,6.83,7.17,7.33,6.83,7.08,76.25,0.0,0,Green,0,157.93516800000003,Baja (Arabica),Select Harvest EIL
Arabica,eileen koyanagi,United States (Hawaii),kona,6,100 lbs,Specialty Coffee Association,"January 20th, 2014",Hawaiian Kona,Natural / Dry,7.5,7.33,7.33,7.58,7.67,7.25,7.5,76.17,0.0,0,Blue-Green,3,157.93516800000003,Baja (Arabica),Select Harvest EIL
Arabica,israel eduardo paz garcia,Mexico,zaragoza itundujia,11,1 kg,AMECAFE,"September 17th, 2012",Typica,Washed / Wet,7.42,7.0,6.83,7.08,6.92,6.83,6.75,76.17,0.16,2,Green,4,1400.0,Media (Arabica),Heritage ISR
Arabica,william ho,Indonesia,Other,15,2 kg,Specialty Coffee Association,"January 18th, 2012",Other,Natural / Dry,7.33,7.0,6.5,6.08,7.58,6.33,6.67,76.17,0.12,4,Blue-Green,26,3500.0,Premium (Arabica),Origins WIL
Arabica,guillermo eduardo bobadilla muguira,Mexico,Other,20,1 kg,AMECAFE,"September 10th, 2012",Bourbon,Washed / Wet,7.08,6.83,6.83,7.17,7.17,7.08,6.58,76.08,0.12,0,Green,12,1250.0,Media (Arabica),Select Harvest GUI
Arabica,cafes finos de exportacion s de r.l.,Honduras,Other,275,2 kg,Instituto Hondureño del Café,"May 15th, 2014",Pacas,Natural / Dry,6.83,6.83,6.67,6.83,7.0,6.83,7.0,76.0,0.11,0,Green,7,1350.0,Media (Arabica),Private Reserve CAF
Arabica,ana gonzales,Other,Other,1,2 kg,Specialty Coffee Association,"May 14th, 2013",Other,Washed / Wet,6.83,6.5,6.5,6.92,6.75,7.0,6.67,75.83,0.12,0,Green,2,1000.0,Media (Arabica),Mill ANA
Arabica,volcafe ltda. - brasil,Brazil,Other,440,59 kg,Brazil Specialty Coffee Association,"October 27th, 2017",Bourbon,Natural / Dry,7.17,7.0,6.83,7.5,7.17,7.0,7.0,75.67,0.11,0,Green,6,1000.0,Media (Arabica),Select Harvest VOL
Arabica,juan luis alvarado romero,Guatemala,oriente,250,1 kg,Asociacion Nacional Del Café,"July 9th, 2012",Bourbon,Washed / Wet,7.92,7.58,7.17,7.58,7.33,7.17,6.83,75.58,0.11,0,Green,15,399.4830720000001,Baja (Arabica),Mill JUA
Arabica,juan luis alvarado romero,Guatemala,oriente,250,1 kg,Asociacion Nacional Del Café,"January 6th, 2012",Bourbon,Washed / Wet,6.67,6.5,6.33,7.0,7.17,6.75,6.5,75.58,0.12,0,Green,10,431.999136,Baja (Arabica),Mill JUA
Arabica,juana rodriguez gutierrez,Mexico,Other,10,1 kg,AMECAFE,"September 12th, 2012",Other,Washed / Wet,7.5,7.25,6.92,7.0,7.17,6.83,6.83,75.5,0.11,4,Green,20,1100.0,Media (Arabica),Select Harvest JUA
Arabica,francisco hernandez lorenzo,Mexico,Other,100,1 kg,AMECAFE,"September 12th, 2012",Mundo Novo,Washed / Wet,7.17,6.92,6.67,6.83,7.25,7.75,6.58,75.17,0.11,0,Green,20,1200.0,Media (Arabica),Select Harvest FRA
Arabica,montegrande,Mexico,Other,36,1 kg,AMECAFE,"June 6th, 2012",Other,Washed / Wet,7.25,6.83,6.67,7.08,7.17,6.83,6.67,75.17,0.12,0,Green,8,1100.0,Media (Arabica),Mill MON
Arabica,martin jimenez casiano,Mexico,Other,18,1 kg,AMECAFE,"March 5th, 2012",Typica,Washed / Wet,7.17,7.17,6.83,7.17,7.42,6.67,6.75,75.17,0.13,23,Blue-Green,29,1280.0,Media (Arabica),Heritage MAR
Arabica,"grupo juvenil magtayani, ac",Mexico,Other,43,1 kg,AMECAFE,"July 11th, 2012",Typica,Washed / Wet,7.0,6.92,6.75,6.92,7.17,6.83,6.75,75.0,0.14,15,Green,7,850.0,Baja (Arabica),Select Harvest GRU
Arabica,israel eduardo paz garcia,Mexico,zaragoza itundujia,14,1 kg,AMECAFE,"September 13th, 2012",Typica,Washed / Wet,7.08,6.75,6.58,7.0,7.0,6.75,6.42,74.92,0.17,0,Green,6,1500.0,Alta (Arabica),Heritage ISR
Arabica,pablo enrique martinez gama,Mexico,coatepec,20,1 kg,AMECAFE,"August 1st, 2012",Typica,Washed / Wet,7.33,6.75,6.67,7.25,7.5,7.0,7.0,74.83,0.12,0,Green,30,1250.0,Media (Arabica),Heritage PAB
Arabica,juan luis alvarado romero,Guatemala,oriente,250,1 kg,Asociacion Nacional Del Café,"January 9th, 2012",Bourbon,Washed / Wet,6.75,6.5,6.17,7.0,7.25,6.75,6.33,74.75,0.11,0,Green,8,431.999136,Baja (Arabica),Mill JUA
Arabica,juan luis alvarado romero,Guatemala,oriente,250,1 kg,Asociacion Nacional Del Café,"January 5th, 2012",Bourbon,Washed / Wet,6.75,6.67,6.17,7.17,7.0,6.58,6.42,74.75,0.11,0,Green,10,431.999136,Baja (Arabica),Mill JUA
Arabica,nestor mendez gomez,Mexico,chiapas,275,1 kg,AMECAFE,"March 29th, 2013",Typica,Washed / Wet,7.08,7.0,6.83,7.5,7.33,6.83,6.75,74.67,0.12,0,Green,7,1700.0,Alta (Arabica),Private Reserve NES
Arabica,eileen koyanagi,United States (Hawaii),kona,3,100 lbs,Specialty Coffee Association,"March 13th, 2014",Hawaiian Kona,Natural / Dry,7.5,7.25,7.0,7.25,7.42,7.33,7.33,74.42,0.0,1,Blue-Green,2,157.93516800000003,Baja (Arabica),Select Harvest EIL
Arabica,juan luis alvarado romero,Guatemala,oriente,250,69 kg,Asociacion Nacional Del Café,"June 6th, 2013",Bourbon,Washed / Wet,6.5,6.33,6.5,7.5,7.33,6.83,6.0,74.33,0.11,1,Green,1,399.4830720000001,Baja (Arabica),Mill JUA
Arabica,jorge octavio escamilla prado,Mexico,Other,20,1 kg,AMECAFE,"September 10th, 2012",Typica,Washed / Wet,7.0,6.58,6.67,6.83,7.08,6.83,6.67,74.33,0.14,3,Green,11,1140.0,Media (Arabica),Origins JOR
Arabica,myrna roxana galvez gonzalez,Mexico,Other,100,1 kg,AMECAFE,"September 17th, 2012",Typica,Washed / Wet,6.92,6.42,6.17,7.33,7.25,6.75,6.5,74.0,0.13,0,Green,27,1200.0,Media (Arabica),Select Harvest MYR
Arabica,eugene holman pew,Mexico,coatepec,20,1 kg,AMECAFE,"August 1st, 2012",Typica,Washed / Wet,7.67,7.0,7.17,7.58,7.33,7.33,7.08,73.83,0.12,0,Green,19,1250.0,Media (Arabica),Select Harvest EUG
Arabica,kona pacific farmers cooperative,United States (Hawaii),kona,22,100 lbs,Specialty Coffee Association,"April 6th, 2012",Hawaiian Kona,Natural / Dry,7.17,7.17,7.17,7.58,7.67,6.92,7.33,73.67,0.0,9,Blue-Green,17,157.93516800000003,Baja (Arabica),Private Reserve KON
Arabica,bourbon specialty coffees,Brazil,Other,300,60 kg,Brazil Specialty Coffee Association,"December 28th, 2015",Bourbon,Natural / Dry,7.25,6.58,6.58,7.0,7.0,6.42,6.67,73.5,0.11,0,Green,0,1000.0,Media (Arabica),Origins BOU
Arabica,cafes finos de exportacion s de r.l.,Honduras,Other,275,2 kg,Instituto Hondureño del Café,"April 26th, 2014",Pacas,Washed / Wet,7.0,7.17,6.83,7.17,7.0,7.17,7.08,73.42,0.11,1,Green,16,1350.0,Media (Arabica),Private Reserve CAF
Arabica,kurt kappeli,Mexico,Other,280,69 kg,Specialty Coffee Association,"May 8th, 2014",Typica,Washed / Wet,7.08,7.08,6.92,7.08,6.92,6.92,6.92,72.92,0.0,1,Green,1,1200.0,Media (Arabica),Origins KUR
Arabica,honor dela fuente,Colombia,Other,1,5 lbs,Specialty Coffee Association,"March 3rd, 2014",Caturra,Natural / Dry,8.0,7.33,7.75,7.33,7.42,7.67,7.33,72.83,0.0,0,Blue-Green,15,1750.0,Alta (Arabica),Private Reserve HON
Arabica,eileen koyanagi,United States (Hawaii),kona,11,100 lbs,Specialty Coffee Association,"March 10th, 2014",Hawaiian Kona,Natural / Dry,6.92,6.92,6.92,7.5,7.58,7.17,6.92,72.58,0.11,5,Green,9,157.93516800000003,Baja (Arabica),Select Harvest EIL
Arabica,myriam kaplan-pasternak,Other,Other,85,130 lbs,Specialty Coffee Association,"August 23rd, 2011",Typica,Washed / Wet,6.92,6.75,7.08,7.17,7.33,6.67,6.42,72.33,0.08,1,Blue-Green,0,1020.0,Media (Arabica),Heritage MYR
Arabica,santa laura exportadora de cafe s.l.e.c. s.a.,Costa Rica,Other,250,1 kg,Specialty Coffee Association of Costa Rica,"February 3rd, 2015",Caturra,Washed / Wet,6.33,6.5,6.33,6.83,6.33,6.5,6.25,71.75,0.11,0,Green,7,1200.0,Media (Arabica),Private Reserve SAN
Arabica,jose armando norberto borzani lemini,Mexico,Other,10,1 kg,AMECAFE,"September 10th, 2012",Mundo Novo,Washed / Wet,6.92,6.92,6.92,6.92,7.17,7.0,6.58,71.08,0.12,4,Green,24,800.0,Baja (Arabica),Private Reserve JOS
Arabica,ricardo aaron sampieri marini,Mexico,veracruz,25,1 kg,AMECAFE,"July 11th, 2012",Bourbon,Washed / Wet,6.5,6.67,6.42,7.17,7.33,6.5,6.42,71.0,0.11,0,Green,0,1800.0,Premium (Arabica),Mill RIC
Arabica,kurt kappeli,Mexico,Other,280,2 kg,Specialty Coffee Association,"May 5th, 2014",Typica,Washed / Wet,6.92,7.0,6.83,6.92,7.42,6.92,6.75,70.75,0.12,0,Green,1,1000.0,Media (Arabica),Origins KUR
Arabica,volcafe ltda. - brasil,Brazil,cerrado,305,59 kg,Brazil Specialty Coffee Association,"October 27th, 2017",Bourbon,Natural / Dry,7.0,7.0,6.83,7.0,7.33,6.83,6.67,70.67,0.11,0,Green,55,1000.0,Media (Arabica),Select Harvest VOL
