Species,Owner,Country.of.Origin,Region,Number.of.Bags,Bag.Weight,In.Country.Partner,Grading.Date,Variety,Processing.Method,Aroma,Flavor,Aftertaste,Acidity,Body,Balance,Cupper.Points,Total.Cup.Points,Moisture,Category.One.Defects,Color,Category.Two.Defects,altitude_mean_meters,categoria_altitud
Arabica,metad plc,Ethiopia,guji-hambela,300,60 kg,METAD Agricultural Development plc,"April 4th, 2015",Other,Washed / Wet,8.67,8.83,8.67,8.75,8.5,8.42,8.75,90.58,0.12,0,Green,0,2075.0,Premium (Arabica)
Arabica,metad plc,Ethiopia,guji-hambela,300,60 kg,METAD Agricultural Development plc,"April 4th, 2015",Other,Washed / Wet,8.75,8.67,8.5,8.58,8.42,8.42,8.58,89.92,0.12,0,Green,1,2075.0,Premium (Arabica)
Arabica,grounds for health admin,Guatemala,Other,5,1,Specialty Coffee Association,"May 31st, 2010",Bourbon,Washed / Wet,8.42,8.5,8.42,8.42,8.33,8.42,9.25,89.75,0.0,0,Green,0,1700.0,Alta (Arabica)
Arabica,yidnekachew dabessa,Ethiopia,oromia,320,60 kg,METAD Agricultural Development plc,"March 26th, 2015",Other,Natural / Dry,8.17,8.58,8.42,8.42,8.5,8.25,8.67,89.0,0.11,0,Green,2,2000.0,Premium (Arabica)
Arabica,metad plc,Ethiopia,guji-hambela,300,60 kg,METAD Agricultural Development plc,"April 4th, 2015",Other,Washed / Wet,8.25,8.5,8.25,8.5,8.42,8.33,8.58,88.83,0.12,0,Green,2,2075.0,Premium (Arabica)
Arabica,ji-ae ahn,Brazil,Other,100,30 kg,Specialty Coffee Institute of Asia,"September 3rd, 2013",Bourbon,Natural / Dry,8.58,8.42,8.42,8.5,8.25,8.33,8.33,88.83,0.11,0,Blue-Green,1,1000.0,Media (Arabica)
Arabica,hugo valdivia,Peru,Other,100,69 kg,Specialty Coffee Institute of Asia,"September 17th, 2012",Other,Washed / Wet,8.42,8.5,8.33,8.5,8.25,8.25,8.5,88.75,0.11,0,Blue-Green,0,1300.0,Media (Arabica)
Arabica,ethiopia commodity exchange,Ethiopia,oromia,300,60 kg,Ethiopia Commodity Exchange,"September 2nd, 2010",Other,Natural / Dry,8.25,8.33,8.5,8.42,8.33,8.5,9.0,88.67,0.03,0,Green,0,1635.0,Alta (Arabica)
Arabica,ethiopia commodity exchange,Ethiopia,oromiya,300,60 kg,Ethiopia Commodity Exchange,"September 2nd, 2010",Other,Natural / Dry,8.67,8.67,8.58,8.42,8.33,8.42,8.67,88.42,0.03,0,Green,0,1635.0,Alta (Arabica)
Arabica,diamond enterprise plc,Ethiopia,"snnp/kaffa zone,gimbowereda",50,60 kg,METAD Agricultural Development plc,"March 30th, 2015",Other,Natural / Dry,8.08,8.58,8.5,8.5,7.67,8.42,8.5,88.25,0.1,0,Green,4,1822.5,Premium (Arabica)
Arabica,mohammed lalo,Ethiopia,oromia,300,60 kg,METAD Agricultural Development plc,"March 27th, 2015",Other,Natural / Dry,8.17,8.67,8.25,8.5,7.75,8.17,8.58,88.08,0.1,0,Green,1,1905.0,Premium (Arabica)
Arabica,cqi q coffee sample representative,United States,antioquia,10,1 kg,Almacafé,"March 13th, 2015",Other,Washed / Wet,8.25,8.42,8.17,8.33,8.08,8.17,8.5,87.92,0.0,0,Other,0,1872.0,Premium (Arabica)
Arabica,cqi q coffee sample representative,United States,antioquia,10,1 kg,Almacafé,"March 13th, 2015",Other,Washed / Wet,8.08,8.67,8.33,8.42,8.0,8.08,8.33,87.92,0.0,0,Other,0,1943.0,Premium (Arabica)
Arabica,grounds for health admin,United States (Hawaii),kona,1,1,Specialty Coffee Association,"May 31st, 2010",Hawaiian Kona,Natural / Dry,8.33,8.42,8.08,8.25,8.25,8.0,8.58,87.92,0.0,0,Blue-Green,2,185.80608,Baja (Arabica)
Arabica,ethiopia commodity exchange,Ethiopia,oromiya,300,60 kg,Ethiopia Commodity Exchange,"August 31st, 2010",Other,Natural / Dry,8.25,8.33,8.5,8.25,8.58,8.75,8.5,87.83,0.05,0,Green,2,1635.0,Alta (Arabica)
Arabica,cqi q coffee sample representative,United States,antioquia,10,1 kg,Almacafé,"March 13th, 2015",Other,Washed / Wet,8.0,8.5,8.58,8.17,8.17,8.0,8.17,87.58,0.0,0,Other,0,2080.0,Premium (Arabica)
Arabica,grounds for health admin,Indonesia,sulawesi,1,"2 kg,lbs",Specialty Coffee Association,"May 31st, 2010",Other,Washed / Wet,8.33,8.25,7.83,7.75,8.5,8.42,8.33,87.42,0.03,0,Blue-Green,0,1500.0,Alta (Arabica)
Arabica,ethiopia commodity exchange,Ethiopia,yirgacheffe,150,6,Ethiopia Commodity Exchange,"June 16th, 2010",Other,Natural / Dry,8.17,8.33,8.25,8.33,8.42,8.33,8.83,87.33,0.05,0,Green,2,1800.0,Premium (Arabica)
Arabica,yunnan coffee exchange,China,yunnan,3,60 kg,Yunnan Coffee Exchange,"April 7th, 2016",Catimor,Washed / Wet,8.42,8.25,8.08,8.17,7.92,8.0,8.42,87.25,0.1,0,Green,0,1450.0,Media (Arabica)
Arabica,essencecoffee,Ethiopia,gedio,250,60 kg,Blossom Valley International,"March 25th, 2015",Ethiopian Yirgacheffe,Natural / Dry,8.17,8.17,8.0,8.17,8.08,8.33,8.33,87.25,0.0,0,Green,8,1850.0,Premium (Arabica)
Arabica,cqi q coffee sample representative,United States,antioquia,10,1 kg,Almacafé,"March 13th, 2015",Other,Washed / Wet,8.0,8.25,8.08,8.5,8.25,8.0,8.17,87.25,0.0,0,Other,0,2019.0,Premium (Arabica)
Arabica,the coffee source inc.,Costa Rica,san ramon,250,3 lbs,Specialty Coffee Association,"April 2nd, 2014",Caturra,Washed / Wet,8.08,8.25,8.0,8.17,8.0,8.33,8.33,87.17,0.11,0,Green,2,1300.0,Media (Arabica)
Arabica,roberto licona franco,Mexico,xalapa,14,1 kg,AMECAFE,"July 26th, 2012",Other,Washed / Wet,8.17,8.25,8.17,8.0,7.83,8.17,8.58,87.17,0.13,0,Green,0,1320.0,Media (Arabica)
Arabica,cqi q coffee sample representative,United States,antioquia,10,1 kg,Almacafé,"March 13th, 2015",Other,Washed / Wet,8.25,8.33,8.17,8.17,7.83,8.17,8.17,87.08,0.0,0,Other,0,2112.0,Premium (Arabica)
Arabica,ji-ae ahn,Ethiopia,sidamo,100,60 kg,Specialty Coffee Institute of Asia,"September 3rd, 2013",Other,Natural / Dry,8.42,8.17,7.92,8.17,8.33,8.0,8.08,87.08,0.11,0,Blue-Green,1,1800.0,Premium (Arabica)
Arabica,nucoffee,Brazil,south of minas,3,60 kg,NUCOFFEE,"December 3rd, 2011",Bourbon,Natural / Dry,8.5,8.5,8.0,8.0,8.0,8.0,7.92,86.92,0.12,0,Green,2,1250.0,Media (Arabica)
Arabica,ethiopia commodity exchange,Ethiopia,sidamo,150,6,Ethiopia Commodity Exchange,"June 16th, 2010",Other,Natural / Dry,7.83,8.25,8.08,8.17,8.17,8.17,8.25,86.92,0.05,0,Green,2,1800.0,Premium (Arabica)
Arabica,kabum trading company,Uganda,kapchorwa eastern,100,60 kg,Uganda Coffee Development Authority,"June 26th, 2014",SL14,Washed / Wet,8.42,8.17,8.17,8.17,7.83,7.92,8.17,86.83,0.12,0,Green,1,1950.0,Premium (Arabica)
Arabica,bismarck castro,Honduras,comayagua,275,69 kg,Instituto Hondureño del Café,"May 18th, 2017",Caturra,Washed / Wet,8.17,8.08,8.08,8.0,8.08,8.0,8.25,86.67,0.1,0,Green,3,1400.0,Media (Arabica)
Arabica,"lin, che-hao krude 林哲豪",Taiwan,"leye, alishan township, chiayi county",20,50 kg,Specialty Coffee Association,"May 18th, 2016",Sumatra,Pulped Natural / Honey,8.0,8.0,8.0,8.25,8.0,8.17,8.17,86.58,0.0,0,Green,0,1200.0,Media (Arabica)
Arabica,nora zeas,Nicaragua,Other,275,6,Specialty Coffee Association,"May 18th, 2010",Caturra,Washed / Wet,7.92,8.25,8.0,8.33,8.0,8.08,8.0,86.58,0.08,0,Green,2,1100.0,Media (Arabica)
Arabica,specialty coffee-korea,"Tanzania, United Republic Of",Other,100,60 kg,Specialty Coffee Institute of Asia,"September 3rd, 2013",Other,Natural / Dry,8.42,8.17,8.17,8.0,7.58,8.0,8.17,86.5,0.11,0,Blue-Green,1,1600.0,Alta (Arabica)
Arabica,nucoffee,Brazil,vale da grama,29,60 kg,NUCOFFEE,"December 3rd, 2011",Bourbon,Natural / Dry,8.5,8.17,8.0,7.75,8.0,8.0,8.0,86.42,0.12,0,Green,2,1300.0,Media (Arabica)
Arabica,francisco a mena,Costa Rica,west and central valley,250,2 lbs,Specialty Coffee Association of Costa Rica,"December 3rd, 2015",Caturra,Washed / Wet,8.17,7.83,8.0,8.08,7.83,8.0,8.42,86.33,0.0,0,Blue-Green,0,1300.0,Media (Arabica)
Arabica,hider abamecha,Ethiopia,oromia,320,60 kg,METAD Agricultural Development plc,"March 27th, 2015",Other,Natural / Dry,8.0,8.08,7.92,8.0,8.08,8.08,8.08,86.25,0.1,0,Green,3,1775.0,Alta (Arabica)
Arabica,daniel magu,Kenya,muranga,320,1 kg,Kenya Coffee Traders Association,"May 30th, 2014",SL34,Washed / Wet,8.08,8.0,8.0,8.25,7.92,7.92,8.08,86.25,0.12,0,Blue-Green,1,1800.0,Premium (Arabica)
Arabica,kona pacific farmers cooperative,United States (Hawaii),kona,10,100 lbs,Specialty Coffee Association,"April 6th, 2012",Hawaiian Kona,Natural / Dry,8.08,8.17,8.0,7.92,7.92,7.83,8.33,86.25,0.0,1,Blue-Green,4,157.93516800000003,Baja (Arabica)
Arabica,kona pacific farmers cooperative,United States (Hawaii),kona,25,100 lbs,Specialty Coffee Association,"January 28th, 2011",Hawaiian Kona,Natural / Dry,8.25,8.42,8.08,7.75,7.67,7.83,8.25,86.25,0.0,2,Blue-Green,1,157.93516800000003,Baja (Arabica)
Arabica,ethiopia commodity exchange,Ethiopia,yirgacheffe,300,6,Ethiopia Commodity Exchange,"June 17th, 2010",Other,Natural / Dry,7.92,7.75,8.08,8.08,8.08,8.17,8.17,86.25,0.1,0,Green,2,1800.0,Premium (Arabica)
Arabica,cqi q coffee sample representative,United States,antioquia,10,1 kg,Almacafé,"March 13th, 2015",Other,Washed / Wet,7.67,8.17,8.0,8.0,8.17,8.08,8.08,86.17,0.0,0,Other,0,1941.0,Premium (Arabica)
Arabica,itdp international,Thailand,chiang rai,53,1 kg,Specialty Coffee Association,"April 12th, 2012",Caturra,Washed / Wet,7.83,8.33,7.83,8.25,7.58,7.92,8.42,86.17,0.1,1,Green,9,1300.0,Media (Arabica)
Arabica,jacques pereira carneiro,Brazil,sul de minas - carmo de minas,300,60 kg,Specialty Coffee Association,"January 4th, 2011",Yellow Bourbon,Natural / Dry,8.17,7.92,7.92,7.75,8.33,8.0,8.08,86.17,0.08,0,Green,2,12.0,Baja (Arabica)
Arabica,jacques pereira carneiro,Brazil,sul de minas - carmo de minas,300,60 kg,Specialty Coffee Association,"January 4th, 2011",Yellow Bourbon,Natural / Dry,8.42,7.92,8.0,7.75,7.92,8.0,8.17,86.17,0.01,0,Green,3,12.0,Baja (Arabica)
Arabica,"lin, che-hao krude 林哲豪",Taiwan,natou county,10,15 kg,Specialty Coffee Association,"June 10th, 2015",Bourbon,Semi-Washed / Semi-Pulped,8.08,8.17,7.75,8.08,7.75,7.83,8.42,86.08,0.12,0,Green,0,1000.0,Media (Arabica)
Arabica,jungle estate,Kenya,nyeri,12,60 kg,Kenya Coffee Traders Association,"January 29th, 2015",SL28,Natural / Dry,8.08,8.08,8.0,8.0,7.83,8.08,8.0,86.08,0.11,0,Blue-Green,2,1754.0,Alta (Arabica)
Arabica,nucoffee,Brazil,south of minas,7,60 kg,NUCOFFEE,"December 3rd, 2011",Bourbon,Semi-Washed / Semi-Pulped,8.33,8.0,8.0,8.0,7.75,8.0,8.0,86.08,0.11,0,Blue-Green,2,1250.0,Media (Arabica)
Arabica,great lakes coffee uganda,Uganda,eastern uganda,1,60 kg,Uganda Coffee Development Authority,"October 1st, 2014",SL14,Semi-Washed / Semi-Pulped,8.08,8.08,7.83,7.92,8.08,7.92,8.08,86.0,0.0,0,Green,0,1675.0,Alta (Arabica)
Arabica,lusso lab,Colombia,tolima,1,2 kg,Specialty Coffee Association,"March 20th, 2014",Caturra,Washed / Wet,7.75,7.92,7.83,8.08,8.08,8.17,8.17,86.0,0.12,1,Green,1,1200.0,Media (Arabica)
Arabica,lusso lab,Kenya,kiambu,1,1 kg,Specialty Coffee Association,"February 6th, 2014",SL28,Washed / Wet,7.92,8.17,7.83,8.5,7.5,7.92,8.17,86.0,0.11,0,Green,1,1860.0,Premium (Arabica)
Arabica,afca,Uganda,"sipi, mt elgon",1,60 kg,Africa Fine Coffee Association,"February 13th, 2012",Other,Washed / Wet,8.25,8.0,7.83,8.08,8.0,7.92,7.92,86.0,0.1,0,Blue-Green,0,1650.0,Alta (Arabica)
Arabica,ethiopia commodity exchange,Ethiopia,sidamo,300,6,Ethiopia Commodity Exchange,"June 17th, 2010",Other,Natural / Dry,7.75,8.08,8.0,8.25,8.0,8.0,7.92,86.0,0.01,0,Green,4,1750.0,Alta (Arabica)
Arabica,grounds for health admin,United States (Hawaii),kona,1,2,Specialty Coffee Association,"May 31st, 2010",Hawaiian Kona,Natural / Dry,8.33,8.17,7.75,8.0,7.75,7.83,8.17,86.0,0.0,0,Blue-Green,0,130.06425600000003,Baja (Arabica)
Arabica,juan luis alvarado romero,Guatemala,nuevo oriente,80,69 kg,Asociacion Nacional Del Café,"May 16th, 2016",Bourbon,Washed / Wet,7.92,8.08,7.92,8.08,8.08,7.83,8.0,85.92,0.1,0,Green,3,448.25716800000004,Baja (Arabica)
Arabica,kawacom uganda ltd,Uganda,eastern,1,60 kg,Uganda Coffee Development Authority,"June 30th, 2014",SL14,Natural / Dry,8.17,8.17,7.92,8.08,7.83,7.75,8.0,85.92,0.12,0,Green,0,1650.0,Alta (Arabica)
Arabica,exportadora de cafe condor s.a,Colombia,huila,275,70 kg,Almacafé,"July 26th, 2013",Caturra,Washed / Wet,8.0,8.0,8.0,8.17,7.83,8.0,7.92,85.92,0.0,1,Blue-Green,0,1800.0,Premium (Arabica)
Arabica,gonzalo hernandez,Panama,boquete,37,60 kg,Specialty Coffee Association of Costa Rica,"October 9th, 2017",Gesha,Washed / Wet,8.0,8.0,7.92,8.08,7.83,8.0,8.0,85.83,0.08,0,Blue-Green,0,1600.0,Alta (Arabica)
Arabica,ibrahim hussien speciality coffee producer &export,Ethiopia,oromia,320,60 kg,METAD Agricultural Development plc,"April 4th, 2015",Other,Washed / Wet,7.83,8.08,7.92,8.08,8.0,7.92,8.0,85.83,0.1,0,Green,4,1900.0,Premium (Arabica)
Arabica,juan luis alvarado romero,Guatemala,acatenango,150,1 kg,Asociacion Nacional Del Café,"July 3rd, 2012",Bourbon,Washed / Wet,7.83,8.0,8.0,8.17,7.83,8.0,8.0,85.83,0.12,0,Green,3,464.51520000000005,Baja (Arabica)
Arabica,juan luis alvarado romero,Guatemala,nuevo oriente,275,1 kg,Asociacion Nacional Del Café,"June 5th, 2012",Catuai,Washed / Wet,8.0,8.0,7.83,8.33,7.83,7.83,8.0,85.83,0.1,0,Blue-Green,1,431.999136,Baja (Arabica)
Arabica,seid damtew coffee planataion,Ethiopia,addis ababa,320,19200 kg,METAD Agricultural Development plc,"June 23rd, 2017",Caturra,Natural / Dry,7.83,8.0,7.83,8.17,7.92,8.0,8.0,85.75,0.09,0,Green,7,1800.0,Premium (Arabica)
Arabica,dane loraas,Peru,cajamarca,280,5 lbs,Specialty Coffee Association,"January 22nd, 2014",Caturra,Washed / Wet,8.0,8.0,8.0,8.08,7.92,7.75,8.0,85.75,0.1,4,Green,6,1300.0,Media (Arabica)
Arabica,"colbran coffeelands, ltd.",Papua New Guinea,eastern highlands province,7,60 kg,Specialty Coffee Association,"October 25th, 2012",Other,Washed / Wet,8.33,8.42,7.83,8.33,8.0,8.25,7.92,85.75,0.12,0,Blue-Green,1,1700.0,Alta (Arabica)
Arabica,atlantic specialty coffee,El Salvador,apaneca,275,2 kg,Specialty Coffee Association,"March 18th, 2013",Bourbon,Washed / Wet,7.92,8.17,8.0,7.92,7.75,7.83,8.0,85.58,0.1,0,Blue-Green,3,1500.0,Alta (Arabica)
Arabica,lusso lab,El Salvador,"ataco, apaneca - ilamatepec mountain range",19,1 kg,Specialty Coffee Association,"January 12th, 2013",Bourbon,Semi-Washed / Semi-Pulped,7.83,8.0,8.0,7.75,7.92,8.17,7.92,85.58,0.11,0,Green,0,1350.0,Media (Arabica)
Arabica,kona pacific farmers cooperative,United States (Hawaii),kona,8,100 lbs,Specialty Coffee Association,"April 6th, 2012",Hawaiian Kona,Natural / Dry,7.83,8.0,7.92,7.75,8.08,8.0,8.0,85.58,0.0,0,Blue-Green,1,157.93516800000003,Baja (Arabica)
Arabica,essencecoffee,Panama,boquete,100,60 kg,Blossom Valley International,"May 23rd, 2015",Caturra,Natural / Dry,8.0,7.75,7.83,7.83,7.67,8.58,7.83,85.5,0.09,2,Green,2,1680.0,Alta (Arabica)
Arabica,essencecoffee,Kenya,kirinyaga,16,60 kg,Blossom Valley International,"May 23rd, 2015",SL28,Natural / Dry,7.92,7.92,7.83,8.08,7.83,7.92,8.0,85.5,0.1,0,Green,3,1900.0,Premium (Arabica)
Arabica,assefa belay coffee producer,Ethiopia,oromia,320,60 kg,METAD Agricultural Development plc,"March 31st, 2015",Other,Natural / Dry,7.83,8.0,7.83,7.92,7.83,8.08,8.0,85.5,0.12,0,Green,7,1900.0,Premium (Arabica)
Arabica,kyagalanyi ltd,Uganda,bulambuli eastern region,320,60 kg,Uganda Coffee Development Authority,"June 26th, 2014",SL14,Washed / Wet,8.33,7.92,7.67,7.92,7.67,7.92,8.08,85.5,0.12,0,Green,1,1600.0,Alta (Arabica)
Arabica,juan luis alvarado romero,Guatemala,huehuetenango,250,69 kg,Asociacion Nacional Del Café,"February 26th, 2013",Bourbon,Washed / Wet,8.0,7.83,7.67,8.33,7.83,8.0,7.83,85.5,0.11,0,Green,1,527.6892672,Baja (Arabica)
Arabica,assefa belay coffee producer,Ethiopia,oromia,320,60 kg,METAD Agricultural Development plc,"March 31st, 2015",Other,Washed / Wet,7.75,7.83,7.83,8.17,7.92,7.83,8.08,85.42,0.1,0,Green,18,1900.0,Premium (Arabica)
Arabica,great lakes coffee uganda,Uganda,kapchorwa,150,60 kg,Uganda Coffee Development Authority,"June 26th, 2014",SL14,Washed / Wet,8.08,8.0,7.83,7.67,8.0,7.83,8.0,85.42,0.12,0,Green,5,1950.0,Premium (Arabica)
Arabica,kona pacific farmers cooperative,United States (Hawaii),kona,8,100 lbs,Specialty Coffee Association,"April 6th, 2012",Hawaiian Kona,Natural / Dry,7.92,7.92,7.75,7.92,7.75,7.92,8.25,85.42,0.0,4,Blue-Green,6,157.93516800000003,Baja (Arabica)
Arabica,nucoffee,Brazil,south of minas,5,60 kg,NUCOFFEE,"December 3rd, 2011",Bourbon,Semi-Washed / Semi-Pulped,8.0,8.0,8.0,7.67,7.75,8.0,8.0,85.42,0.11,0,Blue-Green,1,1250.0,Media (Arabica)
Arabica,grounds for health admin,El Salvador,apaneca,2,"1 kg,lbs",Specialty Coffee Association,"May 31st, 2010",Bourbon,Washed / Wet,8.08,7.83,7.83,8.08,7.83,7.83,7.92,85.42,0.01,0,Green,0,1400.0,Media (Arabica)
Arabica,yunnan coffee exchange,China,yunnan,3,60 kg,Yunnan Coffee Exchange,"April 6th, 2016",Catimor,Natural / Dry,8.0,8.0,8.0,7.83,7.83,7.75,7.92,85.33,0.1,0,Green,0,1700.0,Alta (Arabica)
Arabica,essencecoffee,Guatemala,huehuetenango,36,30 kg,Blossom Valley International,"May 23rd, 2015",Pacamara,Natural / Dry,7.83,7.75,7.83,7.67,7.83,8.58,7.83,85.33,0.11,0,Green,1,1770.0,Alta (Arabica)
Arabica,the coffee source inc.,Costa Rica,west valley,250,3 lbs,Specialty Coffee Association,"May 1st, 2014",Caturra,Washed / Wet,7.92,8.08,8.0,7.92,8.0,8.08,8.0,85.33,0.0,0,Blue-Green,0,1300.0,Media (Arabica)
Arabica,the coffee source inc.,Costa Rica,san ramon,250,3 lbs,Specialty Coffee Association,"May 1st, 2014",Caturra,Washed / Wet,8.0,7.58,7.58,7.67,8.08,8.5,7.92,85.33,0.1,0,Blue-Green,2,1300.0,Media (Arabica)
Arabica,rashid moledina & co. (msa) ltd.,Kenya,central kenya,20,60 kg,Kenya Coffee Traders Association,"April 19th, 2013",SL34,Washed / Wet,7.83,8.08,7.75,8.08,7.92,7.75,7.92,85.33,0.0,0,Green,2,1600.0,Alta (Arabica)
Arabica,ibero kenya limited,Kenya,central kenya,300,60 kg,Kenya Coffee Traders Association,"March 12th, 2013",SL34,Washed / Wet,8.0,7.92,7.92,8.08,7.83,7.75,7.83,85.33,0.0,0,Green,6,1200.0,Media (Arabica)
Arabica,ethiopia commodity exchange,Ethiopia,yirgacheffe,360,6 kg,Ethiopia Commodity Exchange,"June 17th, 2010",Other,Natural / Dry,7.83,7.83,7.92,8.08,7.75,7.83,8.08,85.33,0.05,0,Green,2,1800.0,Premium (Arabica)
Arabica,ethiopia commodity exchange,Ethiopia,yirgacheffe,300,6,Ethiopia Commodity Exchange,"June 17th, 2010",Typica,Natural / Dry,7.92,7.83,7.75,8.33,7.75,7.75,8.0,85.33,0.1,0,Green,3,1800.0,Premium (Arabica)
Arabica,juan luis alvarado romero,Guatemala,oriente,250,69 kg,Asociacion Nacional Del Café,"April 27th, 2016",Bourbon,Washed / Wet,8.0,7.92,7.75,8.0,7.92,7.83,7.83,85.25,0.1,0,Green,2,448.25716800000004,Baja (Arabica)
Arabica,exportadora de cafe condor s.a,Colombia,santander,275,70 kg,Almacafé,"April 8th, 2015",Caturra,Washed / Wet,8.17,7.92,7.83,8.0,7.58,7.83,7.92,85.25,0.11,0,Green,0,1550.0,Alta (Arabica)
Arabica,compañia colombiana agroindustrial s.a,Colombia,santander,250,70 kg,Almacafé,"January 17th, 2014",Caturra,Natural / Dry,7.58,8.08,7.92,7.83,8.0,7.92,7.92,85.25,0.12,0,Green,2,1550.0,Alta (Arabica)
Arabica,"nomura trading co., ltd.",Indonesia,lintong,54,60 kg,Specialty Coffee Association,"November 26th, 2012",Sumatra Lintong,Semi-Washed / Semi-Pulped,7.75,7.83,7.67,8.0,8.08,7.83,8.0,85.17,0.11,0,Green,3,1325.0,Media (Arabica)
Arabica,the coffee source inc.,Guatemala,huehuetenango,250,1 kg,Specialty Coffee Association,"January 18th, 2012",Caturra,Washed / Wet,8.25,8.0,7.67,7.92,7.75,7.67,7.92,85.17,0.0,0,Green,7,1400.0,Media (Arabica)
Arabica,seid damtew coffee planataion,Ethiopia,"kefa zone, gimbo distict, at a place called woka araba, south west ethiopia.",320,19200 kg,METAD Agricultural Development plc,"August 9th, 2016",Other,Natural / Dry,7.75,8.0,7.58,8.0,8.0,7.92,7.83,85.08,0.11,0,Green,8,1800.0,Premium (Arabica)
Arabica,carcafe ltda ci,Colombia,pasto,250,70 kg,Almacafé,"August 18th, 2015",Caturra,Natural / Dry,8.17,7.83,7.58,8.08,8.0,7.75,7.67,85.08,0.0,0,Green,0,2560.0,Premium (Arabica)
Arabica,steven kil,Ethiopia,aricha,100,60 kg,Specialty Coffee Association,"October 7th, 2014",Other,Natural / Dry,8.42,8.0,7.42,8.0,7.92,7.92,8.08,85.08,0.1,2,Green,7,1700.0,Alta (Arabica)
Arabica,eileen koyanagi,United States (Hawaii),kona,12,100 lbs,Specialty Coffee Association,"March 10th, 2014",Hawaiian Kona,Natural / Dry,7.58,7.83,7.83,7.92,7.83,8.17,7.92,85.08,0.11,2,Blue-Green,2,157.93516800000003,Baja (Arabica)
Arabica,carcafe ltda ci,Colombia,cundinamarca,250,70 kg,Almacafé,"March 16th, 2012",Caturra,Natural / Dry,7.83,8.0,7.75,7.75,7.83,7.83,8.08,85.08,0.11,0,Green,8,2136.0,Premium (Arabica)
Arabica,kona pacific farmers cooperative,United States (Hawaii),kona,13,100 lbs,Specialty Coffee Association,"December 27th, 2010",Hawaiian Kona,Natural / Dry,8.08,8.17,7.92,8.0,8.08,8.0,8.17,85.08,0.01,1,Blue-Green,7,157.93516800000003,Baja (Arabica)
Arabica,ethiopia commodity exchange,Ethiopia,sidamo,360,6,Ethiopia Commodity Exchange,"June 17th, 2010",Other,Natural / Dry,7.67,8.0,7.83,8.0,7.92,7.83,7.83,85.08,0.0,0,Green,5,1800.0,Premium (Arabica)
Arabica,kona pacific farmers cooperative,United States (Hawaii),kona,27,0 lbs,Specialty Coffee Association,"May 17th, 2010",Hawaiian Kona,Natural / Dry,7.5,7.92,8.25,7.83,7.92,7.75,7.92,85.08,0.0,0,Blue-Green,0,157.93516800000003,Baja (Arabica)
Arabica,kyagalanyi coffee ltd,Uganda,eastern uganda,200,60 kg,Uganda Coffee Development Authority,"July 24th, 2017",SL14,Washed / Wet,8.17,7.92,7.75,7.75,7.67,7.75,8.0,85.0,0.11,0,Green,1,1800.0,Premium (Arabica)
Arabica,racafe & cia s.c.a,Colombia,huila,135,70 kg,Almacafé,"February 15th, 2017",Caturra,Washed / Wet,8.0,7.92,7.75,7.92,7.75,7.83,7.83,85.0,0.0,0,Green,3,1750.0,Alta (Arabica)
Arabica,troy quimby,Costa Rica,tarrazu,36,46 kg,Specialty Coffee Association,"January 30th, 2017",Catuai,Washed / Wet,7.83,8.0,7.58,7.92,7.92,7.83,7.92,85.0,0.12,1,Green,1,1900.0,Premium (Arabica)
Arabica,"el equimite, cafetal biodinámico",Mexico,veracruz,1,30 kg,Centro Agroecológico del Café A.C.,"September 21st, 2016",Typica,Washed / Wet,7.83,8.0,7.83,7.75,7.67,7.83,8.08,85.0,0.09,0,Green,3,1300.0,Media (Arabica)
Arabica,simon mahinda,Kenya,Other,170,60 kg,Kenya Coffee Traders Association,"May 7th, 2016",SL28,Washed / Wet,8.17,7.83,7.92,7.75,7.67,7.83,7.83,85.0,0.11,0,Green,7,1.0,Baja (Arabica)
Arabica,rashid moledina & co. (msa) ltd.,Kenya,central kenya,38,60 kg,Kenya Coffee Traders Association,"April 19th, 2013",SL34,Washed / Wet,7.75,7.83,7.75,8.08,8.0,7.75,7.83,85.0,0.0,0,Green,5,1580.0,Alta (Arabica)
Arabica,nucoffee,Brazil,grama valley,31,60 kg,NUCOFFEE,"February 29th, 2012",Mundo Novo,Natural / Dry,8.0,8.0,7.83,7.83,7.67,7.67,8.0,85.0,0.12,0,Green,3,1100.0,Media (Arabica)
Arabica,young kim,Mexico,mexico,1,1 kg,Specialty Coffee Association,"April 6th, 2011",Pacamara,Washed / Wet,7.92,8.17,7.75,8.08,7.42,7.83,7.83,85.0,0.0,0,Green,0,1400.0,Media (Arabica)
Arabica,kona pacific farmers cooperative,United States (Hawaii),kona,15,100 lbs,Specialty Coffee Association,"February 24th, 2011",Hawaiian Kona,Natural / Dry,7.75,7.92,7.75,7.75,8.0,8.0,7.83,85.0,0.0,0,Blue-Green,1,157.93516800000003,Baja (Arabica)
Arabica,carl walker,Guatemala,"chuva, san marcos",275,69 kg,Specialty Coffee Association,"September 7th, 2010",Bourbon,Washed / Wet,7.83,8.08,7.67,8.0,7.75,7.67,8.0,85.0,0.04,0,Green,1,404.12822400000005,Baja (Arabica)
Arabica,racafe & cia s.c.a,Colombia,huila,243,70 kg,Almacafé,"November 25th, 2016",Caturra,Washed / Wet,7.92,7.92,7.67,7.83,7.92,7.83,7.83,84.92,0.0,1,Green,2,1750.0,Alta (Arabica)
Arabica,racafe & cia s.c.a,Colombia,huila,252,70 kg,Almacafé,"October 26th, 2015",Caturra,Washed / Wet,7.92,7.83,7.75,7.83,7.75,8.0,7.83,84.92,0.12,0,Green,1,1775.0,Alta (Arabica)
Arabica,"lin, che-hao krude 林哲豪",Taiwan,natou county,20,40 kg,Specialty Coffee Association,"June 9th, 2015",Typica,Semi-Washed / Semi-Pulped,7.67,7.83,8.0,7.58,8.0,7.92,7.92,84.92,0.11,0,Green,0,800.0,Baja (Arabica)
Arabica,taylor winch (t) ltd,"Tanzania, United Republic Of",mbeya,134,60 kg,Africa Fine Coffee Association,"December 12th, 2014",Other,Washed / Wet,8.0,7.83,7.83,7.92,7.75,7.75,7.83,84.92,0.12,0,Green,2,1620.0,Alta (Arabica)
Arabica,racafe & cia s.c.a,Colombia,huila,50,70 kg,Almacafé,"December 11th, 2012",Caturra,Washed / Wet,7.75,7.92,7.83,7.75,7.75,8.0,7.92,84.92,0.11,0,Green,3,1775.0,Alta (Arabica)
Arabica,artemio zapata tejeda,Mexico,coatepec,25,1 kg,AMECAFE,"July 11th, 2012",Typica,Semi-Washed / Semi-Pulped,7.75,8.0,7.75,7.83,7.5,7.92,8.17,84.92,0.11,0,Green,0,1200.0,Media (Arabica)
Arabica,nucoffee,Brazil,south of minas,4,60 kg,NUCOFFEE,"December 23rd, 2011",Bourbon,Natural / Dry,8.0,7.92,7.75,7.75,8.0,7.75,7.75,84.92,0.11,0,Green,2,1200.0,Media (Arabica)
Arabica,nucoffee,Brazil,south of minas,10,60 kg,NUCOFFEE,"December 3rd, 2011",Catuai,Natural / Dry,8.0,8.0,7.75,8.0,7.5,7.75,7.92,84.92,0.12,0,Green,2,1000.0,Media (Arabica)
Arabica,brian speckman,Kenya,Other,320,60 kg,Specialty Coffee Association,"August 26th, 2010",SL28,Washed / Wet,8.0,7.67,7.83,8.17,7.92,7.75,7.58,84.92,0.06,1,Green,9,1754.0,Alta (Arabica)
Arabica,"lin, che-hao krude 林哲豪",Taiwan,"dongshan dist., tainan city 臺南市東山區",10,20 kg,Specialty Coffee Association,"May 18th, 2016",Typica,Natural / Dry,7.92,7.58,7.83,7.83,7.83,7.83,8.0,84.83,0.0,0,Green,0,350.0,Baja (Arabica)
Arabica,kawacom uganda ltd,Uganda,eastern,1,60 kg,Uganda Coffee Development Authority,"June 30th, 2014",SL14,Natural / Dry,7.75,7.92,7.67,7.67,8.25,7.75,7.83,84.83,0.12,0,Green,1,1650.0,Alta (Arabica)
Arabica,kona pacific farmers cooperative,United States (Hawaii),kona,14,100 lbs,Specialty Coffee Association,"April 6th, 2012",Hawaiian Kona,Natural / Dry,7.67,7.75,7.75,7.75,7.83,8.0,8.08,84.83,0.0,3,Blue-Green,15,157.93516800000003,Baja (Arabica)
Arabica,ethiopia commodity exchange,Ethiopia,sidamo,300,6,Ethiopia Commodity Exchange,"June 17th, 2010",Other,Natural / Dry,7.75,7.92,7.83,7.92,7.75,7.67,8.0,84.83,0.1,0,Green,2,1750.0,Alta (Arabica)
Arabica,philip schluter,Ethiopia,sidamo,300,6,Ethiopia Commodity Exchange,"June 17th, 2010",Other,Natural / Dry,7.42,7.92,7.92,8.0,7.83,7.83,7.92,84.83,0.1,0,Green,4,1750.0,Alta (Arabica)
Arabica,松澤宏樹 koju matsuzawa,Thailand,thailand,50,50 kg,Specialty Coffee Institute of Asia,"June 27th, 2016",Caturra,Pulped Natural / Honey,7.75,7.75,7.75,7.75,8.0,7.75,8.0,84.75,0.12,0,Green,0,800.0,Baja (Arabica)
Arabica,lydiah mwangi,Kenya,nyeri,150,60 kg,Kenya Coffee Traders Association,"June 2nd, 2015",SL34,Washed / Wet,7.92,7.83,7.58,7.92,7.75,7.83,7.92,84.75,0.13,0,Green,0,1800.0,Premium (Arabica)
Arabica,cadexsa,Honduras,marcala,275,1 kg,Instituto Hondureño del Café,"April 25th, 2014",Catuai,Washed / Wet,7.83,7.75,8.0,7.67,7.67,7.67,8.17,84.75,0.11,0,Green,4,1450.0,Media (Arabica)
Arabica,the coffee source inc.,El Salvador,santa ana,250,69 kg,Specialty Coffee Association,"August 23rd, 2011",Bourbon,Washed / Wet,7.75,8.0,8.0,8.33,7.67,7.92,7.75,84.75,0.15,0,Green,3,1200.0,Media (Arabica)
Arabica,grounds for health admin,Nicaragua,jinotega,2,6,Specialty Coffee Association,"May 31st, 2010",Caturra,Washed / Wet,7.83,7.58,7.58,7.83,7.75,7.67,8.5,84.75,0.18,0,Green,2,925.0,Baja (Arabica)
Arabica,consejo salvadoreño del café,El Salvador,apaneca,150,69 kg,Salvadoran Coffee Council,"June 26th, 2017",Bourbon,Washed / Wet,7.83,7.83,7.5,8.0,7.83,7.67,8.0,84.67,0.0,0,Blue-Green,2,1350.0,Media (Arabica)
Arabica,sanjava coffee,Indonesia,"temanggung, indonesia",2,1 kg,Specialty Coffee Association of Indonesia,"November 24th, 2016",Java,Washed / Wet,7.92,7.83,7.75,7.75,7.75,7.75,7.92,84.67,0.12,0,Green,7,1200.0,Media (Arabica)
Arabica,松澤宏樹 koju matsuzawa,Japan,ada okinawa japan,20,1 kg,Specialty Coffee Institute of Asia,"November 2nd, 2016",Mundo Novo,Pulped Natural / Honey,7.75,7.75,7.75,7.42,8.08,7.83,8.08,84.67,0.12,0,Green,0,170.0,Baja (Arabica)
Arabica,rodrigo soto,Costa Rica,tarrazu,15,69 kg,Specialty Coffee Association of Costa Rica,"October 4th, 2016",Catuai,Washed / Wet,8.08,7.75,7.67,7.83,7.5,7.92,7.92,84.67,0.1,0,Blue-Green,2,1150.0,Media (Arabica)
Arabica,juan luis alvarado romero,Guatemala,acatenango,120,34 kg,Asociacion Nacional Del Café,"June 1st, 2016",Bourbon,Washed / Wet,7.75,7.83,7.58,8.0,7.92,7.75,7.83,84.67,0.1,0,Green,1,1600.0,Alta (Arabica)
Arabica,fabian calderon mora,Costa Rica,tarrazu,50,1 lbs,Specialty Coffee Association of Costa Rica,"July 6th, 2015",Caturra,Washed / Wet,8.17,8.0,7.83,7.17,7.83,7.75,7.92,84.67,0.12,0,Green,0,1750.0,Alta (Arabica)
Arabica,essencecoffee,Ethiopia,yirgacheffe,250,30 kg,Blossom Valley International,"May 23rd, 2015",Ethiopian Yirgacheffe,Washed / Wet,8.08,7.83,7.75,7.83,7.58,7.67,7.92,84.67,0.1,0,Green,3,1900.0,Premium (Arabica)
Arabica,essencecoffee,Costa Rica,costa rica,20,69 kg,Blossom Valley International,"May 23rd, 2015",Other,Other,7.67,7.58,7.75,7.75,7.67,8.58,7.67,84.67,0.08,0,Green,1,1750.0,Alta (Arabica)
Arabica,eric thormaehlen,Costa Rica,west valley,275,1 kg,Specialty Coffee Association of Costa Rica,"March 5th, 2014",Catuai,Washed / Wet,8.0,7.58,7.83,7.75,7.75,7.75,8.0,84.67,0.11,0,Green,4,1200.0,Media (Arabica)
Arabica,rob tuttle,Costa Rica,Other,1,2 kg,Specialty Coffee Association,"January 3rd, 2014",Caturra,Washed / Wet,8.08,7.83,7.75,7.83,7.92,8.0,7.92,84.67,0.0,1,Green,10,1300.0,Media (Arabica)
Arabica,cqi taiwan icp cqi台灣合作夥伴,Taiwan,taichung xinshe 台中市新社區,10,30 kg,Blossom Valley International,"December 26th, 2013",Typica,Washed / Wet,8.0,7.92,7.75,7.75,7.75,7.75,7.75,84.67,0.11,0,Green,0,1000.0,Media (Arabica)
Arabica,compañia colombiana agroindustrial s.a,Colombia,santander,250,70 kg,Almacafé,"December 20th, 2013",Caturra,Washed / Wet,7.75,7.83,7.75,7.83,7.75,7.83,7.92,84.67,0.0,0,Green,0,1550.0,Alta (Arabica)
Arabica,dream together,Kenya,nyeri,235,60 kg,Specialty Coffee Institute of Asia,"September 16th, 2012",SL28,Washed / Wet,7.75,7.92,7.83,8.0,7.58,7.75,7.83,84.67,0.11,0,Blue-Green,0,2000.0,Premium (Arabica)
Arabica,juan luis alvarado romero,Guatemala,oriente,250,1 kg,Asociacion Nacional Del Café,"July 17th, 2012",Bourbon,Washed / Wet,8.0,7.83,7.67,7.83,7.67,8.0,7.67,84.67,0.11,0,Green,4,399.48307200000005,Baja (Arabica)
Arabica,juan luis alvarado romero,Guatemala,acatenango,125,1 kg,Asociacion Nacional Del Café,"July 3rd, 2012",Bourbon,Washed / Wet,7.67,7.83,7.67,8.0,7.67,7.83,8.0,84.67,0.12,0,Green,4,464.51520000000005,Baja (Arabica)
Arabica,organizaciones de productores de cafe colimense,Mexico,el remudadero,80,1 kg,AMECAFE,"July 2nd, 2012",Typica,Washed / Wet,7.83,7.58,7.67,7.92,7.92,7.83,7.92,84.67,0.13,0,Green,3,1200.0,Media (Arabica)
Arabica,afca,Uganda,mbale,320,60 kg,Africa Fine Coffee Association,"February 13th, 2012",Other,Washed / Wet,7.92,7.83,7.75,7.92,7.67,7.75,7.83,84.67,0.11,0,Blue-Green,3,1775.0,Alta (Arabica)
Arabica,benjamin schmerler,Peru,"penachi, cecanor",1,60 kg,Specialty Coffee Association,"June 14th, 2011",Caturra,Washed / Wet,7.67,7.83,7.75,7.75,7.92,7.83,7.92,84.67,0.0,0,Green,3,1300.0,Media (Arabica)
Arabica,ethiopia commodity exchange,Ethiopia,sidamo,300,6,Ethiopia Commodity Exchange,"June 17th, 2010",Other,Natural / Dry,7.42,7.75,7.75,8.0,8.0,7.92,7.83,84.67,0.2,0,Green,3,1750.0,Alta (Arabica)
Arabica,jungle estate,Kenya,nyeri,66,60 kg,Kenya Coffee Traders Association,"January 11th, 2018",SL34,Washed / Wet,7.92,7.75,7.83,7.75,7.58,7.92,7.83,84.58,0.11,0,Blue-Green,5,1754.0,Alta (Arabica)
Arabica,racafe & cia s.c.a,Colombia,santander,250,70 kg,Almacafé,"January 10th, 2017",Other,Washed / Wet,7.83,7.67,7.58,7.92,7.67,7.83,8.08,84.58,0.0,0,Blue-Green,4,1500.0,Alta (Arabica)
Arabica,racafe & cia s.c.a,Colombia,huila,125,70 kg,Almacafé,"December 28th, 2016",Caturra,Washed / Wet,7.92,7.83,7.58,8.0,7.83,7.67,7.75,84.58,0.0,0,Green,5,1750.0,Alta (Arabica)
Arabica,daniel magu,Kenya,nyeri,100,60 kg,Kenya Coffee Traders Association,"July 21st, 2014",Peaberry,Washed / Wet,7.83,7.83,7.83,7.75,7.58,7.83,7.92,84.58,0.1,0,Blue-Green,2,1800.0,Premium (Arabica)
Arabica,juan luis alvarado romero,Guatemala,jalapa,250,69 kg,Asociacion Nacional Del Café,"May 29th, 2014",Pacas,Washed / Wet,7.75,7.83,7.67,7.92,7.75,7.83,7.83,84.58,0.11,0,Green,1,464.51520000000005,Baja (Arabica)
Arabica,juan luis alvarado romero,Guatemala,oriente,250,69 kg,Asociacion Nacional Del Café,"March 24th, 2014",Bourbon,Washed / Wet,8.0,7.92,7.67,7.58,7.58,7.67,8.17,84.58,0.09,0,Green,0,371.61216,Baja (Arabica)
Arabica,compañia colombiana agroindustrial s.a,Colombia,santander,250,70 kg,Almacafé,"December 20th, 2013",Caturra,Washed / Wet,7.67,7.67,7.58,7.75,7.58,8.5,7.83,84.58,0.0,0,Green,0,1550.0,Alta (Arabica)
Arabica,racafe & cia s.c.a,Colombia,huila,75,70 kg,Almacafé,"December 6th, 2013",Caturra,Washed / Wet,7.75,7.75,7.83,7.75,7.58,8.0,7.92,84.58,0.0,0,Green,5,1750.0,Alta (Arabica)
Arabica,taylor winch (coffee) ltd.,Kenya,Other,11,660 kg,Kenya Coffee Traders Association,"August 30th, 2013",SL28,Washed / Wet,7.75,7.75,7.75,8.08,7.75,7.75,7.75,84.58,0.0,0,Green,0,1754.0,Alta (Arabica)
Arabica,exportadora de cafe condor s.a,Colombia,huila,250,70 kg,Almacafé,"July 17th, 2013",Caturra,Washed / Wet,7.67,7.83,7.83,8.0,7.58,7.92,7.75,84.58,0.0,0,Green,2,1750.0,Alta (Arabica)
Arabica,lusso lab,Costa Rica,tres rios,1,1 kg,Specialty Coffee Association,"March 12th, 2013",Bourbon,Semi-Washed / Semi-Pulped,7.75,7.83,7.75,8.0,7.83,7.67,7.75,84.58,0.12,0,Blue-Green,2,1575.0,Alta (Arabica)
Arabica,exportadora de cafe condor s.a,Colombia,huila,250,70 kg,Almacafé,"October 9th, 2012",Caturra,Washed / Wet,7.42,7.67,7.75,7.75,8.08,7.83,8.08,84.58,0.11,0,Green,6,1800.0,Premium (Arabica)
Arabica,nucoffee,Brazil,vale da grama,37,60 kg,NUCOFFEE,"December 23rd, 2011",Bourbon,Semi-Washed / Semi-Pulped,8.0,8.0,7.75,7.75,7.58,7.75,7.75,84.58,0.12,0,Green,2,1300.0,Media (Arabica)
Arabica,nucoffee,Brazil,mountains of minas gerais,35,60 kg,NUCOFFEE,"December 3rd, 2011",Catuai,Semi-Washed / Semi-Pulped,8.5,8.0,7.5,7.75,7.5,7.83,7.5,84.58,0.11,0,Blue-Green,1,1100.0,Media (Arabica)
Arabica,max gurdian,Costa Rica,valle central,275,18975 kg,Specialty Coffee Association of Costa Rica,"November 28th, 2017",Caturra,Washed / Wet,7.92,7.67,7.92,7.75,7.67,7.58,8.0,84.5,0.1,0,Blue-Green,2,1200.0,Media (Arabica)
Arabica,ecom japan limited,Uganda,eastern uganda,200,12000 kg,Uganda Coffee Development Authority,"March 14th, 2017",SL14,Washed / Wet,7.92,7.75,7.67,7.75,7.83,7.75,7.83,84.5,0.11,0,Green,1,1750.0,Alta (Arabica)
Arabica,yunnan coffee exchange,China,yunnan,3,60 kg,Yunnan Coffee Exchange,"April 6th, 2016",Catimor,Washed / Wet,7.75,7.92,7.67,7.83,7.75,7.67,7.92,84.5,0.1,0,Green,1,1680.0,Alta (Arabica)
Arabica,fabian calderon mora,Costa Rica,tarrazu,250,1 lbs,Specialty Coffee Association of Costa Rica,"July 6th, 2015",Caturra,Washed / Wet,7.92,7.83,7.83,7.83,7.58,7.58,7.92,84.5,0.11,0,Green,0,1700.0,Alta (Arabica)
Arabica,federacion nacional de cafeteros,Colombia,cauca,275,2 kg,Almacafé,"June 5th, 2015",Other,Washed / Wet,8.08,7.67,7.83,7.83,7.67,7.67,7.75,84.5,0.12,1,Green,0,1800.0,Premium (Arabica)
Arabica,eric wu,China,yunnan,1,2 kg,Specialty Coffee Association,"June 16th, 2014",Other,Washed / Wet,7.67,8.0,7.75,7.83,7.75,7.58,7.92,84.5,0.0,0,Green,2,1100.0,Media (Arabica)
Arabica,juan luis alvarado romero,Guatemala,oriente,250,69 kg,Asociacion Nacional Del Café,"February 26th, 2013",Bourbon,Washed / Wet,8.17,7.83,7.67,7.83,7.67,7.83,7.5,84.5,0.11,0,Green,2,399.48307200000005,Baja (Arabica)
Arabica,dream together,Kenya,nyeri,235,60 kg,Specialty Coffee Institute of Asia,"September 16th, 2012",SL28,Washed / Wet,7.92,7.83,7.67,8.0,7.67,7.75,7.67,84.5,0.11,0,Blue-Green,0,2000.0,Premium (Arabica)
Arabica,maria imelda uscanga martinez,Mexico,hustusco,56,1 kg,AMECAFE,"July 11th, 2012",Typica,Washed / Wet,8.0,7.92,7.42,8.08,7.5,7.67,7.92,84.5,0.12,0,Green,0,1350.0,Media (Arabica)
Arabica,alfredo bojalil,Mexico,jaltenango,250,1 kg,AMECAFE,"June 6th, 2012",Typica,Washed / Wet,7.92,7.83,7.75,7.75,7.75,7.83,7.67,84.5,0.11,0,Green,4,1500.0,Alta (Arabica)
Arabica,juan luis alvarado romero,Guatemala,"el tumbador, san marcos",250,69 kg,Asociacion Nacional Del Café,"February 16th, 2012",Bourbon,Washed / Wet,7.67,8.0,7.67,8.0,7.5,7.83,7.83,84.5,0.11,0,Green,2,448.25716800000004,Baja (Arabica)
Arabica,daniel friedlander,Brazil,mmm,27,60 kg,NUCOFFEE,"March 23rd, 2011",Bourbon,Natural / Dry,7.81,7.81,7.88,7.75,7.38,8.25,8.13,84.5,0.0,0,Green,4,1000.0,Media (Arabica)
Arabica,alexandra katona-carroll,Brazil,test,320,60 kg,NUCOFFEE,"March 22nd, 2011",Bourbon,Natural / Dry,8.17,7.67,7.75,7.75,7.67,7.75,7.75,84.5,0.0,2,Green,0,1000.0,Media (Arabica)
Arabica,max gurdian,Costa Rica,tarrazu,275,69 kg,Specialty Coffee Association of Costa Rica,"March 23rd, 2017",Caturra,Washed / Wet,7.58,7.83,7.83,8.0,7.67,7.58,7.92,84.42,0.1,0,Blue-Green,3,1300.0,Media (Arabica)
Arabica,aulia arif syahri,Indonesia,sumatra brastagi,200,30 kg,Specialty Coffee Association,"March 14th, 2017",Mandheling,Other,7.67,7.67,7.83,7.58,7.83,7.83,8.0,84.42,0.0,0,Blue-Green,3,1400.0,Media (Arabica)
Arabica,carcafe ltda ci,Colombia,pitalito,304,35 kg,Almacafé,"January 25th, 2016",Caturra,Natural / Dry,7.92,7.83,7.75,7.67,7.92,7.67,7.67,84.42,0.0,0,Green,1,1750.0,Alta (Arabica)
Arabica,racafe & cia s.c.a,Colombia,huila,275,70 kg,Almacafé,"July 9th, 2014",Caturra,Washed / Wet,7.92,7.75,7.67,7.92,7.67,7.75,7.75,84.42,0.0,0,Green,3,1775.0,Alta (Arabica)
Arabica,kao ming lee,Taiwan,"mountain ali, taiwan",2,2 kg,Specialty Coffee Association,"July 10th, 2013",Typica,Washed / Wet,7.83,7.83,7.75,8.0,7.5,7.75,7.75,84.42,0.11,0,Blue-Green,0,1200.0,Media (Arabica)
Arabica,kona pacific farmers cooperative,United States (Hawaii),kona,5,100 lbs,Specialty Coffee Association,"January 21st, 2013",Hawaiian Kona,Natural / Dry,7.92,7.92,7.5,7.83,7.5,7.92,7.83,84.42,0.11,0,Blue-Green,1,157.93516800000003,Baja (Arabica)
Arabica,maria amalia guadalupe toriello elorza,Mexico,tapachula,69,1 kg,AMECAFE,"June 6th, 2012",Pacamara,Washed / Wet,7.75,7.92,7.75,7.67,7.83,7.67,7.83,84.42,0.12,2,Green,4,900.0,Baja (Arabica)
Arabica,ethiopia commodity exchange,Ethiopia,limu,360,6 kg,Ethiopia Commodity Exchange,"June 17th, 2010",Other,Natural / Dry,7.5,7.75,7.83,7.92,7.92,7.75,7.75,84.42,0.2,0,Green,2,1800.0,Premium (Arabica)
Arabica,lydiah mwangi,Kenya,nyeri,150,60 kg,Kenya Coffee Traders Association,"August 3rd, 2017",SL28,Washed / Wet,7.33,7.58,7.83,7.75,7.75,7.92,8.17,84.33,0.11,0,Green,4,1800.0,Premium (Arabica)
Arabica,bismarck castro,Honduras,comayagua,275,66 kg,Instituto Hondureño del Café,"May 11th, 2017",Caturra,Washed / Wet,7.92,8.0,7.75,7.67,7.67,7.75,7.58,84.33,0.1,0,Green,3,1500.0,Alta (Arabica)
Arabica,raúl vargas,Colombia,huila,275,70 kg,Almacafé,"February 20th, 2017",Caturra,Washed / Wet,7.58,7.75,7.5,7.83,7.67,8.5,7.5,84.33,0.0,0,Green,5,1750.0,Alta (Arabica)
Arabica,bismarck castro,Honduras,central region,275,69 kg,Instituto Hondureño del Café,"April 4th, 2016",Catuai,Washed / Wet,7.58,7.92,7.58,7.75,7.92,7.75,7.83,84.33,0.11,0,Green,2,1500.0,Alta (Arabica)
Arabica,racafe & cia s.c.a,Colombia,la plata,275,70 kg,Almacafé,"February 16th, 2016",Caturra,Washed / Wet,7.67,7.67,7.75,7.83,7.75,7.83,7.83,84.33,0.0,0,Green,4,1750.0,Alta (Arabica)
Arabica,carcafe ltda ci,Colombia,huila,250,70 kg,Almacafé,"April 29th, 2015",Caturra,Natural / Dry,7.75,7.67,8.0,7.67,8.08,7.83,7.33,84.33,0.11,6,Green,0,442.0,Baja (Arabica)
Arabica,exportadora de cafe condor s.a,Colombia,huila,275,70 kg,Almacafé,"July 19th, 2013",Caturra,Washed / Wet,7.75,7.58,7.33,7.83,7.58,8.08,8.17,84.33,0.0,0,Green,0,1800.0,Premium (Arabica)
Arabica,victor hugo melchor cordova,Mexico,tuxtla gutierrez,100,80 kg,AMECAFE,"July 27th, 2012",Typica,Washed / Wet,8.0,7.75,7.75,7.83,7.5,7.67,7.83,84.33,0.12,0,Blue-Green,1,1700.0,Alta (Arabica)
Arabica,nucoffee,Brazil,vale da grama,75,60 kg,NUCOFFEE,"October 28th, 2011",Yellow Bourbon,Natural / Dry,8.17,8.0,7.5,7.75,7.5,7.67,7.75,84.33,0.0,0,Green,4,1275.0,Media (Arabica)
Arabica,nucoffee,Brazil,south of minas,80,60 kg,NUCOFFEE,"October 28th, 2011",Bourbon,Natural / Dry,8.0,8.0,7.5,7.5,7.67,7.75,7.92,84.33,0.02,0,Green,2,1050.0,Media (Arabica)
Arabica,benjamin schmerler,Ethiopia,limu,1,132 lbs,Specialty Coffee Association,"June 14th, 2011",Other,Natural / Dry,7.75,7.75,7.92,7.75,7.5,7.92,7.75,84.33,0.0,0,Green,1,455.224896,Baja (Arabica)
Arabica,the coffee source inc.,Guatemala,nuevo oriente,250,1,Specialty Coffee Association,"April 30th, 2010",Bourbon,Washed / Wet,7.5,7.67,7.75,7.67,7.92,7.92,7.92,84.33,0.04,1,Green,1,422.708832,Baja (Arabica)
Arabica,"lin, che-hao krude 林哲豪",Taiwan,國姓鄉 guoshing township,10,5 kg,Specialty Coffee Association,"August 10th, 2017",Typica,Washed / Wet,7.92,7.75,7.75,7.67,7.67,7.83,7.67,84.25,0.12,0,Blue-Green,0,1000.0,Media (Arabica)
Arabica,松澤宏樹 koju matsuzawa,Thailand,chiang rai thailand,20,25 kg,Specialty Coffee Institute of Asia,"November 2nd, 2016",Catimor,Natural / Dry,7.83,7.75,7.75,7.42,7.83,7.67,8.0,84.25,0.12,0,Green,0,1200.0,Media (Arabica)
Arabica,carcafe ltda ci,Colombia,nariño,275,70 kg,Almacafé,"August 5th, 2016",Caturra,Natural / Dry,7.83,7.58,7.75,7.58,7.67,8.0,7.83,84.25,0.11,0,Green,2,2560.0,Premium (Arabica)
Arabica,juan luis alvarado romero,Guatemala,antigua,230,69 kg,Asociacion Nacional Del Café,"May 23rd, 2016",Caturra,Washed / Wet,7.75,7.75,7.58,7.92,7.75,7.75,7.75,84.25,0.11,0,Green,4,1500.0,Alta (Arabica)
Arabica,juan luis alvarado romero,Guatemala,huehuetenango,275,69 kg,Asociacion Nacional Del Café,"April 6th, 2016",Caturra,Washed / Wet,7.75,7.92,7.5,8.08,7.58,7.67,7.75,84.25,0.1,0,Green,1,335.10126528000006,Baja (Arabica)
Arabica,yunnan coffee exchange,China,yunnan,3,60 kg,Yunnan Coffee Exchange,"April 6th, 2016",Catimor,Natural / Dry,7.83,7.83,7.58,7.75,7.75,7.75,7.75,84.25,0.1,0,Green,1,1400.0,Media (Arabica)
Arabica,racafe & cia s.c.a,Colombia,huila,275,70 kg,Almacafé,"November 19th, 2015",Caturra,Washed / Wet,7.67,7.67,7.75,7.75,7.67,7.92,7.83,84.25,0.11,0,Green,3,1775.0,Alta (Arabica)
Arabica,racafe & cia s.c.a,Colombia,huila,248,70 kg,Almacafé,"October 26th, 2015",Caturra,Washed / Wet,7.83,7.67,7.75,7.58,7.92,7.75,7.75,84.25,0.12,4,Green,2,1775.0,Alta (Arabica)
Arabica,federacion nacional de cafeteros,Colombia,cauca,275,2 kg,Almacafé,"June 5th, 2015",Other,Washed / Wet,7.83,7.75,7.83,7.58,7.67,7.75,7.83,84.25,0.12,0,Green,0,1800.0,Premium (Arabica)
Arabica,carcafe ltda ci,Colombia,huila,250,70 kg,Almacafé,"April 29th, 2015",Caturra,Natural / Dry,7.42,7.67,7.83,7.75,7.92,7.83,7.83,84.25,0.12,3,Green,0,442.0,Baja (Arabica)
Arabica,tembo coffee company ltd,"Tanzania, United Republic Of",shizingo village,10,60 kg,Africa Fine Coffee Association,"December 12th, 2014",Other,Washed / Wet,7.83,7.67,7.75,7.83,7.67,7.67,7.83,84.25,0.12,0,Green,7,1620.0,Alta (Arabica)
Arabica,taylor winch (t) ltd,"Tanzania, United Republic Of",mbeya,65,60 kg,Africa Fine Coffee Association,"December 12th, 2014",Other,Washed / Wet,7.83,7.75,7.75,7.75,7.67,7.75,7.75,84.25,0.12,0,Green,2,1600.0,Alta (Arabica)
Arabica,juan luis alvarado romero,Guatemala,oriente,250,69 kg,Asociacion Nacional Del Café,"August 21st, 2014",Bourbon,Other,7.83,7.83,7.5,7.92,7.58,7.75,7.83,84.25,0.1,0,Green,1,371.61216,Baja (Arabica)
Arabica,exportadora de cafe condor s.a,Colombia,cauca,250,70 kg,Almacafé,"October 1st, 2013",Caturra,Washed / Wet,7.58,7.5,7.75,7.83,7.92,7.83,7.83,84.25,0.11,0,Green,2,1700.0,Alta (Arabica)
Arabica,kona pacific farmers cooperative,United States (Hawaii),kona,7,100 lbs,Specialty Coffee Association,"December 11th, 2012",Hawaiian Kona,Natural / Dry,7.33,7.92,7.92,7.92,7.92,8.08,7.83,84.25,0.11,1,Blue-Green,1,157.93516800000003,Baja (Arabica)
Arabica,jesus salazar velasco,Mexico,san pedro cotzilnam,10,1 kg,AMECAFE,"September 11th, 2012",Typica,Semi-Washed / Semi-Pulped,7.83,7.92,7.67,7.83,7.5,7.75,7.75,84.25,0.12,0,Green,1,1450.0,Media (Arabica)
Arabica,manuel herrera juarez,Mexico,veracruz,20,1 kg,AMECAFE,"April 9th, 2012",Bourbon,Washed / Wet,7.83,7.83,7.75,7.67,7.83,7.58,7.75,84.25,0.12,0,Green,0,1170.0,Media (Arabica)
Arabica,alfredo bojalil,Mexico,"la concordia, chiapas",250,1 kg,AMECAFE,"April 2nd, 2012",Bourbon,Washed / Wet,7.83,7.92,7.67,7.75,7.5,7.75,7.83,84.25,0.1,0,Blue-Green,4,1400.0,Media (Arabica)
Arabica,afca,Uganda,kasese,1,60 kg,Africa Fine Coffee Association,"February 13th, 2012",Other,Natural / Dry,8.17,7.75,7.58,7.67,7.83,7.58,7.67,84.25,0.13,4,Green,29,1700.0,Alta (Arabica)
Arabica,juan luis alvarado romero,Guatemala,san marcos,50,69 kg,Asociacion Nacional Del Café,"June 1st, 2017",Bourbon,Washed / Wet,7.75,7.83,7.58,7.83,7.67,7.75,7.75,84.17,0.13,0,Green,1,1700.0,Alta (Arabica)
Arabica,racafe & cia s.c.a,Colombia,huila,250,70 kg,Almacafé,"August 19th, 2016",Caturra,Washed / Wet,7.83,7.75,7.58,7.67,7.75,7.83,7.75,84.17,0.0,0,Green,2,1750.0,Alta (Arabica)
Arabica,wayner jimenez,Costa Rica,tarrazu,150,69 kg,Specialty Coffee Association of Costa Rica,"August 19th, 2016",Caturra,Washed / Wet,7.92,7.75,7.67,7.67,7.5,7.67,8.0,84.17,0.09,0,Blue-Green,2,1700.0,Alta (Arabica)
Arabica,juan luis alvarado romero,Guatemala,huehuetenango,275,69 kg,Asociacion Nacional Del Café,"June 23rd, 2016",Caturra,Washed / Wet,7.75,7.75,7.58,8.0,7.67,7.83,7.58,84.17,0.11,0,Green,6,340.39673856,Baja (Arabica)
Arabica,juan luis alvarado romero,Guatemala,solola,377,69 kg,Asociacion Nacional Del Café,"June 1st, 2016",Caturra,Washed / Wet,7.75,7.92,7.58,7.92,7.67,7.67,7.67,84.17,0.1,0,Green,10,1565.0,Alta (Arabica)
Arabica,juan luis alvarado romero,Guatemala,norte,130,69 kg,Asociacion Nacional Del Café,"June 1st, 2016",Bourbon,Washed / Wet,7.58,7.83,7.58,7.83,7.83,7.67,7.83,84.17,0.1,0,Green,2,3280.0,Premium (Arabica)
Arabica,racafe & cia s.c.a,Colombia,huila,275,70 kg,Almacafé,"August 18th, 2015",Caturra,Washed / Wet,8.0,7.5,7.5,7.67,8.0,7.83,7.67,84.17,0.0,0,Blue-Green,0,1775.0,Alta (Arabica)
Arabica,cooperativa el gorrion r.l,Nicaragua,jinotega,275,2 kg,Specialty Coffee Association of Costa Rica,"August 3rd, 2015",Caturra,Natural / Dry,7.67,7.83,7.83,7.5,7.67,7.83,7.83,84.17,0.12,0,Blue-Green,0,1000.0,Media (Arabica)
Arabica,cafebras,Brazil,cerrado,305,59 kg,Brazil Specialty Coffee Association,"April 24th, 2015",Catuai,Natural / Dry,7.67,7.75,7.75,7.67,7.83,7.75,7.75,84.17,0.0,0,Green,16,1150.0,Media (Arabica)
Arabica,"ceca, s.a.",Costa Rica,tarrazu,320,69 kg,Specialty Coffee Ass,"April 10th, 2015",Caturra,Washed / Wet,7.67,7.75,7.67,7.75,7.5,8.0,7.83,84.17,0.0,0,Blue-Green,0,1850.0,Premium (Arabica)
Arabica,asefa dukamo keroma,Ethiopia,snnprg; kafa; telo woreda; shada kebele,320,60 kg,METAD Agricultural Development plc,"March 26th, 2015",Gesha,Natural / Dry,7.5,7.92,7.58,7.83,7.75,7.83,7.75,84.17,0.1,0,Green,5,1606.5,Alta (Arabica)
Arabica,selian coffee estate,"Tanzania, United Republic Of",arusha,10,60 kg,Africa Fine Coffee Association,"December 12th, 2014",Other,Washed / Wet,7.92,7.75,7.75,7.75,7.75,7.58,7.67,84.17,0.13,0,Green,0,1400.0,Media (Arabica)
Arabica,olam agro colombia,Colombia,huila,250,1 kg,Almacafé,"October 15th, 2014",Other,Washed / Wet,7.67,7.5,7.67,7.42,7.83,8.58,7.5,84.17,0.12,0,Green,4,1530.0,Alta (Arabica)
Arabica,chris finch,Guatemala,Other,275,5 lbs,Specialty Coffee Association,"July 16th, 2014",Bourbon,Washed / Wet,7.67,7.75,7.67,7.75,7.75,7.75,7.83,84.17,0.11,0,Blue-Green,0,448.25716800000004,Baja (Arabica)
Arabica,itochu corporation,Kenya,kenya,300,18000 kg,Kenya Coffee Traders Association,"November 7th, 2013",SL28,Washed / Wet,7.58,7.75,7.75,7.75,7.75,7.83,7.75,84.17,0.08,0,Green,0,250.5,Baja (Arabica)
Arabica,owen carver,Brazil,"minas gerais, br",1,2 kg,Specialty Coffee Association,"May 20th, 2013",Mundo Novo,Natural / Dry,7.58,7.83,7.75,7.67,7.67,8.0,7.67,84.17,0.11,0,Green,3,1038.5,Media (Arabica)
Arabica,juan luis alvarado romero,Guatemala,oriente,250,69 kg,Asociacion Nacional Del Café,"May 9th, 2013",Bourbon,Washed / Wet,7.92,7.75,7.67,7.67,7.83,7.92,7.42,84.17,0.11,0,Green,4,399.48307200000005,Baja (Arabica)
Arabica,atlantic specialty coffee,El Salvador,apaneca,275,2 kg,Specialty Coffee Association,"March 18th, 2013",Bourbon,Natural / Dry,8.42,8.08,7.5,7.17,7.58,8.17,7.92,84.17,0.11,0,Blue-Green,2,1500.0,Alta (Arabica)
Arabica,exportadora de cafe condor s.a,Colombia,huila,250,70 kg,Almacafé,"October 19th, 2012",Caturra,Washed / Wet,7.75,7.75,7.75,7.75,7.83,7.75,7.58,84.17,0.0,0,Green,2,1750.0,Alta (Arabica)
Arabica,juan luis alvarado romero,Guatemala,guatemala,275,1 kg,Asociacion Nacional Del Café,"March 26th, 2012",Catuai,Natural / Dry,7.83,7.5,7.5,8.0,7.83,7.83,7.67,84.17,0.11,0,Blue-Green,2,448.25716800000004,Baja (Arabica)
Arabica,afca,Uganda,mt. rwenzori,320,60 kg,Africa Fine Coffee Association,"February 13th, 2012",Other,Washed / Wet,7.83,7.75,7.5,7.83,7.83,7.75,7.67,84.17,0.11,0,Green,1,1600.0,Alta (Arabica)
Arabica,pt.royal pacific indah international,Indonesia,aceh tengah,2,2 kg,Specialty Coffee Association of Indonesia,"May 24th, 2017",Mandheling,Natural / Dry,7.81,7.88,7.56,7.75,7.63,7.75,7.75,84.13,0.12,0,Blue-Green,0,1350.0,Media (Arabica)
Arabica,carcafe ltda ci,Colombia,huila,275,70 kg,Almacafé,"November 9th, 2017",Caturra,Washed / Wet,7.83,7.5,7.42,7.5,7.83,8.5,7.5,84.08,0.0,1,Green,3,442.0,Baja (Arabica)
Arabica,"lin, che-hao krude 林哲豪",Taiwan,"nanxi dist., tainan city 臺南市楠西區",10,20 kg,Specialty Coffee Association,"May 18th, 2016",Typica,Washed / Wet,7.58,7.67,7.67,7.67,7.75,7.83,7.92,84.08,0.1,0,Blue-Green,4,968.0,Baja (Arabica)
Arabica,juan luis alvarado romero,Guatemala,oriente,50,69 kg,Asociacion Nacional Del Café,"April 27th, 2016",Bourbon,Washed / Wet,8.0,7.75,7.5,7.58,7.92,7.67,7.67,84.08,0.1,0,Green,4,448.25716800000004,Baja (Arabica)
Arabica,racafe & cia s.c.a,Colombia,huila,200,70 kg,Almacafé,"November 5th, 2014",Caturra,Washed / Wet,7.92,7.75,7.67,7.75,7.67,7.67,7.67,84.08,0.0,0,Green,2,1775.0,Alta (Arabica)
Arabica,lusso lab,Guatemala,"aldea xeucalvitz, ixil region, quiche department",1,2 kg,Specialty Coffee Association,"June 16th, 2014",Bourbon,Washed / Wet,7.58,7.75,7.67,8.0,7.75,7.67,7.67,84.08,0.1,0,Blue-Green,10,1550.0,Alta (Arabica)
Arabica,kona pacific farmers cooperative,United States (Hawaii),kona,14,100 lbs,Specialty Coffee Association,"January 24th, 2013",Hawaiian Kona,Natural / Dry,7.83,7.75,7.83,7.83,7.42,8.08,8.0,84.08,0.11,1,Green,9,157.93516800000003,Baja (Arabica)
Arabica,andres martinez leon,Mexico,santo domingo cacalotepec,300,1 kg,AMECAFE,"September 4th, 2012",Typica,Washed / Wet,7.67,7.75,7.67,7.75,7.67,7.75,7.83,84.08,0.11,1,Green,10,1480.0,Media (Arabica)
Arabica,steven kil,Ethiopia,"ethiopia, sidamo",100,60 kg,Specialty Coffee Association,"August 17th, 2012",Other,Natural / Dry,7.92,7.92,7.83,8.0,7.92,7.92,7.92,84.08,0.09,0,Green,15,1800.0,Premium (Arabica)
Arabica,amanda powers,Costa Rica,Other,275,150 lbs,Specialty Coffee Association,"January 11th, 2018",Caturra,Washed / Wet,7.58,7.75,7.67,7.75,7.83,7.75,7.67,84.0,0.08,1,Green,13,1300.0,Media (Arabica)
Arabica,kyagalanyi coffee ltd,Ethiopia,sidamo,320,60 kg,Uganda Coffee Development Authority,"June 5th, 2017",Gesha,Natural / Dry,7.83,7.75,7.67,7.75,7.33,7.75,7.92,84.0,0.11,3,Green,1,1800.0,Premium (Arabica)
Arabica,bismarck castro,Honduras,comayagua,275,66 kg,Instituto Hondureño del Café,"May 11th, 2017",Caturra,Washed / Wet,7.42,7.83,7.75,7.92,7.75,7.58,7.75,84.0,0.1,0,Green,5,1500.0,Alta (Arabica)
Arabica,juan luis alvarado romero,Guatemala,huehuetenango,275,69 kg,Asociacion Nacional Del Café,"June 10th, 2015",Caturra,Washed / Wet,7.67,7.83,7.58,7.92,7.75,7.67,7.58,84.0,0.12,0,Green,7,520.2570240000001,Baja (Arabica)
Arabica,olam agro colombia,Colombia,huila,250,1 kg,Almacafé,"December 18th, 2014",Other,Washed / Wet,7.67,7.67,7.83,7.58,7.58,7.83,7.83,84.0,0.11,2,Green,7,1600.0,Alta (Arabica)
Arabica,juan luis alvarado romero,Guatemala,oriente,250,69 kg,Asociacion Nacional Del Café,"August 8th, 2014",Bourbon,Natural / Dry,7.92,7.67,7.42,7.92,7.75,7.83,7.5,84.0,0.1,0,Green,1,371.61216,Baja (Arabica)
Arabica,juan luis alvarado romero,Guatemala,oriente,250,69 kg,Asociacion Nacional Del Café,"June 27th, 2014",Bourbon,Other,7.75,7.83,7.5,7.83,7.58,7.67,7.83,84.0,0.1,0,Green,0,371.61216,Baja (Arabica)
Arabica,olam agro colombia,Colombia,huila,250,1 kg,Almacafé,"May 27th, 2014",Caturra,Washed / Wet,7.67,7.75,7.67,7.67,7.67,7.75,7.83,84.0,0.12,0,Green,0,1480.0,Media (Arabica)
Arabica,compañia colombiana agroindustrial s.a,Colombia,santander,250,70 kg,Almacafé,"May 27th, 2014",Caturra,Natural / Dry,7.58,7.42,7.75,7.92,7.75,7.92,7.67,84.0,0.12,0,Green,0,1450.0,Media (Arabica)
Arabica,racafe & cia s.c.a,Colombia,huila,138,70 kg,Almacafé,"April 8th, 2014",Caturra,Washed / Wet,7.67,7.67,7.5,7.5,7.67,7.67,8.33,84.0,0.12,0,Green,3,1775.0,Alta (Arabica)
Arabica,lusso lab,Ethiopia,sidamo,50,60 kg,Specialty Coffee Association,"January 17th, 2014",Other,Natural / Dry,7.75,7.75,7.5,7.58,7.67,7.92,7.83,84.0,0.09,4,Green,40,1550.0,Alta (Arabica)
Arabica,ipanema coffees,Brazil,south of minas,320,60 kg,Specialty Coffee Association,"January 2nd, 2014",Yellow Bourbon,Natural / Dry,7.58,7.83,7.67,7.25,8.0,7.75,7.92,84.0,0.1,0,Green,0,1260.0,Media (Arabica)
Arabica,exportadora de cafe condor s.a,Colombia,cauca,270,70 kg,Almacafé,"June 21st, 2013",Caturra,Washed / Wet,7.67,7.83,7.67,7.75,7.67,7.75,7.67,84.0,0.11,0,Green,1,1700.0,Alta (Arabica)
Arabica,ibero kenya limited,Kenya,blend,300,60 kg,Kenya Coffee Traders Association,"March 8th, 2013",SL34,Washed / Wet,7.67,7.83,7.5,7.75,7.92,7.67,7.67,84.0,0.0,0,Green,2,1200.0,Media (Arabica)
Arabica,doi tung development project,Thailand,thailand,2,1 kg,Specialty Coffee Association,"June 21st, 2012",Other,Washed / Wet,7.92,8.17,8.17,8.42,8.08,8.17,8.42,84.0,0.12,0,Green,0,800.0,Baja (Arabica)
Arabica,taylor winch (coffee) ltd.,Kenya,central kenya,150,9000 kg,Kenya Coffee Traders Association,"May 31st, 2012",SL28,Washed / Wet,7.67,7.75,7.67,7.75,7.83,7.67,7.67,84.0,0.0,0,Blue-Green,0,1650.0,Alta (Arabica)
Arabica,afca,Uganda,kasese,320,60 kg,Africa Fine Coffee Association,"February 13th, 2012",Other,Washed / Wet,7.92,7.75,7.58,7.67,7.67,7.83,7.58,84.0,0.1,10,Green,26,1700.0,Alta (Arabica)
Arabica,doi tung development project,Thailand,Other,1,60 kg,Specialty Coffee Association,"August 16th, 2011",Caturra,Washed / Wet,7.58,7.75,7.58,7.75,7.58,7.75,8.0,84.0,0.06,0,Blue-Green,0,800.0,Baja (Arabica)
Arabica,ipanema coffees,Brazil,south of minas,320,60 kg,Brazil Specialty Coffee Association,"October 20th, 2017",Bourbon,Natural / Dry,7.5,7.75,7.58,7.5,7.58,7.5,8.5,83.92,0.0,0,Green,3,890.0,Baja (Arabica)
Arabica,cafes tomari sa de cv,Mexico,veracruz,200,69 kg,Centro Agroecológico del Café A.C.,"July 3rd, 2017",Mundo Novo,Washed / Wet,7.83,7.83,7.58,7.92,7.42,7.5,7.83,83.92,0.11,0,Green,5,1300.0,Media (Arabica)
Arabica,sarawut premjit,Thailand,chiangrai,45,40 kg,Specialty Coffee Association,"October 18th, 2016",Catimor,Natural / Dry,7.67,7.75,7.5,7.67,7.67,7.83,7.83,83.92,0.1,0,Blue-Green,1,1350.0,Media (Arabica)
Arabica,ipanema coffees,Brazil,south of minas,320,60 kg,Brazil Specialty Coffee Association,"August 16th, 2016",Bourbon,Natural / Dry,7.58,7.67,7.67,7.75,7.58,7.83,7.83,83.92,0.11,0,Green,7,934.0,Baja (Arabica)
Arabica,"lin, che-hao krude 林哲豪",Taiwan,"leye, alishan township, chiayi county 嘉義阿里山樂野村",20,50 kg,Specialty Coffee Association,"May 18th, 2016",Typica,Washed / Wet,7.83,7.75,7.83,7.75,7.83,7.75,7.83,83.92,0.11,0,Green,3,1200.0,Media (Arabica)
Arabica,carcafe ltda ci,Colombia,huila,250,70 kg,Almacafé,"February 11th, 2016",Caturra,Washed / Wet,7.75,7.67,7.5,7.75,7.83,7.75,7.67,83.92,0.11,1,Green,2,442.0,Baja (Arabica)
Arabica,almacafe,Colombia,la plata,226,70 kg,Almacafé,"January 21st, 2016",Caturra,Washed / Wet,7.75,7.58,7.5,7.83,7.75,7.92,7.58,83.92,0.0,1,Green,5,1750.0,Alta (Arabica)
Arabica,cqi taiwan icp cqi台灣合作夥伴,Taiwan,台灣,1,2 kg,Blossom Valley International,"November 7th, 2015",Typica,Natural / Dry,7.75,7.75,7.58,7.75,7.75,7.67,7.67,83.92,0.0,0,Blue-Green,0,750.0,Baja (Arabica)
Arabica,federacion nacional de cafeteros,Colombia,huila,275,2 kg,Almacafé,"August 18th, 2015",Caturra,Washed / Wet,7.92,7.67,7.5,7.83,7.58,7.67,7.75,83.92,0.0,0,Green,0,1750.0,Alta (Arabica)
Arabica,federacion nacional de cafeteros,Colombia,huila,275,2 kg,Almacafé,"March 12th, 2015",Caturra,Washed / Wet,7.83,7.75,7.58,7.58,7.75,7.75,7.67,83.92,0.0,1,Green,1,1750.0,Alta (Arabica)
Arabica,racafe & cia s.c.a,Colombia,huila,275,70 kg,Almacafé,"December 12th, 2014",Caturra,Washed / Wet,7.75,7.58,7.67,7.83,7.83,7.67,7.58,83.92,0.0,0,Green,1,1775.0,Alta (Arabica)
Arabica,cqi taiwan icp cqi台灣合作夥伴,Taiwan,台中和平區,10,60 kg,Blossom Valley International,"November 23rd, 2014",Typica,Washed / Wet,8.0,7.92,7.92,7.92,7.67,7.33,7.17,83.92,0.06,0,Green,0,950.0,Baja (Arabica)
Arabica,compañia colombiana agroindustrial s.a,Colombia,santander,250,70 kg,Almacafé,"January 17th, 2014",Caturra,Natural / Dry,7.67,7.83,7.67,7.75,7.67,7.83,7.5,83.92,0.12,0,Green,3,1550.0,Alta (Arabica)
Arabica,oscar ortega carballo,Mexico,xicotepec de juarez,48,1 kg,AMECAFE,"July 3rd, 2012",Typica,Washed / Wet,7.67,7.75,7.58,7.67,7.75,7.83,7.67,83.92,0.12,10,Blue-Green,32,900.0,Baja (Arabica)
Arabica,alfredo bojalil,Mexico,la concordia,250,1 kg,AMECAFE,"June 6th, 2012",Typica,Washed / Wet,7.5,7.67,7.58,7.83,7.75,7.75,7.83,83.92,0.11,0,Green,2,1500.0,Alta (Arabica)
Arabica,organizaciones de productores de cafe colimense,Mexico,la yerbabuena,20,1 kg,AMECAFE,"April 2nd, 2012",Typica,Washed / Wet,7.75,7.92,7.83,7.92,7.75,7.67,7.75,83.92,0.0,0,Green,2,1400.0,Media (Arabica)
Arabica,carcafe ltda ci,Colombia,nariño,275,70 kg,Almacafé,"June 30th, 2017",Caturra,Washed / Wet,7.92,7.58,7.5,7.83,7.58,7.67,7.75,83.83,0.0,1,Green,6,2527.0,Premium (Arabica)
Arabica,racafe & cia s.c.a,Colombia,huila,275,70 kg,Almacafé,"March 14th, 2017",Caturra,Washed / Wet,7.83,7.67,7.5,7.75,7.75,7.75,7.58,83.83,0.0,1,Green,0,1750.0,Alta (Arabica)
Arabica,"ceca, s.a.",Costa Rica,tarrazu,275,69 kg,Specialty Coffee Association of Costa Rica,"June 6th, 2016",Caturra,Washed / Wet,7.67,7.67,7.75,7.67,7.5,7.75,7.83,83.83,0.0,0,Blue-Green,0,1850.0,Premium (Arabica)
Arabica,juan luis alvarado romero,Guatemala,antigua,100,69 kg,Asociacion Nacional Del Café,"May 23rd, 2016",Bourbon,Washed / Wet,7.75,7.75,7.5,7.75,7.83,7.58,7.67,83.83,0.11,0,Green,6,1500.0,Alta (Arabica)
Arabica,cqi taiwan icp cqi台灣合作夥伴,Taiwan,台灣,167,30 kg,Blossom Valley International,"February 23rd, 2016",Typica,Washed / Wet,7.75,7.67,7.5,7.75,7.75,7.67,7.75,83.83,0.0,0,Green,0,1200.0,Media (Arabica)
Arabica,ipanema coffees,Brazil,south of minas,320,2 kg,Brazil Specialty Coffee Association,"October 8th, 2015",Yellow Bourbon,Natural / Dry,7.25,7.58,7.42,8.0,7.75,7.83,8.0,83.83,0.0,0,Green,0,1.0,Baja (Arabica)
Arabica,"lin, che-hao krude 林哲豪",Taiwan,"dongshan dist., tainan city 臺南市東山區",8,18 kg,Specialty Coffee Association,"April 30th, 2015",Typica,Washed / Wet,7.67,7.75,7.67,7.75,7.42,7.75,7.83,83.83,0.0,0,Green,1,525.0,Baja (Arabica)
Arabica,yasmin cofffee plantation plc,Ethiopia,oromia,320,60 kg,METAD Agricultural Development plc,"March 31st, 2015",Other,Natural / Dry,7.75,7.75,7.67,7.67,7.58,7.67,7.75,83.83,0.12,0,Green,4,1676.5,Alta (Arabica)
Arabica,ipanema coffees,Brazil,south of minas,300,2 kg,Specialty Coffee Association,"October 16th, 2014",Bourbon,Semi-Washed / Semi-Pulped,7.67,7.67,7.58,7.5,7.83,8.17,8.08,83.83,0.0,0,Green,1,1200.0,Media (Arabica)
Arabica,eric thormaehlen,Costa Rica,central valley,250,1 kg,Specialty Coffee Association of Costa Rica,"June 9th, 2014",Catuai,Washed / Wet,7.83,7.42,7.5,7.83,7.75,7.83,7.67,83.83,0.1,0,Green,3,1300.0,Media (Arabica)
Arabica,juan luis alvarado romero,Guatemala,oriente,250,69 kg,Asociacion Nacional Del Café,"May 22nd, 2014",Bourbon,Washed / Wet,7.58,7.83,7.33,8.0,7.58,7.75,7.75,83.83,0.1,0,Green,1,371.61216,Baja (Arabica)
Arabica,ipanema coffees,Brazil,south of minas,320,60 kg,Specialty Coffee Association,"December 26th, 2013",Yellow Bourbon,Natural / Dry,7.92,7.5,7.33,7.67,8.17,7.5,7.75,83.83,0.1,0,Green,0,1260.0,Media (Arabica)
Arabica,garet alban,Ecuador,"province of manabi, ecuador",1,5 lbs,Specialty Coffee Association,"October 4th, 2013",Other,Natural / Dry,7.5,7.67,7.58,7.75,7.83,7.83,7.67,83.83,0.09,0,Blue-Green,0,800.0,Baja (Arabica)
Arabica,exportadora de cafe condor s.a,Colombia,huila,250,70 kg,Almacafé,"September 3rd, 2013",Caturra,Washed / Wet,7.67,7.58,7.58,7.83,7.58,7.67,7.92,83.83,0.11,0,Green,1,1750.0,Alta (Arabica)
Arabica,juan luis alvarado romero,Guatemala,oriente,250,69 kg,Asociacion Nacional Del Café,"April 26th, 2013",Bourbon,Washed / Wet,7.5,7.83,7.5,7.83,7.83,7.67,7.67,83.83,0.11,0,Green,3,399.48307200000005,Baja (Arabica)
Arabica,filemon mendoza campos,Mexico,petatlan,20,1 kg,AMECAFE,"July 26th, 2012",Bourbon,Natural / Dry,7.67,8.0,7.67,7.42,7.67,7.5,7.92,83.83,0.1,0,Green,2,1218.0,Media (Arabica)
Arabica,alfredo bojalil,Mexico,"la concordia, chiapas",250,1 kg,AMECAFE,"June 6th, 2012",Pacas,Natural / Dry,7.67,7.58,7.5,7.75,7.75,7.75,7.83,83.83,0.11,0,Green,4,1300.0,Media (Arabica)
Arabica,jacques pereira carneiro,Brazil,carmo de minas,300,1 kg,NUCOFFEE,"December 21st, 2011",Yellow Bourbon,Semi-Washed / Semi-Pulped,7.83,7.83,7.58,7.67,7.5,7.58,7.83,83.83,0.12,0,Green,3,1250.0,Media (Arabica)
Arabica,doi chaang coffee company,Thailand,"doi chaang village, chiang rai, thialand",175,50 kg,Specialty Coffee Association,"September 20th, 2011",Caturra,Washed / Wet,7.75,7.75,7.58,8.0,7.67,7.58,7.5,83.83,0.02,0,Blue-Green,2,457.17585984000004,Baja (Arabica)
Arabica,doi tung development project,Thailand,Other,1,60 kg,Specialty Coffee Association,"August 16th, 2011",Caturra,Washed / Wet,7.5,7.83,7.58,7.58,7.75,7.83,7.75,83.83,0.01,0,Blue-Green,0,800.0,Baja (Arabica)
Arabica,ethiopia commodity exchange,Ethiopia,sidamo,300,6,Ethiopia Commodity Exchange,"June 17th, 2010",Other,Natural / Dry,7.58,7.83,7.58,8.0,7.83,7.5,7.5,83.83,0.1,0,Green,3,1800.0,Premium (Arabica)
Arabica,kennedy macharia,Kenya,nyeri,200,60 kg,Kenya Coffee Traders Association,"January 11th, 2018",SL28,Washed / Wet,7.75,7.58,7.5,7.58,7.75,7.75,7.83,83.75,0.11,0,Green,2,1800.0,Premium (Arabica)
Arabica,ipanema coffees,Brazil,south of minas,320,60 kg,Brazil Specialty Coffee Association,"October 20th, 2017",Bourbon,Natural / Dry,7.67,7.67,7.58,7.75,7.67,7.67,7.75,83.75,0.11,0,Green,5,890.0,Baja (Arabica)
Arabica,carcafe ltda ci,Colombia,huila,275,70 kg,Almacafé,"September 28th, 2017",Caturra,Washed / Wet,7.83,7.83,7.58,7.58,7.58,7.58,7.75,83.75,0.11,0,Green,1,442.0,Baja (Arabica)
Arabica,"lin, che-hao krude 林哲豪",Taiwan,"台南市東山區 (dongshan dist., tainan city)",10,10 kg,Specialty Coffee Association,"June 6th, 2017",Typica,Natural / Dry,7.67,7.67,7.58,7.58,7.67,7.83,7.75,83.75,0.0,0,Green,0,750.0,Baja (Arabica)
Arabica,racafe & cia s.c.a,Colombia,huila,275,70 kg,Almacafé,"February 15th, 2017",Caturra,Washed / Wet,7.92,7.75,7.5,7.67,7.75,7.5,7.67,83.75,0.0,1,Green,4,1750.0,Alta (Arabica)
Arabica,yunnan coffee exchange,China,yunnan,3,60 kg,Yunnan Coffee Exchange,"April 6th, 2016",Catimor,Washed / Wet,7.83,7.75,7.67,7.5,7.58,7.67,7.75,83.75,0.1,0,Green,2,1650.0,Alta (Arabica)
Arabica,carcafe ltda ci,Colombia,huila,250,70 kg,Almacafé,"November 27th, 2015",Caturra,Natural / Dry,7.75,7.67,7.5,7.67,7.58,7.83,7.75,83.75,0.0,0,Green,0,442.0,Baja (Arabica)
Arabica,nile highland arabica coffee farmers,Uganda,west nile,320,60 kg,Uganda Coffee Development Authority,"June 30th, 2014",Bourbon,Natural / Dry,8.0,7.92,7.58,7.75,7.33,7.5,7.67,83.75,0.12,0,Green,0,1400.0,Media (Arabica)
Arabica,german negron,United States (Puerto Rico),yauco region,18,5 lbs,Specialty Coffee Association,"June 9th, 2014",Other,Washed / Wet,7.83,7.83,7.83,7.67,8.0,8.17,7.75,83.75,0.12,0,Green,1,260.12851200000006,Baja (Arabica)
Arabica,racafe & cia s.c.a,Colombia,huila,100,70 kg,Almacafé,"February 5th, 2014",Caturra,Washed / Wet,7.67,7.67,7.67,7.92,7.5,7.67,7.67,83.75,0.0,0,Green,5,1775.0,Alta (Arabica)
Arabica,olam agro colombia,Colombia,huila,250,70 kg,Almacafé,"January 24th, 2014",Other,Washed / Wet,7.67,7.42,7.42,7.42,8.0,8.33,7.5,83.75,0.0,0,Green,3,1550.0,Alta (Arabica)
Arabica,exportadora de cafe condor s.a,Colombia,huila,250,70 kg,Almacafé,"November 22nd, 2013",Caturra,Washed / Wet,7.58,7.67,7.75,7.67,7.67,7.67,7.75,83.75,0.0,0,Blue-Green,1,1750.0,Alta (Arabica)
Arabica,exportadora de cafe condor s.a,Colombia,huila,275,70 kg,Almacafé,"August 27th, 2013",Caturra,Washed / Wet,7.75,7.67,7.75,7.58,7.42,8.0,7.58,83.75,0.11,0,Green,3,1750.0,Alta (Arabica)
Arabica,kona pacific farmers cooperative,United States (Hawaii),kona,12,100 lbs,Specialty Coffee Association,"May 2nd, 2013",Hawaiian Kona,Natural / Dry,7.25,7.42,7.67,7.58,7.83,8.25,7.75,83.75,0.0,0,Blue-Green,0,157.93516800000003,Baja (Arabica)
Arabica,saul m. hernandez ramirez,Mexico,"huazalingo, hidalgo",10,1 kg,AMECAFE,"September 27th, 2012",Caturra,Natural / Dry,7.83,7.58,7.58,7.5,7.75,7.67,7.83,83.75,0.13,5,Green,5,700.0,Baja (Arabica)
Arabica,the coffee source inc.,Guatemala,quetzaltenango,250,3 lbs,Specialty Coffee Association,"May 24th, 2012",Caturra,Washed / Wet,7.67,7.58,7.58,7.67,7.75,7.75,7.75,83.75,0.11,0,Blue-Green,1,1300.0,Media (Arabica)
Arabica,carcafe ltda ci,Colombia,cauca,275,70 kg,Almacafé,"April 20th, 2011",Caturra,Washed / Wet,7.83,7.83,7.58,7.33,7.42,7.67,8.08,83.75,0.1,0,Green,1,1600.0,Alta (Arabica)
Arabica,exportadora de cafe condor s.a,Colombia,cundinamarca,250,70 kg,Almacafé,"February 9th, 2011",Caturra,Washed / Wet,7.75,7.67,7.25,7.25,7.58,8.5,7.75,83.75,0.06,0,Green,1,1600.0,Alta (Arabica)
Arabica,kona pacific farmers cooperative,United States (Hawaii),kona,4,1,Specialty Coffee Association,"June 29th, 2010",Hawaiian Kona,Natural / Dry,7.83,7.67,7.75,7.67,7.58,7.5,7.75,83.75,0.0,0,Blue-Green,0,157.93516800000003,Baja (Arabica)
Arabica,ipanema coffees,Brazil,south of minas,320,60 kg,Brazil Specialty Coffee Association,"October 20th, 2017",Bourbon,Natural / Dry,7.67,7.83,7.5,7.67,7.67,7.5,7.83,83.67,0.11,0,Green,2,890.0,Baja (Arabica)
Arabica,kennedy macharia,Kenya,meru county,200,60 kg,Kenya Coffee Traders Association,"September 1st, 2017",SL28,Washed / Wet,8.08,7.67,7.67,7.58,7.25,7.67,7.75,83.67,0.11,0,Blue-Green,0,1700.0,Alta (Arabica)
Arabica,bismarck castro,Honduras,comayagua,285,69 kg,Instituto Hondureño del Café,"May 11th, 2017",Caturra,Washed / Wet,7.5,7.5,7.67,7.67,8.0,8.0,7.33,83.67,0.1,0,Green,2,1400.0,Media (Arabica)
Arabica,"comercial internacional exportadora, s.a.",Nicaragua,jinotega,275,69 kg,Instituto Hondureño del Café,"May 11th, 2017",Caturra,Washed / Wet,7.67,7.75,7.67,7.67,7.83,7.58,7.5,83.67,0.1,0,Green,3,1250.0,Media (Arabica)
Arabica,ipanema coffees,Brazil,south of minas,320,60 kg,Brazil Specialty Coffee Association,"August 16th, 2016",Bourbon,Natural / Dry,7.58,7.75,7.58,7.75,7.58,7.58,7.83,83.67,0.11,0,Green,3,934.0,Baja (Arabica)
Arabica,"lin, che-hao krude 林哲豪",Taiwan,"leye, alishan township, chiayi county",20,50 kg,Specialty Coffee Association,"May 18th, 2016",Caturra,Natural / Dry,7.5,7.67,7.33,7.92,7.83,7.67,7.75,83.67,0.1,0,Blue-Green,0,1200.0,Media (Arabica)
Arabica,"ceca, s.a.",Costa Rica,west valley,275,69 kg,Specialty Coffee Association of Costa Rica,"March 14th, 2016",Caturra,Washed / Wet,7.33,7.67,7.67,7.5,7.67,7.5,8.33,83.67,0.11,0,Blue-Green,1,1350.0,Media (Arabica)
Arabica,doi tung development project,Thailand,thailand,1,1 kg,Specialty Coffee Association,"June 9th, 2015",Caturra,Washed / Wet,7.5,7.75,7.58,7.83,7.67,7.58,7.75,83.67,0.12,0,Blue-Green,0,800.0,Baja (Arabica)
Arabica,rob stephen,Colombia,huila,100,2 lbs,Specialty Coffee Association,"November 21st, 2014",Caturra,Washed / Wet,7.5,7.75,7.5,7.75,7.67,7.67,7.83,83.67,0.11,0,Green,4,1625.0,Alta (Arabica)
Arabica,juan luis alvarado romero,Guatemala,huehuetenango,275,69 kg,Asociacion Nacional Del Café,"February 27th, 2014",Bourbon,Washed / Wet,8.0,7.5,7.33,8.0,8.0,8.0,7.5,83.67,0.1,0,Green,0,413.51143104000005,Baja (Arabica)
Arabica,exportadora de cafe condor s.a,Colombia,huila supremo,250,70 kg,Almacafé,"October 29th, 2013",Caturra,Washed / Wet,7.83,7.75,7.67,7.58,7.58,7.67,7.58,83.67,0.0,0,Green,3,1750.0,Alta (Arabica)
Arabica,racafe & cia s.c.a,Colombia,huila,250,70 kg,Almacafé,"August 16th, 2013",Caturra,Washed / Wet,7.67,7.67,7.67,7.67,7.33,7.75,7.92,83.67,0.0,0,Green,1,1900.0,Premium (Arabica)
Arabica,juan luis alvarado romero,Guatemala,oriente,250,69 kg,Asociacion Nacional Del Café,"May 30th, 2013",Bourbon,Washed / Wet,7.67,7.67,7.42,7.67,8.0,7.75,7.5,83.67,0.12,1,Green,3,399.48307200000005,Baja (Arabica)
Arabica,juan luis alvarado romero,Guatemala,oriente,250,69 kg,Asociacion Nacional Del Café,"February 26th, 2013",Bourbon,Washed / Wet,7.83,7.67,7.33,7.67,7.67,7.83,7.67,83.67,0.11,0,Green,2,399.48307200000005,Baja (Arabica)
Arabica,exportadora de cafe condor s.a,Colombia,huila,250,70 kg,Almacafé,"November 22nd, 2012",Caturra,Washed / Wet,7.75,7.75,7.58,7.83,7.17,7.75,7.83,83.67,0.11,0,Green,1,1750.0,Alta (Arabica)
Arabica,the coffee source inc.,Guatemala,oriente,250,1 kg,Specialty Coffee Association,"August 23rd, 2012",Caturra,Natural / Dry,8.17,8.17,7.83,7.67,8.08,7.75,8.0,83.67,0.11,0,Green,1,1450.0,Media (Arabica)
Arabica,juan luis alvarado romero,Guatemala,oriente,250,1 kg,Asociacion Nacional Del Café,"July 9th, 2012",Bourbon,Washed / Wet,7.67,8.17,7.5,7.42,7.58,7.83,7.5,83.67,0.11,0,Green,13,399.48307200000005,Baja (Arabica)
Arabica,juan luis ortega carballo,Mexico,xicotepec de juarez,48,1 kg,AMECAFE,"July 2nd, 2012",Typica,Washed / Wet,7.67,7.5,7.5,7.33,7.83,8.25,7.58,83.67,0.12,4,Green,11,1100.0,Media (Arabica)
Arabica,ekai international company ltd.,Indonesia,east java,10,60 kg,Specialty Coffee Association of Indonesia,"May 23rd, 2012",Typica,Washed / Wet,8.17,7.67,7.58,7.58,7.42,7.67,7.58,83.67,0.12,0,Green,0,1400.0,Media (Arabica)
Arabica,juan luis alvarado romero,Guatemala,"sacatepequez, guatemala",250,69 kg,Asociacion Nacional Del Café,"April 30th, 2012",Caturra,Washed / Wet,7.67,7.5,7.33,8.0,7.67,7.67,7.83,83.67,0.1,0,Green,0,464.51520000000005,Baja (Arabica)
Arabica,kona pacific farmers cooperative,United States (Hawaii),Other,3,100 lbs,Specialty Coffee Association,"April 21st, 2011",Hawaiian Kona,Natural / Dry,7.75,8.0,7.92,8.08,7.75,8.0,8.17,83.67,0.0,0,Blue-Green,0,157.93516800000003,Baja (Arabica)
Arabica,ipanema coffees,Brazil,south of minas,320,60 kg,Brazil Specialty Coffee Association,"October 20th, 2017",Bourbon,Natural / Dry,7.58,7.67,7.58,7.58,7.67,7.58,7.92,83.58,0.11,0,Green,5,890.0,Baja (Arabica)
Arabica,juan luis alvarado romero,Guatemala,huehuetenango,275,69 kg,Asociacion Nacional Del Café,"July 5th, 2016",Caturra,Washed / Wet,7.75,7.75,7.5,7.83,7.58,7.58,7.58,83.58,0.11,0,Green,0,343.92705408,Baja (Arabica)
Arabica,racafe & cia s.c.a,Colombia,huila,275,70 kg,Almacafé,"April 15th, 2016",Caturra,Washed / Wet,7.75,7.75,7.58,7.58,7.67,7.58,7.67,83.58,0.11,0,Green,4,1750.0,Alta (Arabica)
Arabica,yunnan coffee exchange,China,yunnan,3,60 kg,Yunnan Coffee Exchange,"April 6th, 2016",Catimor,Washed / Wet,7.67,7.58,7.58,7.58,7.67,7.75,7.75,83.58,0.1,0,Green,4,1100.0,Media (Arabica)
Arabica,racafe & cia s.c.a,Colombia,huila,275,70 kg,Almacafé,"November 19th, 2015",Caturra,Washed / Wet,7.67,7.75,7.58,7.67,7.75,7.58,7.58,83.58,0.12,0,Green,3,1775.0,Alta (Arabica)
Arabica,andreas kussmaul,Mexico,"chiapas, jaltenango",275,2 kg,Asociación Mexicana De Cafés y Cafeterías De Especialidad A.C.,"May 12th, 2015",Caturra,Washed / Wet,7.75,7.75,7.58,7.58,7.5,7.67,7.75,83.58,0.12,1,Green,13,1200.0,Media (Arabica)
Arabica,essencecoffee,Ethiopia,yirgacheffe,250,60 kg,Blossom Valley International,"March 25th, 2015",Other,Washed / Wet,7.75,7.67,7.58,7.67,7.5,7.67,7.75,83.58,0.0,0,Green,7,1850.0,Premium (Arabica)
Arabica,bulamburi coffee farmers association,Uganda,eastern,100,60 kg,Uganda Coffee Development Authority,"June 27th, 2014",SL14,Washed / Wet,7.67,7.67,7.42,7.75,7.75,7.67,7.67,83.58,0.12,0,Green,5,1800.0,Premium (Arabica)
Arabica,compañia colombiana agroindustrial s.a,Colombia,cundinamarca,250,70 kg,Almacafé,"June 24th, 2014",Caturra,Natural / Dry,7.67,7.58,7.67,7.67,7.67,7.67,7.67,83.58,0.0,0,Green,0,1600.0,Alta (Arabica)
Arabica,compañia colombiana agroindustrial s.a,Colombia,santander,250,70 kg,Almacafé,"March 13th, 2014",Caturra,Washed / Wet,7.67,7.58,7.67,7.58,7.67,7.75,7.67,83.58,0.12,0,Green,1,1550.0,Alta (Arabica)
Arabica,compañia colombiana agroindustrial s.a,Colombia,santander,250,70 kg,Almacafé,"March 21st, 2014",Caturra,Washed / Wet,7.75,7.58,7.5,7.58,7.75,7.83,7.58,83.58,0.0,0,Green,0,1550.0,Alta (Arabica)
Arabica,cqi taiwan icp cqi台灣合作夥伴,Taiwan,taichung xinshe 台中市新社區,10,30 kg,Blossom Valley International,"December 26th, 2013",Typica,Other,7.75,7.75,7.75,7.75,7.5,7.58,7.5,83.58,0.11,0,Green,0,1000.0,Media (Arabica)
Arabica,racafe & cia s.c.a,Colombia,huila,275,70 kg,Almacafé,"August 31st, 2012",Caturra,Washed / Wet,7.67,7.67,7.58,7.67,7.75,7.58,7.67,83.58,0.11,0,Green,3,1775.0,Alta (Arabica)
Arabica,alfredo bojalil,Mexico,xalapa,250,1 kg,AMECAFE,"June 6th, 2012",Typica,Washed / Wet,7.83,7.67,7.58,7.58,7.67,7.58,7.67,83.58,0.12,0,Green,2,1000.0,Media (Arabica)
Arabica,carcafe ltda ci,Colombia,cundinamarca,250,70 kg,Almacafé,"April 2nd, 2012",Caturra,Natural / Dry,7.67,7.58,7.58,7.58,7.67,7.75,7.75,83.58,0.11,0,Green,4,2136.0,Premium (Arabica)
Arabica,nucoffee,Brazil,south of minas,33,60 kg,NUCOFFEE,"January 23rd, 2012",Catuai,Semi-Washed / Semi-Pulped,7.83,7.75,7.5,7.75,7.5,7.58,7.67,83.58,0.12,0,Blue-Green,2,1100.0,Media (Arabica)
Arabica,carcafe ltda ci,Colombia,cundinamarca,50,70 kg,Almacafé,"February 20th, 2017",Caturra,Washed / Wet,7.75,7.58,7.58,7.75,7.75,7.5,7.58,83.5,0.0,0,Blue-Green,5,1799.0,Alta (Arabica)
Arabica,cqi taiwan icp cqi台灣合作夥伴,Taiwan,Other,1,10 kg,Blossom Valley International,"February 13th, 2017",Typica,Washed / Wet,7.58,7.58,7.17,7.17,7.0,7.0,10.0,83.5,0.11,0,Blue-Green,0,750.0,Baja (Arabica)
Arabica,"ceca, s.a.",Costa Rica,tarrazu,245,69 kg,Specialty Coffee Association of Costa Rica,"June 6th, 2016",Caturra,Washed / Wet,7.92,7.42,7.5,7.67,7.5,7.67,7.83,83.5,0.0,0,Blue-Green,0,1850.0,Premium (Arabica)
Arabica,carcafe ltda ci,Colombia,pitalito,250,70 kg,Almacafé,"April 7th, 2016",Caturra,Natural / Dry,7.75,7.58,7.58,7.5,7.75,7.75,7.58,83.5,0.0,0,Green,0,1000.0,Media (Arabica)
Arabica,juan luis alvarado romero,Guatemala,oriente,250,69 kg,Asociacion Nacional Del Café,"March 16th, 2016",Bourbon,Washed / Wet,7.67,7.75,7.5,7.83,7.58,7.58,7.58,83.5,0.1,0,Blue-Green,5,371.61216,Baja (Arabica)
Arabica,racafe & cia s.c.a,Colombia,huila,180,70 kg,Almacafé,"November 19th, 2015",Caturra,Washed / Wet,7.58,7.58,7.58,7.58,7.75,7.67,7.75,83.5,0.12,0,Green,4,1775.0,Alta (Arabica)
Arabica,damari absalome,"Tanzania, United Republic Of",nkure- meru,5,60 kg,Africa Fine Coffee Association,"November 16th, 2015",Ruiru 11,Washed / Wet,7.75,7.67,7.58,7.67,7.67,7.58,7.58,83.5,0.13,0,Green,21,1400.0,Media (Arabica)
Arabica,aulia arif syahri,Indonesia,bener meriah,200,30 kg,Specialty Coffee Association,"September 14th, 2015",Sumatra,Semi-Washed / Semi-Pulped,7.25,7.67,7.58,7.92,7.83,7.58,7.67,83.5,0.13,0,Blue-Green,8,1500.0,Alta (Arabica)
Arabica,debesa agro industry plc,Ethiopia,oromia,320,60 kg,METAD Agricultural Development plc,"March 31st, 2015",Other,Natural / Dry,7.67,7.75,7.5,7.58,7.75,7.67,7.58,83.5,0.1,1,Green,18,1600.0,Alta (Arabica)
Arabica,federacion nacional de cafeteros,Colombia,huila,275,2 kg,Almacafé,"March 12th, 2015",Caturra,Washed / Wet,7.67,7.42,7.67,7.83,7.58,7.67,7.67,83.5,0.0,1,Green,0,1750.0,Alta (Arabica)
Arabica,exportadora de cafe condor s.a,Colombia,huila,275,70 kg,Almacafé,"January 22nd, 2015",Caturra,Washed / Wet,8.0,7.58,7.25,7.58,7.92,7.58,7.58,83.5,0.11,0,Green,0,1850.0,Premium (Arabica)
Arabica,the coffee source inc.,Guatemala,atitlan,250,1 kg,Specialty Coffee Association of Costa Rica,"December 18th, 2014",Caturra,Washed / Wet,7.58,7.75,7.5,7.83,7.42,7.67,7.75,83.5,0.1,0,Green,0,1400.0,Media (Arabica)
Arabica,compañia colombiana agroindustrial s.a,Colombia,cundinamarca,250,70 kg,Almacafé,"August 11th, 2014",Caturra,Washed / Wet,7.75,7.58,7.33,7.5,7.83,7.83,7.67,83.5,0.0,2,Green,0,1650.0,Alta (Arabica)
Arabica,Desconocido,Honduras,comayagua,275,1 kg,Instituto Hondureño del Café,"April 8th, 2014",Caturra,Natural / Dry,7.67,7.5,7.67,7.5,7.67,7.67,7.83,83.5,0.1,0,Green,3,1350.0,Media (Arabica)
Arabica,exportadora de cafe condor s.a,Colombia,huila,250,70 kg,Almacafé,"April 26th, 2013",Caturra,Washed / Wet,7.58,7.75,7.42,7.67,7.75,7.67,7.67,83.5,0.0,1,Green,1,1750.0,Alta (Arabica)
Arabica,exportadora de cafe condor s.a,Colombia,huila,250,70 kg,Almacafé,"May 24th, 2013",Caturra,Washed / Wet,7.58,7.67,7.58,7.75,7.58,7.75,7.58,83.5,0.11,0,Green,2,1750.0,Alta (Arabica)
Arabica,manuel herrera juarez,Mexico,xalapa,10,1 kg,AMECAFE,"August 31st, 2012",Bourbon,Natural / Dry,7.83,7.58,7.25,7.5,7.5,7.42,8.42,83.5,0.13,0,Green,14,1170.0,Media (Arabica)
Arabica,miguel cortes moreno,Mexico,chilón,10,1 kg,AMECAFE,"August 30th, 2012",Typica,Semi-Washed / Semi-Pulped,7.67,7.75,7.67,7.75,7.58,7.5,7.58,83.5,0.11,0,Green,12,940.0,Baja (Arabica)
Arabica,gabriel bernardo rivas ross,Mexico,totutla,15,1 kg,AMECAFE,"July 11th, 2012",Pacamara,Washed / Wet,7.75,7.67,7.67,7.75,7.33,7.5,7.83,83.5,0.12,0,Green,0,1400.0,Media (Arabica)
Arabica,juan luis alvarado romero,Guatemala,atitlan,275,69 kg,Asociacion Nacional Del Café,"April 30th, 2012",Caturra,Washed / Wet,7.83,7.5,7.5,8.0,7.67,7.5,7.5,83.5,0.1,0,Green,5,464.51520000000005,Baja (Arabica)
Arabica,racafe & cia s.c.a,Colombia,huila,175,70 kg,Almacafé,"February 9th, 2012",Caturra,Washed / Wet,7.67,7.58,7.58,7.67,7.67,7.67,7.67,83.5,0.11,0,Green,0,1775.0,Alta (Arabica)
Arabica,felipe isaza,Guatemala,oriente,250,2 kg,Specialty Coffee Association,"February 1st, 2012",Bourbon,Washed / Wet,7.5,7.5,7.75,7.5,8.0,7.67,7.58,83.5,0.0,3,Green,12,427.353984,Baja (Arabica)
Arabica,kona pacific farmers cooperative,United States (Hawaii),Other,14,100 lbs,Specialty Coffee Association,"March 8th, 2011",Hawaiian Kona,Natural / Dry,7.5,7.67,7.58,7.92,7.58,7.67,7.58,83.5,0.01,0,Blue-Green,0,157.93516800000003,Baja (Arabica)
Arabica,specialty coffee association of indonesia,Indonesia,bondowoso,10,60 kg,Specialty Coffee Association of Indonesia,"November 29th, 2010",Other,Washed / Wet,7.83,7.58,7.58,7.58,7.75,7.58,7.58,83.5,0.0,0,Blue-Green,0,1600.0,Alta (Arabica)
Arabica,carcafe ltda ci,Colombia,huila,300,29 kg,Almacafé,"November 9th, 2017",Caturra,Washed / Wet,7.5,7.58,7.58,7.5,7.75,7.83,7.67,83.42,0.0,0,Green,1,439.0,Baja (Arabica)
Arabica,juan luis alvarado romero,Guatemala,san marcos,50,69 kg,Asociacion Nacional Del Café,"August 23rd, 2017",Bourbon,Washed / Wet,7.67,7.75,7.5,7.58,7.58,7.67,7.67,83.42,0.1,0,Green,3,1700.0,Alta (Arabica)
Arabica,carcafe ltda ci,Colombia,huila,600,29 kg,Almacafé,"May 10th, 2017",Caturra,Washed / Wet,7.67,7.67,7.5,7.67,7.67,7.58,7.67,83.42,0.11,0,Green,2,442.0,Baja (Arabica)
Arabica,"ceca, s.a.",Costa Rica,tarrazu,275,69 kg,Specialty Coffee Association of Costa Rica,"February 17th, 2017",Caturra,Washed / Wet,7.58,7.5,7.42,7.92,7.5,7.67,7.83,83.42,0.09,0,Blue-Green,4,1850.0,Premium (Arabica)
Arabica,cqi taiwan icp cqi台灣合作夥伴,Taiwan,Other,1,10 kg,Blossom Valley International,"February 13th, 2017",Typica,Washed / Wet,7.67,7.67,7.0,7.08,7.0,7.0,10.0,83.42,0.11,0,Blue-Green,0,750.0,Baja (Arabica)
Arabica,bugisu cooperative union,Uganda,eastern,20,1218 kg,Uganda Coffee Development Authority,"July 21st, 2016",SL14,Washed / Wet,7.58,7.75,7.33,7.75,7.67,7.58,7.75,83.42,0.11,0,Green,1,1800.0,Premium (Arabica)
Arabica,松澤宏樹 koju matsuzawa,Thailand,thailand,500,25 kg,Specialty Coffee Institute of Asia,"June 27th, 2016",Catimor,Washed / Wet,7.5,7.58,7.75,7.5,7.75,7.67,7.67,83.42,0.13,0,Blue-Green,0,1200.0,Media (Arabica)
Arabica,consejo salvadoreño del café,El Salvador,apaneca,275,69 kg,Salvadoran Coffee Council,"April 25th, 2016",Bourbon,Washed / Wet,7.58,7.5,7.75,7.58,7.75,7.67,7.58,83.42,0.11,0,Green,0,1330.0,Media (Arabica)
Arabica,carcafe ltda ci,Colombia,huila,275,70 kg,Almacafé,"April 29th, 2015",Caturra,Natural / Dry,7.58,7.67,7.58,7.67,7.58,7.67,7.67,83.42,0.12,4,Green,0,442.0,Baja (Arabica)
Arabica,bourbon specialty coffees,Brazil,vale da grama,300,60 kg,Brazil Specialty Coffee Association,"January 15th, 2015",Yellow Bourbon,Semi-Washed / Semi-Pulped,7.33,7.83,7.75,7.5,7.42,7.83,7.75,83.42,0.12,0,Green,6,1000.0,Media (Arabica)
Arabica,ngila estate ltd,"Tanzania, United Republic Of",karatu northern,39,60 kg,Africa Fine Coffee Association,"December 12th, 2014",Bourbon,Washed / Wet,7.75,7.67,7.58,7.67,7.58,7.58,7.58,83.42,0.13,0,Green,4,1600.0,Alta (Arabica)
Arabica,compañia colombiana agroindustrial s.a,Colombia,huila,250,70 kg,Almacafé,"October 15th, 2014",Caturra,Washed / Wet,7.58,7.58,7.25,7.75,7.75,8.58,7.58,83.42,0.12,0,Green,1,1813.0,Premium (Arabica)
Arabica,juan luis alvarado romero,Guatemala,oriente,250,69 kg,Asociacion Nacional Del Café,"August 21st, 2014",Bourbon,Natural / Dry,7.75,7.83,7.33,7.83,7.5,7.67,7.5,83.42,0.1,0,Green,1,371.61216,Baja (Arabica)
Arabica,juan luis alvarado romero,Guatemala,antigua,250,69 kg,Asociacion Nacional Del Café,"February 18th, 2014",Caturra,Washed / Wet,7.67,7.75,7.5,7.83,7.58,7.5,7.58,83.42,0.1,0,Green,2,1500.0,Alta (Arabica)
Arabica,juan luis alvarado romero,Guatemala,oriente,250,69 kg,Asociacion Nacional Del Café,"July 16th, 2013",Bourbon,Washed / Wet,7.67,7.5,7.75,7.42,7.75,7.75,7.58,83.42,0.11,0,Green,0,399.48307200000005,Baja (Arabica)
Arabica,kona pacific farmers cooperative,United States (Hawaii),kona,13,100 lbs,Specialty Coffee Association,"January 24th, 2013",Hawaiian Kona,Natural / Dry,7.42,7.75,7.67,7.58,7.67,7.67,7.67,83.42,0.0,0,Green,2,157.93516800000003,Baja (Arabica)
Arabica,exportadora de cafe condor s.a,Colombia,cundinamarca,250,70 kg,Almacafé,"June 26th, 2012",Caturra,Washed / Wet,7.5,7.75,7.58,7.5,7.67,7.75,7.67,83.42,0.11,0,Green,2,1450.0,Media (Arabica)
Arabica,federacion nacional de cafeteros,Colombia,huila,250,70 kg,Almacafé,"February 1st, 2011",Caturra,Washed / Wet,7.58,7.58,7.58,7.67,7.75,7.67,7.58,83.42,0.1,1,Green,3,1750.0,Alta (Arabica)
Arabica,kona pacific farmers cooperative,United States (Hawaii),kona,12,60 kg,Specialty Coffee Association,"December 27th, 2010",Hawaiian Kona,Natural / Dry,7.5,7.92,7.42,7.67,7.83,7.58,7.5,83.42,0.01,0,Blue-Green,0,157.93516800000003,Baja (Arabica)
Arabica,doi tung development project,Thailand,Other,4,1 lbs,Specialty Coffee Association,"April 13th, 2010",Peaberry,Washed / Wet,7.58,7.25,7.5,7.92,7.92,7.42,7.83,83.42,0.11,0,Blue-Green,0,800.0,Baja (Arabica)
Arabica,grounds for health admin,Mexico,nayarit,6,6,Specialty Coffee Association,"May 26th, 2010",Typica,Washed / Wet,7.25,7.88,7.38,7.63,7.5,8.75,8.0,83.38,0.09,2,Green,4,1050.0,Media (Arabica)
Arabica,exportadora de cafe condor s.a,Colombia,huila,275,70 kg,Almacafé,"November 8th, 2016",Caturra,Washed / Wet,7.75,7.5,7.75,7.58,7.58,7.58,7.58,83.33,0.0,0,Green,0,1650.0,Alta (Arabica)
Arabica,racafe & cia s.c.a,Colombia,guayata,130,70 kg,Almacafé,"June 15th, 2016",Caturra,Washed / Wet,7.67,7.58,7.58,7.42,7.67,7.75,7.67,83.33,0.0,0,Blue-Green,0,1750.0,Alta (Arabica)
Arabica,racafe & cia s.c.a,Colombia,huila,275,70 kg,Almacafé,"May 5th, 2016",Caturra,Washed / Wet,7.83,7.58,7.58,7.58,7.5,7.58,7.67,83.33,0.0,1,Green,2,1750.0,Alta (Arabica)
Arabica,ipanema coffees,Brazil,south of minas,10,2 kg,Specialty Coffee Association,"October 12th, 2015",Catuai,Semi-Washed / Semi-Pulped,7.5,7.83,7.33,7.58,7.58,7.92,7.58,83.33,0.1,1,Green,5,1227.0,Media (Arabica)
Arabica,andreas kussmaul,Mexico,chiapas,275,1 kg,Asociación Mexicana De Cafés y Cafeterías De Especialidad A.C.,"July 14th, 2015",Caturra,Washed / Wet,7.75,7.75,7.5,7.67,7.5,7.58,7.58,83.33,0.12,0,Green,2,1200.0,Media (Arabica)
Arabica,exportadora de cafe condor s.a,Colombia,santander,275,70 kg,Almacafé,"April 8th, 2015",Caturra,Washed / Wet,7.67,7.75,7.42,7.83,7.83,7.42,7.42,83.33,0.11,0,Green,1,1650.0,Alta (Arabica)
Arabica,afca,"Tanzania, United Republic Of",arusha,10,60 kg,Africa Fine Coffee Association,"December 12th, 2014",Other,Semi-Washed / Semi-Pulped,7.75,7.58,7.67,7.58,7.58,7.58,7.58,83.33,0.12,0,Green,6,1700.0,Alta (Arabica)
Arabica,j.andrade,Mexico,veracruz,200,1 kg,AMECAFE,"July 15th, 2014",Other,Washed / Wet,7.67,7.67,7.58,7.67,7.5,7.58,7.67,83.33,0.12,0,Green,0,1100.0,Media (Arabica)
Arabica,the coffee source inc.,Costa Rica,san ramon,250,3 lbs,Specialty Coffee Association,"April 7th, 2014",Caturra,Washed / Wet,7.67,7.67,7.42,7.67,7.67,7.67,7.58,83.33,0.12,0,Green,3,1300.0,Media (Arabica)
Arabica,eileen koyanagi,United States (Hawaii),kona,12,100 lbs,Specialty Coffee Association,"February 25th, 2014",Hawaiian Kona,Natural / Dry,7.83,7.58,7.83,7.67,7.92,8.0,7.83,83.33,0.11,0,Blue-Green,1,157.93516800000003,Baja (Arabica)
Arabica,eric thormaehlen,Costa Rica,central valley,250,1 kg,Specialty Coffee Association of Costa Rica,"February 14th, 2014",Catuai,Washed / Wet,7.5,7.67,7.67,7.5,7.83,7.17,8.0,83.33,0.11,0,Green,3,1200.0,Media (Arabica)
Arabica,dane loraas,Peru,Other,280,5 lbs,Specialty Coffee Association,"January 21st, 2014",Caturra,Washed / Wet,7.83,7.75,7.58,7.83,7.92,7.58,7.5,83.33,0.12,0,Green,5,1300.0,Media (Arabica)
Arabica,itiah coffee llc,Haiti,"thiotte, haiti",2,4 lbs,Specialty Coffee Association,"October 3rd, 2013",Typica,Washed / Wet,7.58,7.5,7.67,7.5,7.83,7.42,7.83,83.33,0.11,0,Green,4,390.19276800000006,Baja (Arabica)
Arabica,carcafe ltda ci,Colombia,pitalito,250,70 kg,Almacafé,"April 26th, 2013",Caturra,Natural / Dry,7.67,7.67,7.5,7.67,7.92,7.42,7.5,83.33,0.11,0,Green,1,1000.0,Media (Arabica)
Arabica,juan luis alvarado romero,Guatemala,oriente,250,69 kg,Asociacion Nacional Del Café,"February 26th, 2013",Bourbon,Washed / Wet,7.83,7.67,7.17,7.67,7.67,7.67,7.67,83.33,0.11,0,Green,3,399.48307200000005,Baja (Arabica)
Arabica,kona pacific farmers cooperative,United States (Hawaii),kona,7,100 lbs,Specialty Coffee Association,"January 24th, 2013",Hawaiian Kona,Natural / Dry,7.92,7.5,7.58,7.83,7.67,7.67,7.83,83.33,0.1,0,Blue-Green,4,157.93516800000003,Baja (Arabica)
Arabica,steven kil,Burundi,kayanza,220,60 kg,Specialty Coffee Association,"August 29th, 2012",Bourbon,Washed / Wet,7.75,7.67,7.33,7.5,7.5,7.75,7.83,83.33,0.0,0,Green,5,1880.0,Premium (Arabica)
Arabica,exportadora de cafe condor s.a,Colombia,huila,250,70 kg,Almacafé,"May 30th, 2012",Caturra,Washed / Wet,7.5,7.67,7.67,7.58,7.67,7.58,7.67,83.33,0.0,0,Green,1,1750.0,Alta (Arabica)
Arabica,kona pacific farmers cooperative,United States (Hawaii),kona,27,100 lbs,Specialty Coffee Association,"September 20th, 2011",Hawaiian Kona,Natural / Dry,8.08,7.83,7.83,7.75,7.67,7.58,7.92,83.33,0.01,0,Blue-Green,0,157.93516800000003,Baja (Arabica)
Arabica,kona pacific farmers cooperative,United States (Hawaii),Other,25,100 lbs,Specialty Coffee Association,"February 24th, 2011",Hawaiian Kona,Natural / Dry,7.58,7.67,7.58,7.5,7.83,7.67,7.5,83.33,0.0,0,Blue-Green,0,157.93516800000003,Baja (Arabica)
Arabica,cafe de don balbino s.c. de r.l. de c.v.,Mexico,sierra madre occidental,50,50 kg,Centro Agroecológico del Café A.C.,"March 7th, 2017",Typica,Washed / Wet,7.67,7.83,7.42,7.83,7.33,7.5,7.67,83.25,0.11,0,Blue-Green,0,1600.0,Alta (Arabica)
Arabica,troy quimby,Costa Rica,tarrazu,29,46 kg,Specialty Coffee Association,"January 30th, 2017",Catuai,Pulped Natural / Honey,7.5,7.5,7.83,7.5,7.67,7.67,7.58,83.25,0.11,0,Green,0,1900.0,Premium (Arabica)
Arabica,rodrigo soto,Costa Rica,tarrazu,275,69 kg,Specialty Coffee Association of Costa Rica,"September 20th, 2016",Caturra,Washed / Wet,7.83,7.5,7.42,7.67,7.5,7.67,7.67,83.25,0.11,0,Green,0,1300.0,Media (Arabica)
Arabica,juan luis alvarado romero,Guatemala,nuevo oriente,275,0 kg,Asociacion Nacional Del Café,"August 12th, 2016",Pacas,Washed / Wet,7.5,7.58,7.42,7.83,7.67,7.58,7.67,83.25,0.11,0,Green,7,2100.0,Premium (Arabica)
Arabica,kawacom uganda ltd,Uganda,"sipi, mt elgon",150,9000 kg,Uganda Coffee Development Authority,"May 19th, 2016",SL14,Washed / Wet,7.5,7.67,7.67,7.42,7.67,7.67,7.67,83.25,0.12,0,Green,1,1675.0,Alta (Arabica)
Arabica,bourbon specialty coffees,Brazil,campos altos - cerrado,300,60 kg,Brazil Specialty Coffee Association,"January 12th, 2016",Bourbon,Natural / Dry,7.58,7.67,7.42,7.5,7.67,7.42,8.0,83.25,0.12,0,Green,4,1000.0,Media (Arabica)
Arabica,carcafe ltda ci,Colombia,huila,304,35 kg,Almacafé,"November 27th, 2015",Caturra,Natural / Dry,7.58,7.67,7.67,7.17,7.75,7.83,7.58,83.25,0.0,0,Green,2,442.0,Baja (Arabica)
Arabica,productos y servicios chilindron s.a. de c.v.,Mexico,cuarenteño,11,2 kg,Asociación Mexicana De Cafés y Cafeterías De Especialidad A.C.,"July 14th, 2015",Typica,Natural / Dry,7.83,7.75,7.5,7.58,7.58,7.58,7.42,83.25,0.12,0,Blue-Green,2,1261.0,Media (Arabica)
Arabica,"lin, che-hao krude 林哲豪",Taiwan,natou county,10,15 kg,Specialty Coffee Association,"June 18th, 2015",Bourbon,Washed / Wet,7.67,7.5,7.5,7.5,7.67,7.83,7.58,83.25,0.1,0,Blue-Green,0,1000.0,Media (Arabica)
Arabica,cqi taiwan icp cqi台灣合作夥伴,Taiwan,南投國姓,10,60 kg,Blossom Valley International,"November 23rd, 2014",Typica,Washed / Wet,7.92,7.83,7.75,7.58,7.5,7.33,7.33,83.25,0.1,0,Green,0,800.0,Baja (Arabica)
Arabica,compañia colombiana agroindustrial s.a,Colombia,eje cafetero,250,70 kg,Almacafé,"June 24th, 2014",Caturra,Natural / Dry,7.58,7.58,7.5,7.58,7.58,7.75,7.67,83.25,0.0,0,Green,0,1483.0,Media (Arabica)
Arabica,juan luis alvarado romero,Guatemala,antigua,26,69 kg,Asociacion Nacional Del Café,"March 7th, 2014",Caturra,Washed / Wet,7.5,7.67,7.58,7.67,7.67,7.5,7.67,83.25,0.1,0,Green,1,1500.0,Alta (Arabica)
Arabica,exportadora de cafe condor s.a,Colombia,huila,275,70 kg,Almacafé,"August 2nd, 2013",Caturra,Washed / Wet,7.83,7.5,7.67,7.33,7.67,7.67,7.58,83.25,0.11,0,Green,1,1750.0,Alta (Arabica)
Arabica,calixto guillen vazquez,Mexico,chiapas,200,1 kg,AMECAFE,"March 29th, 2013",Bourbon,Washed / Wet,7.58,7.75,7.5,7.5,7.58,7.58,7.75,83.25,0.12,0,Green,6,1300.0,Media (Arabica)
Arabica,kona pacific farmers cooperative,United States (Hawaii),kona,11,100 lbs,Specialty Coffee Association,"March 21st, 2013",Hawaiian Kona,Natural / Dry,7.58,7.75,7.83,8.0,8.08,7.67,7.67,83.25,0.11,0,Blue-Green,4,157.93516800000003,Baja (Arabica)
Arabica,ernesto rodriguez luna,Mexico,veracruz,10,1 kg,AMECAFE,"August 1st, 2012",Mundo Novo,Washed / Wet,7.75,7.58,7.58,7.58,7.5,7.58,7.67,83.25,0.13,0,Green,7,1250.0,Media (Arabica)
Arabica,modesto landeros flores,Mexico,fortín de las flores,54,1 kg,AMECAFE,"July 11th, 2012",Caturra,Washed / Wet,7.75,7.75,7.42,7.92,7.33,7.5,7.58,83.25,0.12,0,Blue-Green,0,1000.0,Media (Arabica)
Arabica,juan luis alvarado romero,Guatemala,oriente,250,1 kg,Asociacion Nacional Del Café,"July 9th, 2012",Bourbon,Washed / Wet,7.83,7.58,7.08,7.83,7.42,8.08,7.42,83.25,0.11,0,Green,9,399.48307200000005,Baja (Arabica)
Arabica,nucoffee,Brazil,grama valley,30,60 kg,NUCOFFEE,"February 23rd, 2012",Yellow Bourbon,Semi-Washed / Semi-Pulped,7.75,7.67,7.5,7.58,7.58,7.58,7.58,83.25,0.11,0,Blue-Green,1,1200.0,Media (Arabica)
Arabica,exportadora de cafe condor s.a,Colombia,huila,250,70 kg,Almacafé,"February 22nd, 2012",Caturra,Washed / Wet,7.67,7.58,7.58,7.42,7.83,7.58,7.58,83.25,0.12,0,Green,1,175.0,Baja (Arabica)
Arabica,racafe & cia s.c.a,Colombia,la plata,175,70 kg,Almacafé,"February 9th, 2012",Caturra,Washed / Wet,7.67,7.67,7.5,7.5,7.58,7.67,7.67,83.25,0.11,0,Green,0,1775.0,Alta (Arabica)
Arabica,exportadora de cafe condor s.a,Colombia,huila,250,70 kg,Almacafé,"June 14th, 2011",Caturra,Washed / Wet,7.92,7.75,7.25,7.42,7.83,7.58,7.5,83.25,0.08,0,Green,0,1700.0,Alta (Arabica)
Arabica,exportadora de cafe condor s.a,Colombia,cauca,250,70 kg,Almacafé,"February 22nd, 2011",Caturra,Washed / Wet,8.0,7.67,7.67,7.25,7.67,7.5,7.5,83.25,0.13,0,Green,1,1880.0,Premium (Arabica)
Arabica,exportadora de cafe condor s.a,Colombia,cundinamarca,250,70 kg,Almacafé,"January 17th, 2011",Caturra,Washed / Wet,7.92,7.75,7.5,7.42,7.42,7.67,7.58,83.25,0.04,0,Green,1,1800.0,Premium (Arabica)
Arabica,ipanema coffees,Brazil,south of minas,320,60 kg,Brazil Specialty Coffee Association,"October 20th, 2017",Bourbon,Natural / Dry,7.67,7.42,7.5,7.58,7.67,7.58,7.75,83.17,0.11,0,Green,4,890.0,Baja (Arabica)
Arabica,juan luis alvarado romero,Guatemala,oriente,275,69 kg,Asociacion Nacional Del Café,"August 24th, 2017",Bourbon,Washed / Wet,7.58,7.58,7.33,7.67,7.75,7.58,7.67,83.17,0.1,0,Green,1,1901.0,Premium (Arabica)
Arabica,taylor winch (t) ltd,"Tanzania, United Republic Of",moshi,320,60 kg,Tanzanian Coffee Board,"June 20th, 2017",Bourbon,Washed / Wet,7.67,7.58,7.42,7.67,7.67,7.58,7.58,83.17,0.12,0,Green,3,168.0,Baja (Arabica)
Arabica,andrea bernal,Peru,Other,200,13800 kg,Central De Organizaciones Productoras De Café y Cacao Del Perú - Central Café & Cacao,"June 16th, 2017",Caturra,Washed / Wet,7.92,7.5,7.5,7.58,7.67,7.5,7.5,83.17,0.11,0,Green,0,1300.0,Media (Arabica)
Arabica,"sunvirtue co., ltd.",Vietnam,dala,1,2 kg,Specialty Coffee Association,"May 8th, 2017",Catimor,Natural / Dry,7.58,7.42,7.08,7.33,7.58,8.58,7.58,83.17,0.07,0,Green,0,1550.0,Alta (Arabica)
Arabica,juan luis alvarado romero,Guatemala,antigua,250,1500 kg,Asociacion Nacional Del Café,"May 23rd, 2016",Caturra,Washed / Wet,7.67,7.75,7.42,7.75,7.58,7.5,7.5,83.17,0.11,2,Green,3,1500.0,Alta (Arabica)
Arabica,cadexsa,Honduras,marcala,275,69 kg,Instituto Hondureño del Café,"May 2nd, 2016",Catuai,Washed / Wet,7.67,7.67,7.5,7.67,7.5,7.67,7.5,83.17,0.11,0,Blue-Green,1,1450.0,Media (Arabica)
Arabica,yunnan coffee exchange,China,yunnan,3,60 kg,Yunnan Coffee Exchange,"April 6th, 2016",Catimor,Washed / Wet,7.5,7.67,7.33,7.67,7.67,7.67,7.67,83.17,0.11,0,Green,0,1200.0,Media (Arabica)
Arabica,yunnan coffee exchange,China,dehong prefecture,3,60 kg,Yunnan Coffee Exchange,"April 5th, 2016",Catimor,Washed / Wet,7.67,7.67,7.5,7.67,7.42,7.58,7.67,83.17,0.1,0,Green,3,1600.0,Alta (Arabica)
Arabica,consejo salvadoreño del café,El Salvador,apaneca,275,69 kg,Salvadoran Coffee Council,"March 29th, 2016",Bourbon,Washed / Wet,7.5,7.5,7.33,7.67,8.0,7.67,7.5,83.17,0.0,0,Green,0,1350.0,Media (Arabica)
Arabica,juan luis alvarado romero,Guatemala,antigua,150,69 kg,Asociacion Nacional Del Café,"October 29th, 2015",Bourbon,Washed / Wet,7.5,7.75,7.5,7.83,7.58,7.5,7.5,83.17,0.11,0,Green,1,1500.0,Alta (Arabica)
Arabica,juan luis alvarado romero,Guatemala,oriente,100,69 kg,Asociacion Nacional Del Café,"September 29th, 2015",Bourbon,Washed / Wet,7.92,7.67,7.42,7.75,7.5,7.5,7.42,83.17,0.12,0,Green,3,1650.0,Alta (Arabica)
Arabica,taylor winch (coffee) ltd.,Kenya,kenya,300,2 kg,Kenya Coffee Traders Association,"July 3rd, 2015",SL28,Washed / Wet,7.83,7.75,7.67,7.75,7.83,8.5,7.83,83.17,0.1,0,Blue-Green,1,250.5,Baja (Arabica)
Arabica,doi tung development project,Thailand,thailand,1,1 kg,Specialty Coffee Association,"June 9th, 2015",Caturra,Washed / Wet,7.67,7.58,7.58,7.75,7.42,7.67,7.5,83.17,0.12,0,Blue-Green,0,800.0,Baja (Arabica)
Arabica,tutunze kahawa ltd,"Tanzania, United Republic Of",mbinga,180,60 kg,Africa Fine Coffee Association,"December 12th, 2014",Other,Washed / Wet,7.58,7.67,7.67,7.58,7.42,7.58,7.67,83.17,0.13,0,Blue-Green,6,1653.0,Alta (Arabica)
Arabica,racafe & cia s.c.a,Colombia,huila,232,70 kg,Almacafé,"November 5th, 2014",Caturra,Washed / Wet,7.58,7.5,7.5,7.67,7.5,7.67,7.75,83.17,0.0,0,Green,4,1775.0,Alta (Arabica)
Arabica,kabum trading company,Uganda,eastern,84,60 kg,Uganda Coffee Development Authority,"October 28th, 2014",SL14,Washed / Wet,8.0,7.67,7.5,7.42,7.33,7.58,7.67,83.17,0.1,0,Blue-Green,0,1800.0,Premium (Arabica)
Arabica,cafe politico,Colombia,Other,1,4 lbs,Specialty Coffee Association,"August 25th, 2014",Caturra,Washed / Wet,7.58,7.75,7.5,7.58,7.58,7.58,7.58,83.17,0.11,10,Green,3,1750.0,Alta (Arabica)
Arabica,mayra yessenia torres,Honduras,san marcos,275,1 kg,Instituto Hondureño del Café,"April 12th, 2014",Catuai,Natural / Dry,7.5,7.5,7.5,7.67,7.67,7.67,7.67,83.17,0.1,0,Green,5,1450.0,Media (Arabica)
Arabica,Desconocido,Honduras,comayagua,275,1 kg,Instituto Hondureño del Café,"April 8th, 2014",Caturra,Natural / Dry,7.67,7.67,7.5,7.67,7.5,7.67,7.5,83.17,0.11,0,Green,3,1350.0,Media (Arabica)
Arabica,juan luis alvarado romero,Guatemala,san marcos,200,69 kg,Asociacion Nacional Del Café,"March 27th, 2014",Catuai,Washed / Wet,7.33,7.83,7.17,8.17,7.33,7.67,7.67,83.17,0.09,0,Green,1,464.51520000000005,Baja (Arabica)
Arabica,eileen koyanagi,United States (Hawaii),kona,6,100 lbs,Specialty Coffee Association,"February 7th, 2014",Hawaiian Kona,Natural / Dry,7.5,7.5,7.58,7.42,7.92,7.67,7.58,83.17,0.11,0,Blue-Green,0,157.93516800000003,Baja (Arabica)
Arabica,balam hinyula,"Tanzania, United Republic Of",kilimanjaro,300,1 kg,Tanzanian Coffee Board,"January 31st, 2014",Bourbon,Washed / Wet,7.58,7.5,7.58,7.75,7.58,7.58,7.58,83.17,0.12,0,Green,1,1800.0,Premium (Arabica)
Arabica,juan luis alvarado romero,Guatemala,oriente,250,69 kg,Asociacion Nacional Del Café,"April 26th, 2013",Bourbon,Washed / Wet,7.67,7.83,7.33,7.67,7.5,7.67,7.5,83.17,0.11,0,Green,2,399.48307200000005,Baja (Arabica)
Arabica,nestor mendez gomez,Mexico,chiapas,45,1 kg,AMECAFE,"March 29th, 2013",Typica,Washed / Wet,7.75,7.58,7.58,7.58,7.5,7.42,7.75,83.17,0.11,0,Green,2,1500.0,Alta (Arabica)
Arabica,saul m. hernandez ramirez,Mexico,"tlanchinol, hidalgo",10,1 kg,AMECAFE,"September 27th, 2012",Typica,Washed / Wet,7.75,7.67,7.58,7.5,7.42,7.58,7.67,83.17,0.12,3,Green,8,532.0,Baja (Arabica)
Arabica,saul m. hernandez ramirez,Mexico,san bartolo tutotepec,10,1 kg,AMECAFE,"September 27th, 2012",Pacamara,Washed / Wet,7.58,7.75,7.42,7.67,7.5,7.58,7.67,83.17,0.14,0,Green,10,1089.0,Media (Arabica)
Arabica,racafe & cia s.c.a,Colombia,huila,275,70 kg,Almacafé,"August 31st, 2012",Caturra,Washed / Wet,7.67,7.5,7.5,7.5,7.58,8.17,7.25,83.17,0.11,1,Green,2,1775.0,Alta (Arabica)
Arabica,fernando mendoza aparicio,Mexico,san isidro,15,1 kg,AMECAFE,"July 11th, 2012",Typica,Washed / Wet,7.75,7.5,7.42,7.75,7.58,7.58,7.58,83.17,0.13,0,Green,5,700.0,Baja (Arabica)
Arabica,exportadora de cafe condor s.a,Colombia,huila,250,70 kg,Almacafé,"June 8th, 2012",Caturra,Washed / Wet,7.58,7.67,7.5,7.58,7.67,7.67,7.5,83.17,0.11,0,Blue-Green,0,1750.0,Alta (Arabica)
Arabica,alfredo bojalil,Mexico,la concordia,250,1 kg,AMECAFE,"June 6th, 2012",Typica,Washed / Wet,7.5,7.75,7.58,7.58,7.67,7.5,7.58,83.17,0.11,0,Green,5,1380.0,Media (Arabica)
Arabica,nucoffee,Brazil,south of minas,50,60 kg,NUCOFFEE,"March 19th, 2012",Mundo Novo,Natural / Dry,7.75,7.67,7.58,7.5,7.58,7.58,7.5,83.17,0.12,0,Green,1,1000.0,Media (Arabica)
Arabica,nucoffee,Brazil,mogiana,100,60 kg,NUCOFFEE,"February 17th, 2012",Mundo Novo,Natural / Dry,7.92,7.58,7.5,7.58,7.42,7.5,7.67,83.17,0.11,0,Green,4,950.0,Baja (Arabica)
Arabica,felipe isaza,Guatemala,oriente,250,2 kg,Specialty Coffee Association,"February 1st, 2012",Bourbon,Washed / Wet,7.75,7.5,7.67,7.5,7.92,8.0,7.5,83.17,0.0,0,Green,10,427.353984,Baja (Arabica)
Arabica,nucoffee,Brazil,south of minas,25,60 kg,NUCOFFEE,"December 3rd, 2011",Mundo Novo,Semi-Washed / Semi-Pulped,7.75,7.5,7.58,7.5,7.75,7.5,7.58,83.17,0.12,0,Blue-Green,3,1000.0,Media (Arabica)
Arabica,nucoffee,Brazil,south of minas,90,60 kg,NUCOFFEE,"October 28th, 2011",Bourbon,Natural / Dry,7.58,7.75,7.67,7.5,7.67,7.58,7.42,83.17,0.02,0,Green,2,900.0,Baja (Arabica)
Arabica,the coffee source inc.,El Salvador,santa ana,250,69 kg,Specialty Coffee Association,"August 23rd, 2011",Bourbon,Washed / Wet,7.42,7.83,8.17,8.08,7.17,7.58,7.58,83.17,0.14,0,Green,3,1200.0,Media (Arabica)
Arabica,ethiopia commodity exchange,Ethiopia,limu,300,6,Ethiopia Commodity Exchange,"June 16th, 2010",Other,Natural / Dry,7.75,8.0,7.67,8.08,7.83,7.92,7.92,83.17,0.01,0,Green,0,1850.0,Premium (Arabica)
Arabica,carcafe ltda ci,Colombia,cundinamarca,275,70 kg,Almacafé,"February 20th, 2017",Caturra,Washed / Wet,7.58,7.67,7.33,7.67,7.75,7.58,7.5,83.08,0.0,0,Green,4,1799.0,Alta (Arabica)
Arabica,racafe & cia s.c.a,Colombia,huila,275,70 kg,Almacafé,"January 10th, 2017",Caturra,Washed / Wet,7.75,7.5,7.5,7.42,8.0,7.75,7.17,83.08,0.0,1,Green,5,1750.0,Alta (Arabica)
Arabica,ipanema coffees,Brazil,south of minas,320,60 kg,Brazil Specialty Coffee Association,"April 25th, 2016",Yellow Bourbon,Pulped Natural / Honey,7.58,7.58,7.58,7.5,7.67,7.58,7.58,83.08,0.11,0,Blue-Green,2,905.0,Baja (Arabica)
Arabica,ipanema coffees,Brazil,south of minas,320,2 kg,Brazil Specialty Coffee Association,"October 8th, 2015",Yellow Bourbon,Natural / Dry,7.33,7.67,7.67,7.33,7.75,7.42,7.92,83.08,0.0,0,Green,3,1.0,Baja (Arabica)
Arabica,"lin, che-hao krude 林哲豪",Taiwan,"dongshan dist., tainan city 臺南市東山區",20,60 kg,Specialty Coffee Association,"May 19th, 2015",Typica,Natural / Dry,7.83,7.92,7.5,7.83,7.67,7.25,7.75,83.08,0.0,0,Green,0,750.0,Baja (Arabica)
Arabica,bourbon specialty coffees,Brazil,chapadão de ferro (cerrado mineiro),300,60 kg,Brazil Specialty Coffee Association,"April 20th, 2015",Mundo Novo,Natural / Dry,7.42,7.67,7.58,7.5,7.75,7.67,7.5,83.08,0.11,0,Green,13,1000.0,Media (Arabica)
Arabica,ipanema coffees,Brazil,south of minas,300,2 kg,Specialty Coffee Association,"October 16th, 2014",Bourbon,Washed / Wet,7.58,7.83,7.67,7.42,7.42,7.5,7.67,83.08,0.0,0,Green,1,1200.0,Media (Arabica)
Arabica,eric thormaehlen,Costa Rica,central valley,250,1 kg,Specialty Coffee Association of Costa Rica,"July 15th, 2014",Catuai,Washed / Wet,7.83,7.33,7.5,7.67,7.58,7.67,7.5,83.08,0.1,0,Green,3,1300.0,Media (Arabica)
Arabica,eileen koyanagi,United States (Hawaii),kona,16,100 lbs,Specialty Coffee Association,"February 19th, 2014",Hawaiian Kona,Natural / Dry,7.33,7.75,7.58,7.33,7.83,7.67,7.58,83.08,0.12,0,Blue-Green,8,157.93516800000003,Baja (Arabica)
Arabica,cqi taiwan icp cqi台灣合作夥伴,Taiwan,chiayi alishan 嘉義縣阿里山鄉,50,30 kg,Blossom Valley International,"December 26th, 2013",Typica,Other,7.75,7.75,7.5,7.5,7.5,7.5,7.58,83.08,0.11,0,Green,0,1300.0,Media (Arabica)
Arabica,kona pacific farmers cooperative,United States (Hawaii),kona,6,100 lbs,Specialty Coffee Association,"March 8th, 2013",Hawaiian Kona,Natural / Dry,7.83,7.83,7.33,7.17,7.75,7.67,7.5,83.08,0.1,0,Blue-Green,0,157.93516800000003,Baja (Arabica)
Arabica,maria luisa del carmen rojas narvaez,Mexico,santa catarina juquila,10,1 kg,AMECAFE,"June 6th, 2012",Other,Washed / Wet,7.75,7.67,7.42,7.75,7.5,7.5,7.5,83.08,0.1,0,Green,1,1400.0,Media (Arabica)
Arabica,kona pacific farmers cooperative,United States (Hawaii),kona,7,100 lbs,Specialty Coffee Association,"April 6th, 2012",Hawaiian Kona,Natural / Dry,7.67,7.58,7.5,7.67,7.92,8.0,8.08,83.08,0.0,1,Blue-Green,4,157.93516800000003,Baja (Arabica)
Arabica,kona pacific farmers cooperative,United States (Hawaii),kona,6,100 lbs,Specialty Coffee Association,"February 23rd, 2012",Hawaiian Kona,Washed / Wet,7.33,7.58,7.58,7.92,7.67,7.58,7.42,83.08,0.12,0,Green,0,157.93516800000003,Baja (Arabica)
Arabica,racafe & cia s.c.a,Colombia,huila,275,70 kg,Almacafé,"July 29th, 2011",Caturra,Washed / Wet,7.33,7.33,7.33,7.58,7.25,8.08,8.17,83.08,0.01,0,Green,0,1775.0,Alta (Arabica)
Arabica,exportadora de cafe condor s.a,Colombia,cauca,250,70 kg,Almacafé,"February 22nd, 2011",Caturra,Washed / Wet,7.83,7.75,7.33,7.25,7.42,7.92,7.58,83.08,0.08,1,Green,3,1880.0,Premium (Arabica)
Arabica,specialty coffee association of indonesia,Indonesia,dolok sanggul,10,60 kg,Specialty Coffee Association of Indonesia,"November 29th, 2010",Other,Washed / Wet,7.67,7.58,7.5,7.58,7.67,7.58,7.5,83.08,0.0,0,Blue-Green,0,1350.0,Media (Arabica)
Arabica,chris finch,Guatemala,Other,275,69 kg,Specialty Coffee Association,"November 11th, 2010",Bourbon,Washed / Wet,7.92,7.67,7.67,7.25,7.83,7.67,7.75,83.08,0.02,0,Green,1,448.25716800000004,Baja (Arabica)
Arabica,ipanema coffees,Brazil,south of minas,320,60 kg,Brazil Specialty Coffee Association,"October 20th, 2017",Bourbon,Natural / Dry,7.58,7.5,7.5,7.75,7.67,7.5,7.5,83.0,0.0,0,Green,4,890.0,Baja (Arabica)
Arabica,ipanema coffees,Brazil,south of minas,320,60 kg,Brazil Specialty Coffee Association,"August 16th, 2016",Bourbon,Natural / Dry,7.5,7.58,7.58,7.67,7.58,7.5,7.58,83.0,0.11,0,Green,5,894.0,Baja (Arabica)
Arabica,ipanema coffees,Brazil,south of minas,320,60 kg,Brazil Specialty Coffee Association,"August 16th, 2016",Bourbon,Natural / Dry,7.5,7.67,7.58,7.67,7.58,7.42,7.58,83.0,0.11,0,Blue-Green,3,872.0,Baja (Arabica)
Arabica,ucfa,Uganda,"kasese, mt. rwenzori",310,60 kg,Uganda Coffee Development Authority,"July 18th, 2016",Bourbon,Washed / Wet,7.67,7.58,7.42,7.42,7.83,7.5,7.58,83.0,0.12,0,Green,6,1473.0,Media (Arabica)
Arabica,ucfa,Uganda,"kasese, mt. rwenzori",325,60 kg,Uganda Coffee Development Authority,"July 18th, 2016",Bourbon,Natural / Dry,7.67,7.67,7.5,7.58,7.42,7.5,7.67,83.0,0.12,0,Green,8,1645.0,Alta (Arabica)
Arabica,carcafe ltda ci,Colombia,huila,25,70 kg,Almacafé,"February 11th, 2016",Caturra,Washed / Wet,7.67,7.67,7.33,7.67,7.5,7.58,7.58,83.0,0.11,0,Green,4,442.0,Baja (Arabica)
Arabica,"sunvirtue co., ltd.",Vietnam,vietnam cau dat,2,2 kg,Specialty Coffee Association,"December 28th, 2015",Caturra,Other,7.75,7.67,7.58,7.58,7.42,7.67,8.0,83.0,0.0,0,Green,0,1550.0,Alta (Arabica)
Arabica,juan luis alvarado romero,Guatemala,nuevo oriente,275,69 kg,Asociacion Nacional Del Café,"July 8th, 2015",Catuai,Washed / Wet,7.67,7.75,7.33,7.92,7.42,7.5,7.42,83.0,0.11,0,Green,3,1550.0,Alta (Arabica)
Arabica,juan luis alvarado romero,Guatemala,"el tumbador, san marcos",200,69 kg,Asociacion Nacional Del Café,"June 5th, 2015",Catuai,Washed / Wet,7.75,7.67,7.33,7.75,7.5,7.42,7.58,83.0,0.11,0,Green,2,418.06368,Baja (Arabica)
Arabica,juan luis alvarado romero,Guatemala,antigua,250,69 kg,Asociacion Nacional Del Café,"April 23rd, 2015",Bourbon,Washed / Wet,7.83,7.67,7.25,7.67,7.75,7.5,7.33,83.0,0.11,0,Green,2,1500.0,Alta (Arabica)
Arabica,irene alves santos,Brazil,high mogiana,305,2 kg,Brazil Specialty Coffee Association,"February 13th, 2015",Catuai,Natural / Dry,7.67,7.67,7.67,7.5,7.42,7.5,7.58,83.0,0.0,0,Green,0,1000.0,Media (Arabica)
Arabica,cqi taiwan icp cqi台灣合作夥伴,Taiwan,嘉義阿里山,10,60 kg,Blossom Valley International,"November 23rd, 2014",Typica,Washed / Wet,7.92,7.92,7.83,7.58,7.33,7.25,7.17,83.0,0.08,0,Green,0,1200.0,Media (Arabica)
Arabica,star cafe ltd,Uganda,kapchorwa,300,60 kg,Uganda Coffee Development Authority,"June 26th, 2014",SL14,Washed / Wet,7.83,7.58,7.5,7.5,7.58,7.5,7.5,83.0,0.12,0,Green,0,1800.0,Premium (Arabica)
Arabica,german negron,United States (Puerto Rico),yauco region,17,5 lbs,Specialty Coffee Association,"June 9th, 2014",Other,Washed / Wet,7.67,7.5,7.67,7.83,7.75,7.83,7.42,83.0,0.0,0,Blue-Green,0,260.12851200000006,Baja (Arabica)
Arabica,juan luis alvarado romero,Guatemala,antigua,26,69 kg,Asociacion Nacional Del Café,"March 7th, 2014",Bourbon,Washed / Wet,7.67,7.67,7.42,7.83,7.5,7.5,7.42,83.0,0.1,1,Green,0,1500.0,Alta (Arabica)
Arabica,eric thormaehlen,Costa Rica,central valley,250,1 kg,Specialty Coffee Association of Costa Rica,"February 14th, 2014",Catuai,Washed / Wet,7.67,7.58,7.5,7.58,7.5,7.5,7.67,83.0,0.11,0,Green,3,1200.0,Media (Arabica)
Arabica,jacques pereira carneiro,Brazil,sul de minas,250,2 kg,Specialty Coffee Association,"January 2nd, 2014",Yellow Bourbon,Semi-Washed / Semi-Pulped,7.75,7.58,7.42,7.67,7.42,7.67,7.5,83.0,0.12,0,Blue-Green,4,1250.0,Media (Arabica)
Arabica,racafe & cia s.c.a,Colombia,huila,120,70 kg,Almacafé,"November 7th, 2013",Caturra,Washed / Wet,7.75,7.42,7.33,7.5,7.58,7.17,8.25,83.0,0.11,1,Green,1,1775.0,Alta (Arabica)
Arabica,exportadora de cafe condor s.a,Colombia,huila,250,70 kg,Almacafé,"August 2nd, 2013",Caturra,Washed / Wet,7.83,7.5,7.58,7.33,7.5,7.67,7.58,83.0,0.0,0,Green,0,1750.0,Alta (Arabica)
Arabica,carcafe ltda ci,Colombia,pitalito,250,70 kg,Almacafé,"March 15th, 2013",Caturra,Natural / Dry,7.33,7.67,7.75,7.42,7.75,7.58,7.5,83.0,0.11,0,Green,1,1000.0,Media (Arabica)
Arabica,carcafe ltda ci,Colombia,pitalito,250,70 kg,Almacafé,"April 26th, 2013",Caturra,Natural / Dry,7.58,7.75,7.42,7.67,7.58,7.42,7.58,83.0,0.0,0,Green,2,1000.0,Media (Arabica)
Arabica,racafe & cia s.c.a,Colombia,huila,275,70 kg,Almacafé,"October 23rd, 2012",Caturra,Washed / Wet,7.5,7.5,7.42,7.58,7.75,7.58,7.67,83.0,0.11,1,Green,2,1775.0,Alta (Arabica)
Arabica,rosa aurora falcon fernandez,Mexico,coatepec,15,1 kg,AMECAFE,"July 26th, 2012",Typica,Washed / Wet,7.67,7.58,7.42,7.5,7.67,7.58,7.58,83.0,0.11,0,Green,20,750.0,Baja (Arabica)
Arabica,santiago solis ayerdi,Mexico,atoyac de alvarez,20,1 kg,AMECAFE,"July 26th, 2012",Typica,Semi-Washed / Semi-Pulped,7.67,7.83,7.5,7.58,7.58,7.67,7.83,83.0,0.11,0,Green,7,1200.0,Media (Arabica)
Arabica,alfredo bojalil,Mexico,coatepec,250,1 kg,AMECAFE,"July 11th, 2012",Bourbon,Washed / Wet,7.5,7.67,7.5,7.5,7.58,7.58,7.67,83.0,0.11,5,Green,8,1200.0,Media (Arabica)
Arabica,exportadora de cafe condor s.a,Colombia,Other,250,70 kg,Almacafé,"May 22nd, 2012",Arusha,Natural / Dry,7.67,7.58,7.5,7.5,7.75,7.5,7.5,83.0,0.0,1,Green,4,1750.0,Alta (Arabica)
Arabica,exportadora de cafe condor s.a,Colombia,huila,250,70 kg,Almacafé,"May 11th, 2012",Caturra,Washed / Wet,7.75,7.58,7.5,7.67,7.83,7.75,7.58,83.0,0.0,0,Green,4,1625.0,Alta (Arabica)
Arabica,exportadora de cafe condor s.a,Colombia,huila,250,70 kg,Almacafé,"June 8th, 2012",Caturra,Washed / Wet,7.67,7.58,7.58,7.58,7.67,7.42,7.5,83.0,0.11,0,Green,0,1750.0,Alta (Arabica)
Arabica,juan luis alvarado romero,Guatemala,"la reforma, san marcos",275,1 kg,Asociacion Nacional Del Café,"April 27th, 2012",Bourbon,Washed / Wet,7.5,7.67,7.5,7.67,7.5,7.83,7.33,83.0,0.1,0,Green,2,418.06368,Baja (Arabica)
Arabica,racafe & cia s.c.a,Colombia,la plata,121,1 kg,Almacafé,"December 2nd, 2011",Caturra,Washed / Wet,7.67,7.67,7.58,7.5,7.67,7.42,7.5,83.0,0.12,0,Blue-Green,0,1775.0,Alta (Arabica)
Arabica,doi tung development project,Thailand,Other,1,60 kg,Specialty Coffee Association,"August 16th, 2011",Caturra,Washed / Wet,7.33,7.67,7.58,7.5,7.75,7.67,7.5,83.0,0.28,0,Blue-Green,0,800.0,Baja (Arabica)
Arabica,racafe & cia s.c.a,Colombia,cauca,300,70 kg,Almacafé,"May 12th, 2011",Caturra,Washed / Wet,7.33,7.67,7.58,7.33,7.58,7.92,7.58,83.0,0.08,0,Green,1,1450.0,Media (Arabica)
Arabica,kona pacific farmers cooperative,United States (Hawaii),Other,23,100 lbs,Specialty Coffee Association,"April 21st, 2011",Hawaiian Kona,Natural / Dry,7.83,7.83,7.67,7.83,7.92,7.83,8.08,83.0,0.0,0,Blue-Green,0,157.93516800000003,Baja (Arabica)
Arabica,kona pacific farmers cooperative,United States (Hawaii),Other,5,100 lbs,Specialty Coffee Association,"March 9th, 2011",Hawaiian Kona,Natural / Dry,7.5,7.58,7.42,7.58,7.58,7.67,7.67,83.0,0.0,0,Blue-Green,1,157.93516800000003,Baja (Arabica)
Arabica,exportadora de cafe condor s.a,Colombia,huila,250,70 kg,Almacafé,"February 1st, 2011",Caturra,Washed / Wet,7.5,7.58,7.67,7.67,7.58,7.58,7.42,83.0,0.06,0,Green,2,1800.0,Premium (Arabica)
Arabica,grounds for health admin,Nicaragua,matagalpa,2,6,Specialty Coffee Association,"May 31st, 2010",Caturra,Washed / Wet,7.58,7.83,7.75,7.92,7.92,8.08,7.92,83.0,0.07,0,Green,0,1100.0,Media (Arabica)
Arabica,doi tung development project,Thailand,Other,1,1 lbs,Specialty Coffee Association,"April 13th, 2010",Caturra,Washed / Wet,7.5,7.25,7.42,7.75,8.17,7.5,7.42,83.0,0.0,0,Blue-Green,0,800.0,Baja (Arabica)
Arabica,ipanema coffees,Brazil,south of minas,320,60 kg,Brazil Specialty Coffee Association,"October 20th, 2017",Bourbon,Natural / Dry,7.67,7.58,7.5,7.58,7.58,7.5,7.5,82.92,0.0,0,Green,0,890.0,Baja (Arabica)
Arabica,consejo salvadoreño del café,El Salvador,apaneca,100,69 kg,Salvadoran Coffee Council,"August 28th, 2017",Bourbon,Washed / Wet,7.5,7.5,7.75,7.58,7.92,7.83,7.5,82.92,0.0,0,Green,1,1350.0,Media (Arabica)
Arabica,racafe & cia s.c.a,Colombia,guayata,129,70 kg,Almacafé,"July 7th, 2017",Caturra,Washed / Wet,7.58,7.67,7.5,7.33,7.67,7.58,7.58,82.92,0.11,0,Green,1,1500.0,Alta (Arabica)
Arabica,"lin, che-hao krude 林哲豪",Taiwan,"dongshan dist., tainan city 臺南市東山區",10,20 kg,Specialty Coffee Association,"June 28th, 2016",Caturra,Natural / Dry,7.17,7.83,7.25,7.67,7.67,7.58,7.75,82.92,0.09,31,Green,0,350.0,Baja (Arabica)
Arabica,cqi taiwan icp cqi台灣合作夥伴,Ethiopia,"blida,kercha,guji,oromia",250,60 kg,Blossom Valley International,"February 26th, 2016",Ethiopian Heirlooms,Washed / Wet,7.58,7.58,7.5,7.5,7.58,7.58,7.58,82.92,0.0,1,Blue-Green,20,2000.0,Premium (Arabica)
Arabica,cqi taiwan icp cqi台灣合作夥伴,Taiwan,台東太麻里,11,2 kg,Blossom Valley International,"September 7th, 2015",Typica,Natural / Dry,7.5,7.58,7.67,7.33,7.5,7.75,7.58,82.92,0.0,0,Green,9,775.0,Baja (Arabica)
Arabica,renee a. perrine,Philippines,"bukidnon, mindanao, philppines",250,2 kg,Torch Coffee Lab Yunnan,"July 31st, 2015",Other,Washed / Wet,7.58,7.58,7.67,7.58,7.5,7.5,7.5,82.92,0.11,0,Blue-Green,1,1200.0,Media (Arabica)
Arabica,zarah zamora perez,Philippines,asia pacific,4,2 kg,Specialty Coffee Association,"July 21st, 2015",Other,Washed / Wet,8.08,7.5,7.67,7.42,7.33,7.5,7.42,82.92,0.0,0,Blue-Green,0,1600.0,Alta (Arabica)
Arabica,productos y servicios chilindron s.a. de c.v.,Mexico,cuarenteño,11,2 kg,Asociación Mexicana De Cafés y Cafeterías De Especialidad A.C.,"July 14th, 2015",Typica,Natural / Dry,7.83,7.67,7.25,7.58,7.5,7.5,7.58,82.92,0.13,0,Blue-Green,3,1059.0,Media (Arabica)
Arabica,andrew bowman,Mexico,chiapas,275,2 kg,Specialty Coffee Association,"June 11th, 2015",Bourbon,Washed / Wet,7.75,7.67,7.42,7.42,7.75,7.5,7.42,82.92,0.12,2,Blue-Green,8,1300.0,Media (Arabica)
Arabica,expocaccer coop dos cafeic do cerrado ltda,Brazil,cerrado,300,2 kg,Brazil Specialty Coffee Association,"August 15th, 2014",Moka Peaberry,Semi-Washed / Semi-Pulped,7.08,7.5,7.5,7.83,7.75,7.67,7.58,82.92,0.11,0,Green,16,11000.0,Premium (Arabica)
Arabica,kawacom uganda ltd,Uganda,eastern,1,60 kg,Uganda Coffee Development Authority,"June 27th, 2014",SL14,Washed / Wet,8.0,7.5,7.5,7.58,7.33,7.42,7.58,82.92,0.12,0,Green,0,1650.0,Alta (Arabica)
Arabica,nyapea coffee farmers association,Uganda,west nile,1,60 kg,Uganda Coffee Development Authority,"June 27th, 2014",SL14,Washed / Wet,7.75,7.58,7.58,7.5,7.5,7.5,7.5,82.92,0.12,0,Green,4,1400.0,Media (Arabica)
Arabica,juan luis alvarado romero,Guatemala,antigua,250,69 kg,Asociacion Nacional Del Café,"April 3rd, 2014",Bourbon,Washed / Wet,7.75,7.5,7.42,7.58,7.67,7.5,7.5,82.92,0.1,0,Green,1,1500.0,Alta (Arabica)
Arabica,juan luis alvarado romero,Guatemala,antigua,26,69 kg,Asociacion Nacional Del Café,"March 7th, 2014",Caturra,Natural / Dry,7.67,7.83,7.42,7.5,7.33,7.5,7.67,82.92,0.1,0,Green,2,1500.0,Alta (Arabica)
Arabica,rob tuttle,Guatemala,Other,1,2 kg,Specialty Coffee Association,"December 27th, 2013",Bourbon,Washed / Wet,7.58,7.58,7.25,7.58,7.58,7.58,7.75,82.92,0.1,0,Green,4,448.25716800000004,Baja (Arabica)
Arabica,racafe & cia s.c.a,Colombia,huila,250,70 kg,Almacafé,"September 13th, 2013",Caturra,Washed / Wet,7.58,7.5,7.75,7.33,7.58,7.58,7.58,82.92,0.11,0,Green,2,1900.0,Premium (Arabica)
Arabica,exportadora de cafe condor s.a,Colombia,huila,250,70 kg,Almacafé,"March 20th, 2013",Caturra,Natural / Dry,7.75,7.5,7.25,7.5,7.75,7.5,7.67,82.92,0.0,0,Blue-Green,0,1750.0,Alta (Arabica)
Arabica,juan luis alvarado romero,Guatemala,huehuetenango,250,69 kg,Asociacion Nacional Del Café,"March 11th, 2013",Bourbon,Washed / Wet,7.83,7.75,7.25,7.92,7.5,7.17,7.5,82.92,0.11,0,Green,2,520.2570240000001,Baja (Arabica)
Arabica,olam agro colombia,Colombia,antioquia,250,70 kg,Almacafé,"January 22nd, 2013",Other,Washed / Wet,7.83,7.67,7.42,7.42,7.5,7.58,7.5,82.92,0.11,3,Green,5,1450.0,Media (Arabica)
Arabica,maria guadalupe gomez anzo,Mexico,petatlan,15,1 kg,AMECAFE,"July 26th, 2012",Typica,Natural / Dry,7.58,7.58,7.33,7.25,7.58,7.75,7.83,82.92,0.1,0,Green,4,1248.0,Media (Arabica)
Arabica,royal base corporation,Vietnam,don duong,1,2 kg,Specialty Coffee Association,"July 20th, 2012",Other,Natural / Dry,7.67,7.33,7.17,7.58,8.08,7.42,7.67,82.92,0.0,0,Green,17,1040.0,Media (Arabica)
Arabica,veronica lopez castillejos,Mexico,la cumbre,100,1 kg,AMECAFE,"March 5th, 2012",Typica,Washed / Wet,8.0,7.92,7.67,7.17,7.67,7.42,7.75,82.92,0.14,1,Green,4,1400.0,Media (Arabica)
Arabica,kona pacific farmers cooperative,United States (Hawaii),kona,8,100 lbs,Specialty Coffee Association,"February 23rd, 2012",Hawaiian Kona,Washed / Wet,7.5,7.5,7.5,7.42,7.67,7.83,7.5,82.92,0.1,0,Green,0,157.93516800000003,Baja (Arabica)
Arabica,racafe & cia s.c.a,Colombia,cauca,250,70 kg,Almacafé,"July 19th, 2011",Caturra,Washed / Wet,7.5,7.75,7.33,7.75,7.08,7.83,7.67,82.92,0.15,0,Green,0,1450.0,Media (Arabica)
Arabica,doi tung development project,Thailand,Other,2,1 lbs,Specialty Coffee Association,"April 13th, 2010",Caturra,Washed / Wet,7.42,7.58,7.5,7.17,7.5,8.0,7.75,82.92,0.0,0,Blue-Green,0,800.0,Baja (Arabica)
Arabica,jungle estate,Kenya,nyeri,27,50 kg,Kenya Coffee Traders Association,"October 13th, 2017",SL28,Washed / Wet,7.75,7.58,7.42,7.58,7.5,7.5,7.5,82.83,0.1,0,Green,3,1754.0,Alta (Arabica)
Arabica,juan luis alvarado romero,Guatemala,san marcos,50,69 kg,Asociacion Nacional Del Café,"June 22nd, 2017",Bourbon,Washed / Wet,7.5,7.58,7.33,7.67,7.58,7.58,7.58,82.83,0.11,1,Green,2,1700.0,Alta (Arabica)
Arabica,ipanema coffees,Brazil,south of minas,320,60 kg,Brazil Specialty Coffee Association,"February 6th, 2017",Yellow Bourbon,Pulped Natural / Honey,7.67,7.58,7.58,7.5,7.5,7.42,7.58,82.83,0.11,0,Blue-Green,2,905.0,Baja (Arabica)
Arabica,consejo salvadoreño del café,El Salvador,"el balsamo, quezaltepec",275,69 kg,Salvadoran Coffee Council,"April 8th, 2016",Pacas,Washed / Wet,7.33,7.67,7.67,7.83,7.33,7.67,7.33,82.83,0.0,0,Green,4,1250.0,Media (Arabica)
Arabica,samuel muhirwa,Rwanda,gicumbi,150,60 kg,Specialty Coffee Association,"March 25th, 2016",Bourbon,Washed / Wet,7.83,7.92,7.75,7.83,7.75,7.75,8.0,82.83,0.11,0,Blue-Green,0,1900.0,Premium (Arabica)
Arabica,"sunvirtue co., ltd.",Vietnam,vietnam tutra,3,2 kg,Specialty Coffee Association,"January 19th, 2016",Other,Other,7.25,7.58,7.5,7.42,7.75,7.42,7.92,82.83,0.11,11,Green,0,1040.0,Media (Arabica)
Arabica,juan luis alvarado romero,Guatemala,oriente,80,69 kg,Asociacion Nacional Del Café,"July 20th, 2015",Bourbon,Washed / Wet,7.58,7.58,7.33,7.67,7.67,7.5,7.5,82.83,0.11,0,Green,2,371.61216,Baja (Arabica)
Arabica,cafebras,Brazil,cerrado,300,60 kg,Brazil Specialty Coffee Association,"May 26th, 2015",Catuai,Natural / Dry,7.58,7.83,7.33,7.67,7.42,7.33,7.67,82.83,0.12,2,Green,6,900.0,Baja (Arabica)
Arabica,essencecoffee,Colombia,huila,100,24 kg,Blossom Valley International,"March 21st, 2015",Other,Washed / Wet,7.83,7.67,7.5,7.58,7.5,7.67,7.08,82.83,0.0,0,Green,1,1600.0,Alta (Arabica)
Arabica,joshua marsceau,United States,berastagi,300,60 kg,Specialty Coffee Association,"February 20th, 2015",Other,Other,7.42,7.58,7.25,7.5,7.75,7.75,7.58,82.83,0.0,0,Other,9,1200.0,Media (Arabica)
Arabica,juan luis alvarado romero,Guatemala,antigua,250,69 kg,Asociacion Nacional Del Café,"March 24th, 2014",Bourbon,Washed / Wet,7.67,7.67,7.75,7.67,7.42,7.17,7.5,82.83,0.1,0,Green,4,1500.0,Alta (Arabica)
Arabica,"coffeebythebag.com , inc",Colombia,santander,40,1 kg,Almacafé,"January 20th, 2014",Typica,Natural / Dry,7.5,7.42,7.58,7.5,7.58,7.58,7.67,82.83,0.0,4,Green,4,1800.0,Premium (Arabica)
Arabica,racafe & cia s.c.a,Colombia,huila,125,70 kg,Almacafé,"May 10th, 2013",Caturra,Washed / Wet,7.83,7.5,7.5,7.42,7.5,7.5,7.58,82.83,0.11,0,Green,3,1775.0,Alta (Arabica)
Arabica,edwin agasso,"Tanzania, United Republic Of",arusha,300,2 kg,Tanzanian Coffee Board,"April 19th, 2013",Arusha,Washed / Wet,7.67,7.5,7.33,7.25,7.58,7.75,7.75,82.83,0.11,0,Green,5,1400.0,Media (Arabica)
Arabica,armando luis pohlenz martinez,Mexico,la concordia,250,1 kg,AMECAFE,"August 30th, 2012",Caturra,Washed / Wet,7.58,7.67,7.5,7.58,7.5,7.5,7.5,82.83,0.12,2,Green,10,1550.0,Alta (Arabica)
Arabica,alfredo bojalil,Mexico,veracruz,250,1 kg,AMECAFE,"July 11th, 2012",Bourbon,Washed / Wet,7.67,7.58,7.42,7.75,7.42,7.42,7.58,82.83,0.12,0,Blue-Green,7,1250.0,Media (Arabica)
Arabica,juan luis alvarado romero,Guatemala,oriente,250,1 kg,Asociacion Nacional Del Café,"July 9th, 2012",Bourbon,Washed / Wet,7.67,7.67,7.33,7.5,7.33,7.92,7.42,82.83,0.11,0,Green,10,399.48307200000005,Baja (Arabica)
Arabica,alfredo bojalil,Mexico,la concordia,250,1 kg,AMECAFE,"June 6th, 2012",Typica,Washed / Wet,7.58,7.58,7.5,7.42,7.67,7.58,7.5,82.83,0.11,0,Green,2,1380.0,Media (Arabica)
Arabica,the coffee source inc.,El Salvador,santa ana,250,69 kg,Specialty Coffee Association,"August 23rd, 2011",Bourbon,Washed / Wet,7.75,7.58,7.75,7.75,7.25,7.5,7.25,82.83,0.0,1,Green,3,1200.0,Media (Arabica)
Arabica,juan luis alvarado romero,Guatemala,santa rosa,275,69 kg,Asociacion Nacional Del Café,"January 9th, 2018",Caturra,Washed / Wet,7.5,7.58,7.42,7.67,7.58,7.5,7.5,82.75,0.1,0,Green,3,1100.0,Media (Arabica)
Arabica,juan luis alvarado romero,Guatemala,santa rosa,275,69 kg,Asociacion Nacional Del Café,"October 17th, 2017",Caturra,Washed / Wet,7.58,7.67,7.5,7.58,7.5,7.42,7.5,82.75,0.11,0,Green,8,1800.0,Premium (Arabica)
Arabica,juan luis alvarado romero,Guatemala,san marcos,50,69 kg,Asociacion Nacional Del Café,"September 19th, 2017",Bourbon,Washed / Wet,7.5,7.67,7.17,7.67,7.67,7.58,7.5,82.75,0.11,0,Green,4,1700.0,Alta (Arabica)
Arabica,juan luis alvarado romero,Guatemala,santa rosa,50,69 kg,Asociacion Nacional Del Café,"September 8th, 2017",Bourbon,Washed / Wet,7.5,7.5,7.42,7.58,7.67,7.5,7.58,82.75,0.1,0,Green,1,371.61216,Baja (Arabica)
Arabica,juan luis alvarado romero,Guatemala,oriente,25,69 kg,Asociacion Nacional Del Café,"August 22nd, 2017",Bourbon,Washed / Wet,7.42,7.58,7.42,7.67,7.5,7.5,7.67,82.75,0.1,0,Green,1,371.61216,Baja (Arabica)
Arabica,sanjava coffee,Indonesia,sapan toraja,2,1 kg,Specialty Coffee Association of Indonesia,"August 8th, 2017",Sulawesi,Other,7.5,7.58,7.42,7.58,7.58,7.5,7.58,82.75,0.12,0,Blue-Green,15,1500.0,Alta (Arabica)
Arabica,juan luis alvarado romero,Guatemala,el progreso,25,69 kg,Asociacion Nacional Del Café,"June 1st, 2017",Bourbon,Washed / Wet,7.58,7.58,7.33,7.58,7.33,7.67,7.67,82.75,0.12,0,Green,0,48.12377472000001,Baja (Arabica)
Arabica,"lin, che-hao krude 林哲豪",Taiwan,"台南市東山區( dongshan dist., tainan city)",8,10 kg,Specialty Coffee Association,"June 1st, 2017",Yellow Bourbon,Natural / Dry,7.83,7.67,7.33,7.67,7.58,7.67,7.67,82.75,0.0,0,Green,0,650.0,Baja (Arabica)
Arabica,consejo salvadoreño del café,El Salvador,cacahuatique,275,69 kg,Salvadoran Coffee Council,"May 8th, 2017",Bourbon,Washed / Wet,7.67,7.67,7.17,7.33,7.58,7.67,7.67,82.75,0.0,0,Green,4,1250.0,Media (Arabica)
Arabica,"ceca, s.a.",Costa Rica,tarrazu,250,69 kg,Specialty Coffee Association of Costa Rica,"April 28th, 2017",Caturra,Washed / Wet,7.58,7.5,7.42,7.67,7.42,7.5,7.67,82.75,0.09,0,Blue-Green,1,1850.0,Premium (Arabica)
Arabica,bismarck castro,Honduras,comayagua,275,69 kg,Instituto Hondureño del Café,"April 6th, 2017",Caturra,Natural / Dry,7.58,7.5,7.42,7.58,7.5,7.5,7.67,82.75,0.09,0,Green,6,1400.0,Media (Arabica)
Arabica,ipanema coffees,Brazil,south of minas,320,60 kg,Brazil Specialty Coffee Association,"April 25th, 2016",Yellow Bourbon,Pulped Natural / Honey,7.5,7.5,7.58,7.5,7.58,7.58,7.5,82.75,0.11,0,Blue-Green,1,905.0,Baja (Arabica)
Arabica,yunnan coffee exchange,China,yunnan,3,60 kg,Yunnan Coffee Exchange,"April 6th, 2016",Catimor,Natural / Dry,7.67,7.5,7.33,7.33,7.67,7.67,7.58,82.75,0.1,0,Green,0,1100.0,Media (Arabica)
Arabica,yunnan coffee exchange,China,menglian,3,60 kg,Yunnan Coffee Exchange,"April 5th, 2016",Catimor,Washed / Wet,7.5,7.67,7.42,7.67,7.5,7.5,7.5,82.75,0.11,0,Green,2,1500.0,Alta (Arabica)
Arabica,racafe & cia s.c.a,Colombia,huila,250,70 kg,Almacafé,"November 7th, 2014",Caturra,Washed / Wet,7.5,7.58,7.58,7.75,7.33,7.5,7.5,82.75,0.0,0,Blue-Green,2,1775.0,Alta (Arabica)
Arabica,afca,Malawi,mzuzu,29,60 kg,Africa Fine Coffee Association,"November 4th, 2014",Gesha,Washed / Wet,7.75,7.58,7.42,7.5,7.33,7.5,7.67,82.75,0.12,0,Blue-Green,0,1442.0,Media (Arabica)
Arabica,juan luis alvarado romero,Guatemala,jalapa,250,69 kg,Asociacion Nacional Del Café,"June 16th, 2014",Pacas,Washed / Wet,7.75,7.42,7.25,7.75,7.5,7.67,7.42,82.75,0.13,0,Green,2,464.51520000000005,Baja (Arabica)
Arabica,coffee export,Colombia,huila,275,1 kg,Almacafé,"May 27th, 2014",Typica,Washed / Wet,7.67,7.42,7.42,7.58,7.33,7.67,7.67,82.75,0.12,0,Green,0,165.0,Baja (Arabica)
Arabica,eileen koyanagi,United States (Hawaii),kona,10,80 lbs,Specialty Coffee Association,"February 5th, 2014",Hawaiian Kona,Natural / Dry,7.67,7.58,7.42,7.83,7.33,7.5,7.42,82.75,0.1,6,Blue-Green,0,157.93516800000003,Baja (Arabica)
Arabica,eileen koyanagi,United States (Hawaii),kona,6,100 lbs,Specialty Coffee Association,"February 4th, 2014",Hawaiian Kona,Natural / Dry,7.58,7.83,7.75,7.75,7.42,8.0,7.75,82.75,0.1,0,Green,0,157.93516800000003,Baja (Arabica)
Arabica,the coffee source inc.,Colombia,antioquia,250,1 kg,Specialty Coffee Association of Costa Rica,"January 21st, 2014",Caturra,Washed / Wet,7.58,7.33,7.17,7.33,7.25,8.58,7.5,82.75,0.1,0,Green,2,1300.0,Media (Arabica)
Arabica,nestor mendez gomez,Mexico,chiapas,32,1 kg,AMECAFE,"March 29th, 2013",Typica,Washed / Wet,7.58,7.58,7.5,7.5,7.5,7.5,7.58,82.75,0.12,0,Green,6,1550.0,Alta (Arabica)
Arabica,sergio de la vequia bernardi,Mexico,veracruz,250,1 kg,AMECAFE,"July 11th, 2012",Typica,Washed / Wet,7.58,7.58,7.33,7.75,7.25,7.58,7.67,82.75,0.12,0,Green,0,1200.0,Media (Arabica)
Arabica,romulo bello flores,Mexico,atoyac de alvarez,21,1 kg,AMECAFE,"June 6th, 2012",Typica,Natural / Dry,8.08,8.17,8.0,8.0,7.83,7.92,8.08,82.75,0.12,1,Green,4,1200.0,Media (Arabica)
Arabica,Desconocido,Colombia,south huila,250,70 kg,Almacafé,"April 11th, 2012",Caturra,Washed / Wet,7.5,7.58,7.42,7.67,7.5,7.58,7.5,82.75,0.0,0,Blue-Green,0,1625.0,Alta (Arabica)
Arabica,racafe & cia s.c.a,Colombia,huila,100,70 kg,Almacafé,"March 5th, 2012",Caturra,Washed / Wet,7.67,7.58,7.58,7.58,7.5,7.42,7.42,82.75,0.11,0,Green,3,1775.0,Alta (Arabica)
Arabica,kona pacific farmers cooperative,United States (Hawaii),kona,6,100 lbs,Specialty Coffee Association,"February 23rd, 2012",Hawaiian Kona,Washed / Wet,7.25,7.75,7.5,7.83,7.67,7.67,7.75,82.75,0.12,0,Green,0,157.93516800000003,Baja (Arabica)
Arabica,rachel peterson,Panama,boquete,300,2 kg,Specialty Coffee Association,"February 23rd, 2012",Catuai,Washed / Wet,7.42,7.42,7.5,7.58,7.5,7.75,7.58,82.75,0.0,0,Green,4,1100.0,Media (Arabica)
Arabica,kona pacific farmers cooperative,United States (Hawaii),kona,14,1,Specialty Coffee Association,"June 29th, 2010",Hawaiian Kona,Natural / Dry,7.75,7.67,7.5,7.83,7.17,7.42,7.42,82.75,0.0,0,Blue-Green,2,157.93516800000003,Baja (Arabica)
Arabica,ipanema coffees,Brazil,south of minas,320,60 kg,Brazil Specialty Coffee Association,"October 20th, 2017",Bourbon,Natural / Dry,7.5,7.58,7.25,7.75,7.58,7.5,7.5,82.67,0.0,0,Green,4,890.0,Baja (Arabica)
Arabica,ipanema coffees,Brazil,south of minas,320,60 kg,Brazil Specialty Coffee Association,"August 16th, 2016",Bourbon,Natural / Dry,7.5,7.58,7.5,7.67,7.5,7.42,7.5,82.67,0.11,0,Blue-Green,3,934.0,Baja (Arabica)
Arabica,cqi taiwan icp cqi台灣合作夥伴,Laos,"paksong,laos",60,50 kg,Blossom Valley International,"June 2nd, 2016",Catimor,Washed / Wet,7.67,7.67,7.42,7.42,7.42,7.5,7.58,82.67,0.13,0,Blue-Green,0,1300.0,Media (Arabica)
Arabica,consejo salvadoreño del café,El Salvador,"el balsamo, quezaltepec",275,69 kg,Salvadoran Coffee Council,"March 29th, 2016",Pacas,Washed / Wet,7.67,7.67,7.67,7.67,7.5,7.67,7.5,82.67,0.0,0,Green,7,1200.0,Media (Arabica)
Arabica,josé luis rojas yeo,Mexico,veracruz,8,8 kg,Centro Agroecológico del Café A.C.,"February 25th, 2016",Typica,Washed / Wet,7.5,7.67,7.42,7.75,7.42,7.17,7.75,82.67,0.11,0,Green,3,1300.0,Media (Arabica)
Arabica,federacion nacional de cafeteros,Colombia,huila,1,2 kg,Almacafé,"November 3rd, 2015",Caturra,Washed / Wet,7.75,7.5,7.33,7.58,7.33,7.75,7.42,82.67,0.0,1,Green,9,1750.0,Alta (Arabica)
Arabica,ipanema coffees,Brazil,south of minas,320,2 kg,Brazil Specialty Coffee Association,"October 8th, 2015",Yellow Bourbon,Natural / Dry,7.58,7.5,7.42,7.67,7.5,7.5,7.5,82.67,0.0,0,Green,0,1.0,Baja (Arabica)
Arabica,bourbon specialty coffees,Brazil,monte carmelo,300,60 kg,Brazil Specialty Coffee Association,"January 15th, 2015",Catuai,Natural / Dry,7.33,7.5,7.58,7.58,7.67,7.5,7.5,82.67,0.12,0,Green,9,1000.0,Media (Arabica)
Arabica,nitin coffee estate,"Tanzania, United Republic Of",karatu arusha,93,60 kg,Africa Fine Coffee Association,"December 18th, 2014",Other,Washed / Wet,7.5,7.5,7.5,7.5,7.5,7.58,7.58,82.67,0.12,0,Green,0,1700.0,Alta (Arabica)
Arabica,taylor winch (t) ltd,"Tanzania, United Republic Of",mbinga,77,60 kg,Africa Fine Coffee Association,"December 15th, 2014",Bourbon,Washed / Wet,7.58,7.5,7.5,7.58,7.33,7.58,7.58,82.67,0.12,0,Green,4,1550.0,Alta (Arabica)
Arabica,cqi taiwan icp cqi台灣合作夥伴,Taiwan,嘉義阿里山,10,60 kg,Blossom Valley International,"November 23rd, 2014",Typica,Washed / Wet,8.0,7.83,7.83,7.42,7.25,7.25,7.08,82.67,0.08,0,Green,0,1200.0,Media (Arabica)
Arabica,productos y servicios chilindron s.a. de c.v.,Mexico,la yerba,11,1 kg,AMECAFE,"August 15th, 2014",Typica,Natural / Dry,7.67,7.58,7.42,7.5,7.42,7.5,7.58,82.67,0.11,0,Green,0,1296.0,Media (Arabica)
Arabica,kawacom uganda ltd,Uganda,mt elgon,1,60 kg,Uganda Coffee Development Authority,"June 25th, 2014",SL14,Washed / Wet,7.67,7.5,7.33,7.67,7.5,7.5,7.5,82.67,0.12,0,Green,0,1650.0,Alta (Arabica)
Arabica,cqi taiwan icp cqi台灣合作夥伴,Taiwan,chiayi alishan 嘉義縣阿里山鄉,10,30 kg,Blossom Valley International,"December 26th, 2013",Typica,Washed / Wet,7.67,7.5,7.5,7.5,7.5,7.5,7.5,82.67,0.11,0,Green,0,1240.0,Media (Arabica)
Arabica,松澤宏樹 koju matsuzawa,Thailand,phahi,300,60 kg,Specialty Coffee Institute of Asia,"September 3rd, 2013",Caturra,Washed / Wet,7.42,7.5,7.5,7.67,7.58,7.5,7.5,82.67,0.11,0,Blue-Green,0,1500.0,Alta (Arabica)
Arabica,exportadora de cafe condor s.a,Colombia,huila,250,70 kg,Almacafé,"January 22nd, 2013",Caturra,Washed / Wet,7.75,7.58,7.67,7.25,7.58,7.42,7.42,82.67,0.11,0,Blue-Green,3,1800.0,Premium (Arabica)
Arabica,adam kline,El Salvador,Other,288,1 kg,Specialty Coffee Association,"August 17th, 2012",Other,Washed / Wet,7.92,8.0,7.5,6.75,7.92,7.58,7.67,82.67,0.0,0,Green,17,1350.0,Media (Arabica)
Arabica,juan luis alvarado romero,Guatemala,antigua,275,69 kg,Asociacion Nacional Del Café,"July 17th, 2012",Caturra,Washed / Wet,7.67,7.67,7.17,7.67,7.5,7.5,7.5,82.67,0.11,0,Green,0,1500.0,Alta (Arabica)
Arabica,doi tung development project,Thailand,thailand,2,1 kg,Specialty Coffee Association,"June 13th, 2012",Other,Washed / Wet,7.83,7.33,7.83,7.33,7.58,7.83,7.58,82.67,0.12,0,Blue-Green,0,800.0,Baja (Arabica)
Arabica,montegrande,Mexico,Other,36,1 kg,AMECAFE,"June 6th, 2012",Other,Washed / Wet,7.58,7.58,7.42,7.58,7.42,7.5,7.58,82.67,0.11,0,Green,2,1100.0,Media (Arabica)
Arabica,grupo cafetalero los brujos spr de rl,Mexico,mahuixtlan,23,1 kg,AMECAFE,"June 6th, 2012",Typica,Washed / Wet,7.5,7.58,7.58,7.58,7.42,7.42,7.58,82.67,0.12,0,Green,0,950.0,Baja (Arabica)
Arabica,george a. fernandez,Colombia,52 narino (exact location: mattituy; municipal region: florida code 381,1,1 kg,Specialty Coffee Association,"November 16th, 2011",Caturra,Washed / Wet,7.33,7.58,7.42,7.42,7.67,7.67,7.58,82.67,0.11,0,Green,0,3850.0,Premium (Arabica)
Arabica,kona pacific farmers cooperative,United States (Hawaii),kona,37,100 lbs,Specialty Coffee Association,"September 20th, 2011",Hawaiian Kona,Natural / Dry,7.83,7.67,7.5,7.67,7.5,7.58,7.58,82.67,0.03,2,Blue-Green,0,157.93516800000003,Baja (Arabica)
Arabica,young kim,Mexico,mexico,1,1 kg,Specialty Coffee Association,"April 6th, 2011",Blue Mountain,Washed / Wet,7.75,7.58,7.25,7.75,7.67,7.58,7.08,82.67,0.0,0,Green,1,1400.0,Media (Arabica)
Arabica,exportadora de cafe condor s.a,Colombia,huila,250,70 kg,Almacafé,"February 9th, 2011",Caturra,Washed / Wet,8.08,7.67,7.67,7.33,7.33,7.17,7.42,82.67,0.08,0,Green,3,1800.0,Premium (Arabica)
Arabica,racafe & cia s.c.a,Colombia,Other,270,70 kg,Almacafé,"September 3rd, 2010",Caturra,Washed / Wet,7.5,7.42,7.33,7.33,7.67,7.83,7.58,82.67,0.21,0,Green,2,1750.0,Alta (Arabica)
Arabica,juan luis alvarado romero,Guatemala,oriente,25,69 kg,Asociacion Nacional Del Café,"September 8th, 2017",Bourbon,Washed / Wet,7.5,7.42,7.42,7.75,7.5,7.5,7.5,82.58,0.1,0,Green,2,371.61216,Baja (Arabica)
Arabica,"lin, che-hao krude 林哲豪",Taiwan,國姓鄉 guoshing township,6,5 kg,Specialty Coffee Association,"August 22nd, 2017",Typica,Pulped Natural / Honey,7.67,7.42,7.5,7.42,7.58,7.5,7.5,82.58,0.11,0,Green,0,1050.0,Media (Arabica)
Arabica,gabriel barbara,Brazil,south of minas,198,59 kg,Brazil Specialty Coffee Association,"April 19th, 2017",Bourbon,Pulped Natural / Honey,7.5,7.58,7.42,7.5,7.75,7.33,7.5,82.58,0.11,0,Green,7,1000.0,Media (Arabica)
Arabica,cqi taiwan icp cqi台灣合作夥伴,Taiwan,changhua baguashan 彰化市八卦山,1,10 kg,Blossom Valley International,"February 13th, 2017",Typica,Washed / Wet,7.25,7.25,7.0,7.08,7.0,7.0,10.0,82.58,0.11,0,Blue-Green,0,200.0,Baja (Arabica)
Arabica,bourbon specialty coffees,Brazil,campos altos - cerrado,300,60 kg,Brazil Specialty Coffee Association,"December 28th, 2015",Bourbon,Natural / Dry,7.42,7.42,7.5,7.33,7.25,7.67,8.0,82.58,0.0,1,Green,2,1000.0,Media (Arabica)
Arabica,andry simarmata,Indonesia,aceh,150,2 kg,Torch Coffee Lab Yunnan,"September 15th, 2015",Typica,Semi-Washed / Semi-Pulped,7.83,7.58,7.42,7.33,7.42,7.5,7.5,82.58,0.13,0,Blue-Green,6,1250.0,Media (Arabica)
Arabica,doi tung development project,Thailand,thailand,1,1 kg,Specialty Coffee Association,"June 9th, 2015",Caturra,Washed / Wet,7.75,7.33,7.42,7.67,7.42,7.5,7.5,82.58,0.12,0,Green,0,800.0,Baja (Arabica)
Arabica,松澤宏樹 koju matsuzawa,Thailand,chiangrai,50,20 kg,Specialty Coffee Institute of Asia,"February 15th, 2015",Caturra,Washed / Wet,7.42,7.58,7.58,7.42,7.58,7.5,7.5,82.58,0.12,0,Blue-Green,1,1450.0,Media (Arabica)
Arabica,tembo coffee company ltd,"Tanzania, United Republic Of",ikand village,10,60 kg,Africa Fine Coffee Association,"December 12th, 2014",Other,Washed / Wet,7.75,7.42,7.33,7.5,7.58,7.5,7.5,82.58,0.12,0,Green,1,1317.0,Media (Arabica)
Arabica,kawacom uganda ltd,Uganda,eastern,1,60 kg,Uganda Coffee Development Authority,"June 30th, 2014",SL14,Natural / Dry,7.83,7.5,7.42,7.58,7.42,7.42,7.42,82.58,0.12,0,Green,0,1650.0,Alta (Arabica)
Arabica,eric thormaehlen,Costa Rica,central valley,250,1 kg,Specialty Coffee Association of Costa Rica,"May 9th, 2014",Catuai,Washed / Wet,7.67,7.42,7.5,7.67,7.0,7.75,7.58,82.58,0.11,0,Green,3,1300.0,Media (Arabica)
Arabica,dane loraas,Mexico,veracruz,320,5 lbs,Specialty Coffee Association,"April 18th, 2014",Typica,Washed / Wet,7.58,7.58,7.42,7.75,7.67,7.67,7.58,82.58,0.0,0,Green,11,1250.0,Media (Arabica)
Arabica,brent hall,Guatemala,Other,1,2 kg,Specialty Coffee Association,"December 10th, 2013",Bourbon,Natural / Dry,7.5,7.58,7.42,7.58,7.42,7.58,7.5,82.58,0.0,0,Blue-Green,4,448.25716800000004,Baja (Arabica)
Arabica,exportadora de cafe condor s.a,Colombia,huila,250,70 kg,Almacafé,"April 16th, 2013",Caturra,Washed / Wet,7.75,7.25,7.33,7.42,7.5,7.83,7.5,82.58,0.11,0,Blue-Green,3,1750.0,Alta (Arabica)
Arabica,exportadora de cafe condor s.a,Colombia,huila,250,70 kg,Almacafé,"October 9th, 2012",Caturra,Washed / Wet,7.75,7.5,7.75,7.25,7.33,7.58,7.42,82.58,0.11,0,Green,3,1750.0,Alta (Arabica)
Arabica,exportadora de cafe condor s.a,Colombia,huila,250,70 kg,Almacafé,"February 27th, 2013",Caturra,Washed / Wet,7.58,7.5,7.42,7.58,7.67,7.42,7.42,82.58,0.11,0,Green,0,1750.0,Alta (Arabica)
Arabica,guillermo rojas saldana,Mexico,oaxaca,50,1 kg,AMECAFE,"September 4th, 2012",Typica,Washed / Wet,7.5,7.58,7.5,7.5,7.42,7.5,7.58,82.58,0.1,0,Green,6,1250.0,Media (Arabica)
Arabica,organizaciones de productores de cafe colimense,Mexico,colima,70,1 kg,AMECAFE,"July 2nd, 2012",Typica,Washed / Wet,7.67,7.58,7.58,7.75,7.67,6.83,7.5,82.58,0.12,0,Green,0,1150.0,Media (Arabica)
Arabica,racafe & cia s.c.a,Colombia,huila,275,70 kg,Almacafé,"June 13th, 2012",Caturra,Washed / Wet,7.33,7.42,7.58,7.42,7.67,7.5,7.67,82.58,0.11,2,Green,2,1775.0,Alta (Arabica)
Arabica,nucoffee,Brazil,south of minas,42,60 kg,NUCOFFEE,"October 28th, 2011",Mundo Novo,Natural / Dry,7.58,7.5,7.33,7.75,7.5,7.5,7.42,82.58,0.0,0,Green,4,975.0,Baja (Arabica)
Arabica,ipanema coffees,Brazil,south of minas,320,60 kg,Brazil Specialty Coffee Association,"October 20th, 2017",Bourbon,Natural / Dry,7.5,7.5,7.5,7.5,7.58,7.5,7.42,82.5,0.11,0,Green,4,890.0,Baja (Arabica)
Arabica,sanjava coffee,Indonesia,bali,2,1 kg,Specialty Coffee Association of Indonesia,"September 4th, 2017",Other,Washed / Wet,7.83,7.75,7.25,7.5,7.42,7.33,7.42,82.5,0.11,0,Green,5,1250.0,Media (Arabica)
Arabica,elsy reyes,Honduras,comayagua,275,69 kg,Instituto Hondureño del Café,"June 3rd, 2017",Caturra,Washed / Wet,7.58,7.58,7.33,7.5,7.5,7.5,7.5,82.5,0.1,0,Green,4,1400.0,Media (Arabica)
Arabica,juan luis alvarado romero,Guatemala,oriente,50,69 kg,Asociacion Nacional Del Café,"March 16th, 2016",Bourbon,Washed / Wet,7.5,7.5,7.33,7.5,7.67,7.5,7.5,82.5,0.1,0,Green,2,371.61216,Baja (Arabica)
Arabica,doi tung development project,Thailand,thailand,1,1 kg,Specialty Coffee Association,"June 9th, 2015",Caturra,Washed / Wet,7.5,7.83,7.5,7.75,7.33,7.42,7.83,82.5,0.12,0,Green,0,800.0,Baja (Arabica)
Arabica,松澤宏樹 koju matsuzawa,Thailand,chiangrai,50,20 kg,Specialty Coffee Institute of Asia,"February 15th, 2015",Caturra,Washed / Wet,7.33,7.5,7.5,7.5,7.67,7.5,7.5,82.5,0.11,0,Blue-Green,0,1450.0,Media (Arabica)
Arabica,shah plantations,"Tanzania, United Republic Of",karatu arusha,37,60 kg,Africa Fine Coffee Association,"December 18th, 2014",Other,Washed / Wet,7.67,7.42,7.33,7.58,7.5,7.5,7.5,82.5,0.12,0,Green,1,1600.0,Alta (Arabica)
Arabica,amkeni gourmet coffee group,"Tanzania, United Republic Of",moshi,5,60 kg,Africa Fine Coffee Association,"December 12th, 2014",Other,Washed / Wet,7.75,7.0,7.42,7.58,7.58,7.58,7.58,82.5,0.12,0,Blue-Green,3,1600.0,Alta (Arabica)
Arabica,lusso lab,Mexico,chiapas,2,2 kg,Specialty Coffee Association,"April 14th, 2014",Other,Washed / Wet,7.42,7.58,7.5,7.67,7.25,7.5,7.58,82.5,0.0,0,Green,1,1600.0,Alta (Arabica)
Arabica,ipanema coffees,Brazil,south of minas,69,60 kg,Specialty Coffee Association,"January 14th, 2014",Yellow Bourbon,Semi-Washed / Semi-Pulped,7.42,7.5,7.67,7.33,7.42,7.67,7.5,82.5,0.11,0,Blue-Green,0,1260.0,Media (Arabica)
Arabica,juan luis alvarado romero,Guatemala,oriente,250,69 kg,Asociacion Nacional Del Café,"May 30th, 2013",Bourbon,Washed / Wet,7.83,7.42,7.33,7.67,7.42,7.5,7.33,82.5,0.12,0,Green,4,399.48307200000005,Baja (Arabica)
Arabica,exportadora de cafe condor s.a,Colombia,huila,250,70 kg,Almacafé,"May 7th, 2013",Caturra,Washed / Wet,7.5,7.5,7.42,7.42,7.58,7.58,7.5,82.5,0.11,0,Green,1,1750.0,Alta (Arabica)
Arabica,juan luis alvarado romero,Guatemala,oriente,250,69 kg,Asociacion Nacional Del Café,"February 26th, 2013",Bourbon,Washed / Wet,7.83,7.67,7.17,7.33,7.5,7.67,7.33,82.5,0.11,0,Green,0,399.48307200000005,Baja (Arabica)
Arabica,saul m. hernandez ramirez,Mexico,san bartolo tutotepec,10,1 kg,AMECAFE,"September 27th, 2012",Typica,Washed / Wet,7.5,7.58,7.5,7.5,7.42,7.42,7.58,82.5,0.13,0,Green,10,1679.0,Alta (Arabica)
Arabica,enrique mitre lopez,Mexico,zapotitlan de mendez,10,1 kg,AMECAFE,"July 26th, 2012",Typica,Washed / Wet,7.67,7.5,7.33,7.67,7.5,7.33,7.5,82.5,0.12,0,Green,5,1100.0,Media (Arabica)
Arabica,enrique eduardo lopez aguilar,Mexico,la concordia,28,1 kg,AMECAFE,"June 7th, 2012",Typica,Semi-Washed / Semi-Pulped,7.92,7.5,7.33,7.58,7.25,7.42,7.5,82.5,0.11,0,Green,2,1650.0,Alta (Arabica)
Arabica,juan luis alvarado romero,Guatemala,oriente,275,1 kg,Asociacion Nacional Del Café,"March 26th, 2012",Caturra,Natural / Dry,7.67,7.33,7.33,7.33,7.5,7.83,7.5,82.5,0.11,0,Green,5,448.25716800000004,Baja (Arabica)
Arabica,jacques pereira carneiro,Brazil,carmo de minas,300,60 kg,NUCOFFEE,"March 16th, 2012",Bourbon,Semi-Washed / Semi-Pulped,7.67,7.42,7.33,7.67,7.5,7.5,7.42,82.5,0.0,0,Blue-Green,4,1250.0,Media (Arabica)
Arabica,racafe & cia s.c.a,Colombia,huila,275,70 kg,Almacafé,"March 5th, 2012",Caturra,Washed / Wet,7.67,7.5,7.33,7.5,7.25,7.67,7.58,82.5,0.11,1,Green,3,1775.0,Alta (Arabica)
Arabica,kona pacific farmers cooperative,United States (Hawaii),kona,7,100 lbs,Specialty Coffee Association,"February 23rd, 2012",Hawaiian Kona,Washed / Wet,7.33,7.42,7.33,7.75,7.42,7.67,7.58,82.5,0.12,2,Green,3,157.93516800000003,Baja (Arabica)
Arabica,adam kline,Guatemala,huehuetenango,245,1,Specialty Coffee Association,"July 23rd, 2010",Bourbon,Washed / Wet,7.75,7.58,7.67,7.67,7.58,7.58,7.33,82.5,0.01,1,Green,14,1600.0,Alta (Arabica)
Arabica,brian beck,Honduras,"comayagua, honduras",1,2 kg,Specialty Coffee Association,"September 27th, 2017",Other,Washed / Wet,7.42,7.67,7.17,7.58,7.58,7.5,7.5,82.42,0.12,0,Green,6,1500.0,Alta (Arabica)
Arabica,juan luis alvarado romero,Guatemala,san marcos,50,69 kg,Asociacion Nacional Del Café,"September 8th, 2017",Bourbon,Washed / Wet,7.58,7.5,7.33,7.75,7.33,7.5,7.42,82.42,0.1,0,Green,2,1700.0,Alta (Arabica)
Arabica,juan luis alvarado romero,Guatemala,san marcos,50,69 kg,Asociacion Nacional Del Café,"June 1st, 2017",Bourbon,Washed / Wet,7.67,7.58,7.25,7.67,7.42,7.33,7.5,82.42,0.12,0,Green,0,1700.0,Alta (Arabica)
Arabica,juan luis alvarado romero,Guatemala,el progreso,20,69 kg,Asociacion Nacional Del Café,"June 1st, 2017",Bourbon,Washed / Wet,7.58,7.5,7.25,7.67,7.5,7.5,7.42,82.42,0.12,0,Green,0,48.12377472000001,Baja (Arabica)
Arabica,juan luis alvarado romero,Guatemala,santa rosa,275,69 kg,Asociacion Nacional Del Café,"January 20th, 2017",Caturra,Washed / Wet,7.5,7.42,7.08,7.75,7.67,7.5,7.5,82.42,0.11,0,Green,3,448.25716800000004,Baja (Arabica)
Arabica,racafe & cia s.c.a,Colombia,guayata,43,70 kg,Almacafé,"August 5th, 2016",Caturra,Washed / Wet,5.08,7.75,7.83,7.75,7.83,8.08,8.08,82.42,0.11,0,Green,1,1600.0,Alta (Arabica)
Arabica,yunnan coffee exchange,China,yunnan,3,60 kg,Yunnan Coffee Exchange,"April 6th, 2016",Catimor,Washed / Wet,7.67,7.42,7.42,7.5,7.42,7.42,7.58,82.42,0.1,0,Green,0,1600.0,Alta (Arabica)
Arabica,bourbon specialty coffees,Brazil,campos altos - cerrado,300,60 kg,Brazil Specialty Coffee Association,"January 12th, 2016",Bourbon,Natural / Dry,7.42,7.5,7.33,7.5,7.25,7.42,8.0,82.42,0.11,0,Green,0,1000.0,Media (Arabica)
Arabica,gladness obed pallangyo,"Tanzania, United Republic Of",arusha meru,10,60 kg,Africa Fine Coffee Association,"November 16th, 2015",Ruiru 11,Washed / Wet,7.67,7.25,7.42,7.42,7.67,7.42,7.58,82.42,0.13,0,Green,7,2285.0,Premium (Arabica)
Arabica,ipanema coffees,Brazil,south of minas,320,2 kg,Brazil Specialty Coffee Association,"October 8th, 2015",Yellow Bourbon,Natural / Dry,7.17,7.83,7.33,7.5,7.75,7.42,7.42,82.42,0.0,0,Green,0,1.0,Baja (Arabica)
Arabica,the coffee source inc.,Guatemala,atitlan,250,1 kg,Specialty Coffee Association of Costa Rica,"December 18th, 2014",Caturra,Washed / Wet,7.5,7.5,7.5,7.67,7.42,7.5,7.33,82.42,0.1,0,Green,0,1400.0,Media (Arabica)
Arabica,productos y servicios chilindron s.a. de c.v.,Mexico,la yerba,10,1 kg,AMECAFE,"August 14th, 2014",Typica,Washed / Wet,7.42,7.5,7.42,7.58,7.42,7.5,7.58,82.42,0.11,0,Green,0,1296.0,Media (Arabica)
Arabica,nucoffee,Brazil,south of minas,39,60 kg,NUCOFFEE,"May 8th, 2014",Catuai,Semi-Washed / Semi-Pulped,7.58,7.67,7.33,7.5,7.5,7.42,7.42,82.42,0.12,0,Blue-Green,1,1000.0,Media (Arabica)
Arabica,dane loraas,Peru,peru,320,5 lbs,Specialty Coffee Association,"January 21st, 2014",Caturra,Washed / Wet,7.58,7.58,7.58,7.75,7.5,7.58,7.5,82.42,0.0,0,Green,3,1300.0,Media (Arabica)
Arabica,ipanema coffees,Brazil,south of minas,220,60 kg,Specialty Coffee Association,"December 30th, 2013",Yellow Bourbon,Natural / Dry,7.25,7.33,7.25,7.5,7.42,7.5,8.17,82.42,0.0,0,Green,0,1260.0,Media (Arabica)
Arabica,manuel herrera juarez,Mexico,veracruz,10,1 kg,AMECAFE,"December 12th, 2013",Bourbon,Washed / Wet,7.5,7.58,7.5,7.92,7.42,7.67,7.5,82.42,0.12,0,Green,0,1170.0,Media (Arabica)
Arabica,brent hall,Honduras,Other,1,2 kg,Specialty Coffee Association,"December 10th, 2013",Caturra,Washed / Wet,7.25,7.67,7.42,7.17,7.75,7.5,7.67,82.42,0.09,0,Green,2,1400.0,Media (Arabica)
Arabica,racafe & cia s.c.a,Colombia,huila,250,70 kg,Almacafé,"May 31st, 2013",Caturra,Washed / Wet,7.67,7.42,7.33,7.5,7.58,7.5,7.42,82.42,0.11,0,Green,9,1775.0,Alta (Arabica)
Arabica,nestor mendez gomez,Mexico,chiapas,49,1 kg,AMECAFE,"March 29th, 2013",Typica,Washed / Wet,7.5,7.42,7.42,7.67,7.42,7.58,7.42,82.42,0.12,0,Green,5,1560.0,Alta (Arabica)
Arabica,jesus salazar velasco,Mexico,san pedro cotzilnam,20,1 kg,AMECAFE,"September 11th, 2012",Typica,Semi-Washed / Semi-Pulped,7.42,7.58,7.5,7.42,7.58,7.5,7.42,82.42,0.13,0,Green,2,1400.0,Media (Arabica)
Arabica,"el equimite, cafetal biodinámico",Mexico,coatepec,35,1 kg,AMECAFE,"September 10th, 2012",Typica,Washed / Wet,7.42,7.58,7.33,7.58,7.5,7.5,7.5,82.42,0.14,0,Green,9,1300.0,Media (Arabica)
Arabica,manuel herrera juarez,Mexico,xalapa,10,1 kg,AMECAFE,"August 31st, 2012",Caturra,Washed / Wet,7.75,7.33,7.25,7.58,7.58,7.33,7.58,82.42,0.13,0,Green,1,1170.0,Media (Arabica)
Arabica,dario cesar galeana sanchez,Mexico,zihuatanejo de azueta,74,1 kg,AMECAFE,"July 25th, 2012",Typica,Washed / Wet,7.5,7.58,7.33,7.5,7.5,7.5,7.5,82.42,0.11,0,Green,0,1300.0,Media (Arabica)
Arabica,jose daniel cobilt castro,Mexico,veracruz,26,1 kg,AMECAFE,"July 11th, 2012",Pacamara,Washed / Wet,7.58,7.58,7.17,7.5,7.5,7.5,7.58,82.42,0.14,0,Green,6,1350.0,Media (Arabica)
Arabica,alvaro quiros perez,Mexico,xicotepec de juarez,10,1 kg,AMECAFE,"July 3rd, 2012",Caturra,Washed / Wet,7.58,7.33,7.33,7.58,7.5,7.5,7.58,82.42,0.11,0,Green,0,1150.0,Media (Arabica)
Arabica,olivia hernandez virves,Mexico,progreso santa rosa teocelo,1,1 kg,AMECAFE,"June 6th, 2012",Bourbon,Washed / Wet,7.67,7.58,7.33,7.42,7.58,7.33,7.5,82.42,0.13,0,Green,4,1250.0,Media (Arabica)
Arabica,finca las nieves,Mexico,fln mirador,10,1 kg,AMECAFE,"April 9th, 2012",Typica,Washed / Wet,7.83,7.5,7.42,7.67,7.17,7.33,7.5,82.42,0.12,0,Blue-Green,0,1450.0,Media (Arabica)
Arabica,carcafe ltda ci,Colombia,huila,250,70 kg,Almacafé,"January 31st, 2012",Caturra,Natural / Dry,7.67,7.33,7.25,7.42,7.5,7.67,7.58,82.42,0.0,0,Green,2,442.0,Baja (Arabica)
Arabica,nucoffee,Brazil,south of minas,51,60 kg,NUCOFFEE,"January 23rd, 2012",Arusha,Natural / Dry,7.75,7.5,7.42,7.42,7.5,7.42,7.42,82.42,0.11,0,Blue-Green,2,1000.0,Media (Arabica)
Arabica,exportadora de cafe condor s.a,Colombia,huila,250,70 kg,Almacafé,"December 22nd, 2011",Caturra,Washed / Wet,7.33,7.58,7.17,7.58,7.42,7.58,7.75,82.42,0.0,0,Green,2,1750.0,Alta (Arabica)
Arabica,exportadora de cafe condor s.a,Colombia,huila,0,70 kg,Almacafé,"September 22nd, 2011",Caturra,Washed / Wet,7.58,7.25,7.42,7.25,7.58,7.83,7.5,82.42,0.02,0,Green,1,1750.0,Alta (Arabica)
Arabica,bismarck castro,Honduras,comayagua,275,69 kg,Instituto Hondureño del Café,"April 6th, 2017",Caturra,Washed / Wet,7.5,7.58,7.33,7.5,7.42,7.42,7.58,82.33,0.1,0,Green,8,1396.0,Media (Arabica)
Arabica,pedro santos e silva,Brazil,cerrado,320,2 kg,Brazil Specialty Coffee Association,"February 9th, 2017",Catuai,Natural / Dry,7.33,7.5,7.5,7.33,7.5,7.5,7.67,82.33,0.11,0,Green,11,982.0,Baja (Arabica)
Arabica,gabriel barbara,Brazil,cerrado,305,59 kg,Brazil Specialty Coffee Association,"October 13th, 2016",Bourbon,Natural / Dry,7.42,7.42,7.42,7.5,7.5,7.58,7.5,82.33,0.11,0,Green,14,1000.0,Media (Arabica)
Arabica,ipanema coffees,Brazil,south of minas,320,60 kg,Brazil Specialty Coffee Association,"August 16th, 2016",Bourbon,Natural / Dry,7.5,7.5,7.42,7.5,7.42,7.5,7.5,82.33,0.11,0,Blue-Green,3,934.0,Baja (Arabica)
Arabica,"ceca, s.a.",Costa Rica,tarrazu,100,69 kg,Specialty Coffee Association of Costa Rica,"July 15th, 2016",Caturra,Washed / Wet,7.75,7.5,7.25,7.25,7.42,7.67,7.5,82.33,0.1,6,Blue-Green,3,1850.0,Premium (Arabica)
Arabica,rodrigo soto,Costa Rica,tarrazu,130,69 kg,Specialty Coffee Association of Costa Rica,"May 17th, 2016",Catuai,Washed / Wet,7.75,7.33,7.5,7.5,7.33,7.58,7.33,82.33,0.0,0,Green,0,1550.0,Alta (Arabica)
Arabica,yunnan coffee exchange,China,xishuangbanna prefecture,3,60 kg,Yunnan Coffee Exchange,"April 5th, 2016",Catimor,Pulped Natural / Honey,7.5,7.58,7.42,7.5,7.42,7.42,7.5,82.33,0.12,0,Green,2,1580.0,Alta (Arabica)
Arabica,ipanema coffees,Brazil,south of minas,12,2 kg,Specialty Coffee Association,"October 8th, 2015",Bourbon,Natural / Dry,8.25,7.83,7.25,8.33,8.17,8.08,7.75,82.33,0.07,0,Green,0,1268.0,Media (Arabica)
Arabica,bourbon specialty coffees,Brazil,chapadão de ferro (cerrado mineiro),300,60 kg,Brazil Specialty Coffee Association,"April 20th, 2015",Mundo Novo,Natural / Dry,7.42,7.5,7.5,7.42,7.5,7.58,7.42,82.33,0.11,0,Green,10,1000.0,Media (Arabica)
Arabica,juan luis alvarado romero,Guatemala,huehuetenango,275,69 kg,Asociacion Nacional Del Café,"March 10th, 2015",Bourbon,Washed / Wet,7.5,7.42,7.17,7.83,7.5,7.5,7.42,82.33,0.1,0,Green,6,510.96672000000007,Baja (Arabica)
Arabica,afca,Malawi,mzuzu,10,60 kg,Africa Fine Coffee Association,"November 4th, 2014",Gesha,Washed / Wet,7.33,7.58,7.42,7.58,7.33,7.5,7.58,82.33,0.12,0,Green,0,1450.0,Media (Arabica)
Arabica,ipanema coffees,Brazil,south of minas,10,2 kg,Specialty Coffee Association,"October 15th, 2014",Bourbon,Natural / Dry,7.75,8.08,7.67,8.08,8.08,8.0,8.0,82.33,0.11,0,Blue-Green,0,1100.0,Media (Arabica)
Arabica,juan luis alvarado romero,Guatemala,jalapa,250,69 kg,Asociacion Nacional Del Café,"June 10th, 2014",Pacas,Washed / Wet,7.58,7.67,7.5,7.58,7.75,7.5,7.42,82.33,0.12,0,Green,3,464.51520000000005,Baja (Arabica)
Arabica,dane loraas,Mexico,veracruz,320,5 lbs,Specialty Coffee Association,"April 2nd, 2014",Typica,Washed / Wet,7.33,7.58,7.42,7.5,7.5,7.5,7.5,82.33,0.11,0,Green,0,1250.0,Media (Arabica)
Arabica,the coffee source inc.,Colombia,antioquia,250,3 kg,Specialty Coffee Association of Costa Rica,"January 21st, 2014",Caturra,Washed / Wet,7.42,7.33,7.5,7.17,7.08,8.33,7.5,82.33,0.1,0,Green,2,1300.0,Media (Arabica)
Arabica,cqi taiwan icp cqi台灣合作夥伴,Taiwan,changhua baguashan 彰化市八卦山,10,20 kg,Blossom Valley International,"December 26th, 2013",Typica,Semi-Washed / Semi-Pulped,7.5,7.5,7.5,7.5,7.5,7.5,7.33,82.33,0.11,0,Green,0,200.0,Baja (Arabica)
Arabica,cqi taiwan icp cqi台灣合作夥伴,Taiwan,taichung xinshe 台中市新社區,10,30 kg,Blossom Valley International,"December 26th, 2013",Typica,Washed / Wet,7.5,7.5,7.5,7.5,7.5,7.5,7.33,82.33,0.11,0,Green,0,600.0,Baja (Arabica)
Arabica,juan luis alvarado romero,Guatemala,oriente,250,69 kg,Asociacion Nacional Del Café,"July 16th, 2013",Bourbon,Washed / Wet,7.5,7.42,7.58,7.5,7.5,7.58,7.25,82.33,0.12,2,Green,1,399.48307200000005,Baja (Arabica)
Arabica,exportadora de cafe condor s.a,Colombia,huila,250,70 kg,Almacafé,"June 21st, 2013",Caturra,Washed / Wet,7.5,7.42,7.5,7.5,7.5,7.58,7.33,82.33,0.0,0,Green,1,1750.0,Alta (Arabica)
Arabica,alfredo bojalil,Mexico,"la concordia, chiapas",250,1 kg,AMECAFE,"March 15th, 2013",Typica,Washed / Wet,7.67,7.5,7.42,7.5,7.42,7.42,7.42,82.33,0.12,0,Green,3,1300.0,Media (Arabica)
Arabica,michael gavina,Costa Rica,central valley,275,1 kg,Specialty Coffee Association,"October 9th, 2012",Caturra,Washed / Wet,7.92,7.58,7.25,7.75,7.92,7.58,7.67,82.33,0.0,0,Green,14,1300.0,Media (Arabica)
Arabica,juan luis alvarado romero,Guatemala,jalapa,275,69 kg,Asociacion Nacional Del Café,"October 5th, 2012",Bourbon,Washed / Wet,7.67,7.5,7.33,7.67,7.5,7.33,7.33,82.33,0.11,0,Green,3,534.19248,Baja (Arabica)
Arabica,saul m. hernandez ramirez,Mexico,"jaltocan, hidalgo",10,1 kg,AMECAFE,"September 27th, 2012",Typica,Natural / Dry,7.58,7.67,7.58,7.33,7.0,7.58,7.58,82.33,0.15,1,Green,8,441.0,Baja (Arabica)
Arabica,manuel herrera juarez,Mexico,veracruz,10,1 kg,AMECAFE,"August 31st, 2012",Bourbon,Washed / Wet,7.67,7.58,7.5,7.58,7.5,7.5,7.0,82.33,0.13,0,Green,9,1170.0,Media (Arabica)
Arabica,juan luis alvarado romero,Guatemala,oriente,250,1 kg,Asociacion Nacional Del Café,"May 23rd, 2012",Bourbon,Washed / Wet,7.5,7.67,7.33,7.5,7.33,7.5,7.5,82.33,0.1,2,Green,5,399.48307200000005,Baja (Arabica)
Arabica,nucoffee,Brazil,grama valley,16,60 kg,NUCOFFEE,"April 11th, 2012",Mundo Novo,Natural / Dry,7.58,7.5,7.42,7.5,7.5,7.42,7.42,82.33,0.12,0,Green,2,1100.0,Media (Arabica)
Arabica,maria luisa del carmen rojas narvaez,Mexico,santa catarina juquila,10,1 kg,AMECAFE,"March 5th, 2012",Typica,Washed / Wet,8.0,7.75,7.33,7.33,7.08,7.67,7.83,82.33,0.11,0,Green,0,1300.0,Media (Arabica)
Arabica,nucoffee,Brazil,south of minas,44,60 kg,NUCOFFEE,"February 17th, 2012",Mundo Novo,Washed / Wet,7.58,7.58,7.25,7.58,7.42,7.5,7.42,82.33,0.11,0,Green,2,950.0,Baja (Arabica)
Arabica,carcafe ltda ci,Colombia,huila,250,70 kg,Almacafé,"January 31st, 2012",Caturra,Natural / Dry,7.83,7.58,7.33,7.25,7.58,7.42,7.33,82.33,0.0,0,Green,0,442.0,Baja (Arabica)
Arabica,klem organics,Brazil,brazil matas de minas,1062,5 kg,Specialty Coffee Association,"November 15th, 2017",Catuai,Washed / Wet,7.58,7.5,7.25,7.42,7.67,7.33,7.5,82.25,0.09,2,Green,10,1100.0,Media (Arabica)
Arabica,cqi taiwan icp cqi台灣合作夥伴,Taiwan,Other,1,10 kg,Blossom Valley International,"February 13th, 2017",Typica,Washed / Wet,7.0,7.08,7.0,7.17,7.0,7.0,10.0,82.25,0.1,0,Blue-Green,0,750.0,Baja (Arabica)
Arabica,juan luis alvarado romero,Guatemala,nuevo oriente,275,69 kg,Asociacion Nacional Del Café,"August 31st, 2016",Pacas,Washed / Wet,7.67,7.5,7.25,7.67,7.42,7.42,7.33,82.25,0.11,0,Green,2,1450.0,Media (Arabica)
Arabica,ipanema coffees,Brazil,south of minas,180,2 kg,Brazil Specialty Coffee Association,"October 8th, 2015",Yellow Bourbon,Natural / Dry,7.42,7.67,7.5,7.08,7.5,7.42,7.67,82.25,0.0,0,Green,9,1.0,Baja (Arabica)
Arabica,consejo salvadoreño del café,El Salvador,apaneca,275,1 kg,Salvadoran Coffee Council,"July 8th, 2015",Bourbon,Washed / Wet,7.58,7.67,7.5,7.67,7.83,8.42,7.58,82.25,0.12,0,Green,0,1500.0,Alta (Arabica)
Arabica,cadexsa,Honduras,marcala,275,1 kg,Instituto Hondureño del Café,"April 15th, 2015",Catuai,Washed / Wet,7.58,7.5,7.42,7.58,7.42,7.42,7.33,82.25,0.11,0,Green,2,1350.0,Media (Arabica)
Arabica,afca,Malawi,mzuzu,10,60 kg,Africa Fine Coffee Association,"November 4th, 2014",Gesha,Washed / Wet,7.58,7.42,7.33,7.42,7.58,7.5,7.42,82.25,0.13,0,Blue-Green,0,1180.0,Media (Arabica)
Arabica,ipanema coffees,Brazil,south of minas,320,2 kg,Specialty Coffee Association,"October 16th, 2014",Bourbon,Natural / Dry,7.75,7.58,7.42,7.42,7.33,7.33,7.42,82.25,0.11,0,Green,0,1100.0,Media (Arabica)
Arabica,cqi taiwan icp cqi台灣合作夥伴,Taiwan,nantou,35,60 kg,Blossom Valley International,"December 26th, 2013",Typica,Washed / Wet,7.5,7.5,7.5,7.5,7.5,7.5,7.25,82.25,0.11,0,Green,0,650.0,Baja (Arabica)
Arabica,jesus carlos cardenas valdivia,Mexico,veracruz,150,1 kg,AMECAFE,"July 19th, 2013",Mundo Novo,Washed / Wet,7.58,7.58,7.42,7.42,7.42,7.42,7.42,82.25,0.12,0,Blue-Green,4,1338.0,Media (Arabica)
Arabica,kona pacific farmers cooperative,United States (Hawaii),kona,6,100 lbs,Specialty Coffee Association,"May 3rd, 2013",Hawaiian Kona,Natural / Dry,7.33,7.42,7.5,7.67,7.5,7.42,7.42,82.25,0.0,0,Blue-Green,1,157.93516800000003,Baja (Arabica)
Arabica,saul m. hernandez ramirez,Mexico,"calnali, hidalgo",10,1 kg,AMECAFE,"September 27th, 2012",Bourbon,Washed / Wet,7.58,7.58,7.5,7.17,7.42,7.42,7.58,82.25,0.16,3,Green,8,533.0,Baja (Arabica)
Arabica,juan luis alvarado romero,Guatemala,antigua,275,69 kg,Asociacion Nacional Del Café,"September 19th, 2012",Bourbon,Washed / Wet,7.5,7.5,7.33,7.58,7.67,7.33,7.33,82.25,0.11,0,Green,2,423.91657152000005,Baja (Arabica)
Arabica,manuel herrera juarez,Mexico,veracruz,10,1 kg,AMECAFE,"August 31st, 2012",Bourbon,Washed / Wet,7.5,7.58,7.42,7.67,7.33,7.42,7.33,82.25,0.13,0,Green,3,1170.0,Media (Arabica)
Arabica,guillermo rojas saldana,Mexico,juquila,40,1 kg,AMECAFE,"August 30th, 2012",Typica,Washed / Wet,7.67,7.58,7.33,7.5,7.42,7.42,7.33,82.25,0.12,0,Green,13,1250.0,Media (Arabica)
Arabica,adam kline,El Salvador,Other,288,1 kg,Specialty Coffee Association,"August 21st, 2012",Other,Washed / Wet,7.75,7.33,7.33,7.5,7.5,7.5,7.33,82.25,0.0,2,Green,5,1350.0,Media (Arabica)
Arabica,sergio de la vequia bernardi,Mexico,veracruz,250,1 kg,AMECAFE,"July 11th, 2012",Typica,Washed / Wet,7.33,7.58,7.42,7.67,7.33,7.5,7.42,82.25,0.11,0,Green,0,1100.0,Media (Arabica)
Arabica,organizaciones de productores de cafe colimense,Mexico,canoas,250,1 kg,AMECAFE,"April 2nd, 2012",Typica,Washed / Wet,7.42,7.5,7.42,7.58,7.42,7.5,7.42,82.25,0.1,0,Green,3,900.0,Baja (Arabica)
Arabica,exportadora de cafe condor s.a,Colombia,huila,250,70 kg,Almacafé,"February 22nd, 2012",Caturra,Washed / Wet,7.5,7.42,7.67,7.33,7.58,7.33,7.42,82.25,0.12,0,Green,1,1750.0,Alta (Arabica)
Arabica,racafe & cia s.c.a,Colombia,huila,100,70 kg,Almacafé,"February 9th, 2012",Caturra,Washed / Wet,7.67,7.33,7.33,7.33,7.5,7.5,7.58,82.25,0.11,0,Green,0,1775.0,Alta (Arabica)
Arabica,nucoffee,Brazil,Other,84,60 kg,NUCOFFEE,"January 23rd, 2012",Arusha,Natural / Dry,7.67,7.58,7.42,7.0,7.5,7.58,7.5,82.25,0.12,0,Green,1,1000.0,Media (Arabica)
Arabica,racafe & cia s.c.a,Colombia,cauca,149,70 kg,Almacafé,"March 1st, 2011",Caturra,Washed / Wet,7.17,7.25,7.58,7.25,7.58,7.67,7.75,82.25,0.22,0,Green,2,1750.0,Alta (Arabica)
Arabica,ipanema coffees,Brazil,south of minas,320,60 kg,Brazil Specialty Coffee Association,"August 16th, 2016",Bourbon,Natural / Dry,7.42,7.42,7.5,7.42,7.42,7.5,7.5,82.17,0.11,0,Green,5,934.0,Baja (Arabica)
Arabica,bismarck castro,Honduras,comayagua,200,69 kg,Instituto Hondureño del Café,"June 9th, 2016",Caturra,Washed / Wet,7.5,7.5,7.17,7.42,7.5,7.5,7.58,82.17,0.11,0,Blue-Green,2,1500.0,Alta (Arabica)
Arabica,"bencafe, s. a.",Nicaragua,jinotega,275,69 kg,Instituto Hondureño del Café,"March 15th, 2016",Caturra,Washed / Wet,7.5,7.5,7.33,7.42,7.5,7.42,7.5,82.17,0.1,0,Green,1,1000.0,Media (Arabica)
Arabica,langiro farm group,"Tanzania, United Republic Of",ruvuma,30,80 kg,Africa Fine Coffee Association,"November 16th, 2015",Bourbon,Washed / Wet,7.58,7.42,7.42,7.33,7.5,7.42,7.5,82.17,0.13,1,Green,6,1650.0,Alta (Arabica)
Arabica,ibero coffee trading co (t) ltd,"Tanzania, United Republic Of",northern,300,60 kg,Tanzanian Coffee Board,"October 20th, 2015",Other,Washed / Wet,7.42,7.42,7.42,7.5,7.5,7.33,7.58,82.17,0.12,0,Green,1,1600.0,Alta (Arabica)
Arabica,ipanema coffees,Brazil,south of minas,320,2 kg,Brazil Specialty Coffee Association,"October 8th, 2015",Yellow Bourbon,Natural / Dry,6.92,7.58,7.42,7.33,7.83,7.5,7.58,82.17,0.0,0,Green,1,1.0,Baja (Arabica)
Arabica,doi tung development project,Thailand,thailand,1,1 kg,Specialty Coffee Association,"June 9th, 2015",Caturra,Washed / Wet,7.42,7.42,7.17,7.75,7.25,7.67,7.5,82.17,0.12,0,Blue-Green,0,800.0,Baja (Arabica)
Arabica,cadexsa,Honduras,marcala,275,1 kg,Instituto Hondureño del Café,"April 15th, 2015",Catuai,Washed / Wet,7.67,7.5,7.25,7.42,7.58,7.42,7.33,82.17,0.11,0,Green,2,1350.0,Media (Arabica)
Arabica,essencecoffee,Guatemala,atitlan,250,69 kg,Blossom Valley International,"March 21st, 2015",Bourbon,Washed / Wet,7.42,7.42,7.5,7.5,7.42,7.5,7.42,82.17,0.09,0,Blue-Green,4,1500.0,Alta (Arabica)
Arabica,bourbon specialty coffees,Brazil,cerrado,300,60 kg,Brazil Specialty Coffee Association,"January 15th, 2015",Mundo Novo,Natural / Dry,7.58,7.5,7.42,7.25,7.5,7.42,7.5,82.17,0.12,0,Green,1,1000.0,Media (Arabica)
Arabica,tembo coffee company ltd,"Tanzania, United Republic Of","ilomba vilage, mbozi",10,60 kg,Africa Fine Coffee Association,"December 15th, 2014",Other,Washed / Wet,7.75,7.42,7.42,7.58,7.33,7.42,7.25,82.17,0.12,0,Green,1,1700.0,Alta (Arabica)
Arabica,j.andrade,Mexico,veracruz,200,1 kg,AMECAFE,"July 15th, 2014",Other,Washed / Wet,7.42,7.33,7.17,7.42,7.33,8.17,7.33,82.17,0.12,0,Green,0,1100.0,Media (Arabica)
Arabica,lusso lab,Mexico,"la concordia, chiapas",2,2 kg,Specialty Coffee Association,"April 10th, 2014",Other,Washed / Wet,7.5,7.5,7.33,7.42,7.5,7.42,7.5,82.17,0.1,1,Green,1,1400.0,Media (Arabica)
Arabica,cqi taiwan icp cqi台灣合作夥伴,Taiwan,yunlin 雲林縣石壁,60,60 kg,Blossom Valley International,"December 26th, 2013",Typica,Other,7.5,7.5,7.5,7.5,7.5,7.5,7.17,82.17,0.11,0,Green,0,1200.0,Media (Arabica)
Arabica,"lin, che-hao krude 林哲豪",Taiwan,"dongshan dist., tainan city 臺南市東山區",80,10 kg,Specialty Coffee Association,"May 29th, 2013",Typica,Washed / Wet,7.67,7.5,7.5,7.17,7.17,7.58,7.58,82.17,0.0,0,Green,0,800.0,Baja (Arabica)
Arabica,exportadora de cafe condor s.a,Colombia,huila,250,70 kg,Almacafé,"March 20th, 2013",Caturra,Washed / Wet,7.33,7.25,7.25,7.58,7.75,7.5,7.5,82.17,0.0,0,Blue-Green,1,1750.0,Alta (Arabica)
Arabica,saul m. hernandez ramirez,Mexico,san bartolo tutotepec,10,1 kg,AMECAFE,"September 27th, 2012",Typica,Washed / Wet,7.5,7.67,7.0,7.5,7.33,7.5,7.67,82.17,0.15,1,Green,9,1144.0,Media (Arabica)
Arabica,the coffee source inc.,Guatemala,oriente,250,1 kg,Specialty Coffee Association,"August 2nd, 2012",Caturra,Washed / Wet,7.25,7.75,7.0,7.75,8.17,7.75,7.17,82.17,0.12,0,Green,2,1350.0,Media (Arabica)
Arabica,salvador caro carrion,Mexico,altotonga,200,1 kg,AMECAFE,"July 11th, 2012",Typica,Washed / Wet,7.5,7.58,7.25,7.5,7.5,7.33,7.5,82.17,0.12,0,Green,4,1000.0,Media (Arabica)
Arabica,organizaciones de productores de cafe colimense,Mexico,colima,60,1 kg,AMECAFE,"July 2nd, 2012",Typica,Washed / Wet,7.0,7.67,7.5,7.5,7.42,7.5,7.58,82.17,0.1,0,Green,1,1200.0,Media (Arabica)
Arabica,exportadora de cafe condor s.a,Colombia,huila,250,70 kg,Almacafé,"February 9th, 2011",Caturra,Washed / Wet,7.58,7.67,7.42,7.17,7.17,7.75,7.42,82.17,0.08,0,Green,0,1800.0,Premium (Arabica)
Arabica,sanjava coffee,Indonesia,aceh gayo,2,1 kg,Specialty Coffee Association of Indonesia,"August 3rd, 2017",Bourbon,Washed / Wet,7.5,7.5,7.42,7.42,7.5,7.42,7.33,82.08,0.15,0,Blue-Green,3,1300.0,Media (Arabica)
Arabica,raúl vargas,Colombia,huila,275,70 kg,Almacafé,"February 20th, 2017",Caturra,Washed / Wet,7.75,7.58,7.42,7.67,7.83,7.58,7.58,82.08,0.0,0,Green,6,1750.0,Alta (Arabica)
Arabica,ipanema coffees,Brazil,south of minas,320,60 kg,Brazil Specialty Coffee Association,"August 16th, 2016",Bourbon,Natural / Dry,7.42,7.58,7.42,7.5,7.42,7.25,7.5,82.08,0.11,0,Green,3,894.0,Baja (Arabica)
Arabica,ipanema coffees,Brazil,south of minas,320,2 kg,Brazil Specialty Coffee Association,"October 8th, 2015",Yellow Bourbon,Natural / Dry,7.25,7.25,7.58,7.58,7.25,7.92,7.25,82.08,0.0,0,Green,1,1.0,Baja (Arabica)
Arabica,"cafetalera internacional cafinter, s.a.",Costa Rica,tres rios,275,350 kg,Specialty Coffee Association of Costa Rica,"April 10th, 2015",Caturra,Washed / Wet,7.75,7.42,7.42,7.25,7.17,7.42,7.67,82.08,0.0,0,Blue-Green,0,1300.0,Media (Arabica)
Arabica,balam hinyula,"Tanzania, United Republic Of",kilimanjaro,300,2 kg,Tanzanian Coffee Board,"March 25th, 2015",Bourbon,Washed / Wet,7.42,7.33,7.42,7.42,7.5,7.58,7.42,82.08,0.12,0,Green,5,1500.0,Alta (Arabica)
Arabica,ngorogoro convenant estate,"Tanzania, United Republic Of",ngorogoro,1,60 kg,Africa Fine Coffee Association,"January 8th, 2015",Other,Washed / Wet,7.42,7.5,7.5,7.33,7.33,7.5,7.5,82.08,0.12,0,Green,3,1600.0,Alta (Arabica)
Arabica,cafe politico,Colombia,Other,1,5 lbs,Specialty Coffee Association,"September 12th, 2014",Caturra,Washed / Wet,7.5,7.42,7.42,7.42,7.67,7.42,7.25,82.08,0.11,1,Green,0,1750.0,Alta (Arabica)
Arabica,"ceca, s.a.",Costa Rica,turrialba,150,69 kg,Specialty Coffee Association of Costa Rica,"March 21st, 2014",Caturra,Washed / Wet,7.58,7.33,7.33,7.33,7.5,7.67,7.33,82.08,0.11,0,Green,2,13.0,Baja (Arabica)
Arabica,kona pacific farmers cooperative,United States (Hawaii),kona,4,100 lbs,Specialty Coffee Association,"November 26th, 2012",Hawaiian Kona,Natural / Dry,7.25,7.58,7.58,7.25,7.5,7.42,7.5,82.08,0.11,0,Blue-Green,0,157.93516800000003,Baja (Arabica)
Arabica,"el equimite, cafetal biodinámico",Mexico,coatepec,35,1 kg,AMECAFE,"September 10th, 2012",Typica,Washed / Wet,7.42,7.58,7.5,7.33,7.42,7.42,7.42,82.08,0.13,0,Green,7,1300.0,Media (Arabica)
Arabica,julio perez hernandez,Mexico,tapachula,250,1 kg,AMECAFE,"August 30th, 2012",Typica,Washed / Wet,7.5,7.42,7.42,7.5,7.25,7.5,7.5,82.08,0.13,3,Green,13,1800.0,Premium (Arabica)
Arabica,rosa aurora falcon fernandez,Mexico,coatepec,15,1 kg,AMECAFE,"July 26th, 2012",Typica,Washed / Wet,7.67,7.5,7.25,7.58,7.42,7.33,7.33,82.08,0.11,0,Green,11,1250.0,Media (Arabica)
Arabica,royal base corporation,Vietnam,don duong,1,2 kg,Specialty Coffee Association,"July 23rd, 2012",Other,Natural / Dry,7.67,8.0,7.17,7.08,7.67,7.08,7.42,82.08,0.12,0,Green,2,1040.0,Media (Arabica)
Arabica,sergio de la vequia bernardi,Mexico,veracruz,250,1 kg,AMECAFE,"July 11th, 2012",Typica,Washed / Wet,7.58,7.42,7.25,7.75,7.33,7.42,7.33,82.08,0.11,0,Green,1,1250.0,Media (Arabica)
Arabica,kona pacific farmers cooperative,United States (Hawaii),kona,10,100 lbs,Specialty Coffee Association,"February 23rd, 2012",Hawaiian Kona,Washed / Wet,7.33,7.5,7.33,7.58,7.08,7.83,7.42,82.08,0.1,0,Green,2,157.93516800000003,Baja (Arabica)
Arabica,carcafe ltda ci,Colombia,cauca,275,70 kg,Almacafé,"April 18th, 2011",Caturra,Washed / Wet,7.67,7.42,7.67,7.33,7.25,7.58,7.17,82.08,0.08,1,Green,5,1600.0,Alta (Arabica)
Arabica,bismarck castro,Honduras,el paraíso,275,69 kg,Instituto Hondureño del Café,"June 1st, 2017",Caturra,Washed / Wet,7.5,7.5,7.17,7.5,7.5,7.42,7.42,82.0,0.12,0,Green,1,1600.0,Alta (Arabica)
Arabica,bismarck castro,Honduras,guinope el paraíso,275,69 kg,Instituto Hondureño del Café,"April 6th, 2017",Caturra,Natural / Dry,7.5,7.5,7.25,7.33,7.42,7.5,7.5,82.0,0.1,0,Green,7,1600.0,Alta (Arabica)
Arabica,ipanema coffees,Brazil,south of minas,230,60 kg,Brazil Specialty Coffee Association,"August 16th, 2016",Bourbon,Natural / Dry,7.5,7.33,7.42,7.5,7.33,7.42,7.5,82.0,0.11,0,Green,3,944.0,Baja (Arabica)
Arabica,didas,"Tanzania, United Republic Of",kilimanjaro,2,80 kg,Africa Fine Coffee Association,"November 16th, 2015",Other,Washed / Wet,7.67,7.33,7.33,7.42,7.42,7.42,7.42,82.0,0.13,0,Green,20,1650.0,Alta (Arabica)
Arabica,minwook ku,Laos,lao p.d.r.,1,2 kg,Specialty Coffee Institute of Asia,"November 5th, 2015",Other,Washed / Wet,7.42,7.5,7.25,7.33,7.5,7.5,7.5,82.0,0.12,0,Blue-Green,0,1250.0,Media (Arabica)
Arabica,finca estate,"Tanzania, United Republic Of",meru,1,60 kg,Africa Fine Coffee Association,"December 18th, 2014",Other,Washed / Wet,7.42,7.42,7.33,7.58,7.33,7.42,7.5,82.0,0.12,0,Green,3,1350.0,Media (Arabica)
Arabica,afca,Malawi,mzuzu,16,60 kg,Africa Fine Coffee Association,"October 31st, 2014",Gesha,Washed / Wet,7.5,7.42,7.33,7.58,7.33,7.5,7.33,82.0,0.13,0,Blue-Green,1,2500.0,Premium (Arabica)
Arabica,"lin, che-hao krude 林哲豪",Taiwan,"dongshan dist., tainan city 臺南市東山區",50,20 kg,Specialty Coffee Association,"July 22nd, 2014",Typica,Washed / Wet,7.33,7.5,7.17,7.42,7.5,7.33,7.75,82.0,0.09,0,Green,0,600.0,Baja (Arabica)
Arabica,doi tung development project,Thailand,thailand,1,1 kg,Specialty Coffee Association,"June 20th, 2014",Caturra,Washed / Wet,7.58,7.5,7.42,7.42,7.33,7.42,7.33,82.0,0.11,0,Green,0,800.0,Baja (Arabica)
Arabica,eric thormaehlen,Costa Rica,central valley,250,1 kg,Specialty Coffee Association of Costa Rica,"June 9th, 2014",Catuai,Washed / Wet,7.5,7.25,7.33,7.33,7.75,7.5,7.33,82.0,0.1,0,Green,4,1300.0,Media (Arabica)
Arabica,beneficio santa rosa,Honduras,occidental,275,69 kg,Instituto Hondureño del Café,"April 30th, 2014",Caturra,Washed / Wet,7.33,7.33,7.33,7.5,7.5,7.83,7.17,82.0,0.11,0,Green,5,1400.0,Media (Arabica)
Arabica,racafe & cia s.c.a,Colombia,huila,250,70 kg,Almacafé,"September 13th, 2013",Caturra,Washed / Wet,7.33,7.33,7.58,7.5,7.5,7.58,7.17,82.0,0.11,0,Green,1,1900.0,Premium (Arabica)
Arabica,"lin, che-hao krude 林哲豪",Taiwan,"dongshan dist., tainan city 臺南市東山區",30,10 kg,Specialty Coffee Association,"June 3rd, 2013",Typica,Washed / Wet,7.42,7.58,7.33,7.42,8.0,7.5,7.42,82.0,0.12,0,Blue-Green,0,650.0,Baja (Arabica)
Arabica,owen carver,Brazil,"minas gerais, br",1,2 kg,Specialty Coffee Association,"May 21st, 2013",Mundo Novo,Natural / Dry,7.33,7.67,7.42,7.17,7.33,7.42,7.67,82.0,0.11,0,Blue-Green,0,1038.5,Media (Arabica)
Arabica,jorge octavio escamilla prado,Mexico,coscomatepec,15,1 kg,AMECAFE,"July 11th, 2012",Typica,Washed / Wet,7.67,7.33,7.25,7.5,7.42,7.42,7.42,82.0,0.12,0,Green,1,940.0,Baja (Arabica)
Arabica,nucoffee,Brazil,south of minas,50,60 kg,NUCOFFEE,"June 4th, 2012",Mundo Novo,Natural / Dry,7.42,7.5,7.33,7.5,7.33,7.5,7.42,82.0,0.12,0,Green,1,1000.0,Media (Arabica)
Arabica,nucoffee,Brazil,cerrado,75,60 kg,NUCOFFEE,"April 11th, 2012",Catuai,Semi-Washed / Semi-Pulped,7.42,7.5,7.25,7.5,7.5,7.42,7.42,82.0,0.11,0,Blue-Green,1,1050.0,Media (Arabica)
Arabica,juan luis alvarado romero,Guatemala,san marcos,250,1 kg,Asociacion Nacional Del Café,"March 26th, 2012",Bourbon,Natural / Dry,7.33,7.33,7.33,7.5,7.67,7.67,7.17,82.0,0.11,0,Green,3,448.25716800000004,Baja (Arabica)
Arabica,nucoffee,Brazil,south of minas,53,60 kg,NUCOFFEE,"February 17th, 2012",Mundo Novo,Semi-Washed / Semi-Pulped,7.58,7.5,7.17,7.5,7.5,7.42,7.33,82.0,0.12,0,Green,2,950.0,Baja (Arabica)
Arabica,felipe isaza,Guatemala,oriente,250,2 kg,Specialty Coffee Association,"February 1st, 2012",Bourbon,Washed / Wet,7.75,7.33,7.33,7.42,7.75,7.67,7.42,82.0,0.0,0,Green,10,427.353984,Baja (Arabica)
Arabica,racafe & cia s.c.a,Colombia,huila,150,70 kg,Almacafé,"July 29th, 2011",Caturra,Washed / Wet,7.33,7.0,7.08,7.42,7.5,7.67,8.0,82.0,0.07,0,Green,2,1775.0,Alta (Arabica)
Arabica,juan luis alvarado romero,Guatemala,oriente,25,69 kg,Asociacion Nacional Del Café,"August 22nd, 2017",Bourbon,Washed / Wet,7.58,7.5,7.25,7.58,7.58,7.5,7.58,81.92,0.1,0,Green,1,1901.0,Premium (Arabica)
Arabica,juan luis alvarado romero,Guatemala,santa rosa,50,69 kg,Asociacion Nacional Del Café,"June 22nd, 2017",Bourbon,Washed / Wet,7.5,7.5,7.25,7.42,7.42,7.42,7.42,81.92,0.11,0,Green,0,371.61216,Baja (Arabica)
Arabica,bismarck castro,Honduras,comayagua,274,67 kg,Instituto Hondureño del Café,"June 1st, 2017",Caturra,Washed / Wet,7.58,7.5,7.25,7.33,7.42,7.5,7.33,81.92,0.12,0,Green,1,1400.0,Media (Arabica)
Arabica,gabriel barbara,Brazil,monte carmelo,305,59 kg,Brazil Specialty Coffee Association,"October 26th, 2016",Catuai,Natural / Dry,7.42,7.33,7.33,7.5,7.5,7.33,7.5,81.92,0.11,0,Green,4,1020.0,Media (Arabica)
Arabica,consejo salvadoreño del café,El Salvador,"el balsamo, quezaltepec",275,69 kg,Salvadoran Coffee Council,"May 5th, 2015",Bourbon,Washed / Wet,7.67,7.58,7.33,7.5,7.5,7.67,7.33,81.92,0.11,0,Green,2,1250.0,Media (Arabica)
Arabica,juan luis alvarado romero,Guatemala,nuevo oriente,275,69 kg,Asociacion Nacional Del Café,"April 20th, 2015",Catuai,Washed / Wet,7.58,7.58,7.17,7.83,7.17,7.33,7.25,81.92,0.11,0,Green,7,1550.0,Alta (Arabica)
Arabica,mcomafa co ltd,"Tanzania, United Republic Of",mbeya,114,60 kg,Africa Fine Coffee Association,"January 6th, 2015",Other,Washed / Wet,7.33,7.33,7.33,7.42,7.5,7.58,7.42,81.92,0.12,0,Green,4,1877.0,Premium (Arabica)
Arabica,chris finch,Nicaragua,Other,275,5 lbs,Specialty Coffee Association,"July 29th, 2014",Caturra,Washed / Wet,7.58,7.42,7.25,7.17,7.5,7.67,7.33,81.92,0.12,3,Green,4,1100.0,Media (Arabica)
Arabica,lusso lab,Zambia,mubuyu estate,13,2 kg,Specialty Coffee Association,"June 20th, 2014",SL28,Washed / Wet,7.67,7.08,7.42,7.33,7.75,7.42,7.25,81.92,0.0,1,Other,3,1250.0,Media (Arabica)
Arabica,rob tuttle,Honduras,Other,1,2 kg,Specialty Coffee Association,"January 17th, 2014",Caturra,Washed / Wet,7.42,7.33,7.33,7.58,7.33,7.5,7.42,81.92,0.11,0,Green,0,1400.0,Media (Arabica)
Arabica,cqi taiwan icp cqi台灣合作夥伴,Taiwan,taichung xinshe 台中市新社區,35,30 kg,Blossom Valley International,"December 26th, 2013",Typica,Other,7.5,7.5,7.42,7.25,7.5,7.5,7.25,81.92,0.11,0,Green,0,1000.0,Media (Arabica)
Arabica,calixto guillen vazquez,Mexico,chiapas,450,1 kg,AMECAFE,"March 29th, 2013",Bourbon,Washed / Wet,7.58,7.5,7.25,7.58,7.5,7.25,7.25,81.92,0.12,0,Green,6,1300.0,Media (Arabica)
Arabica,saul m. hernandez ramirez,Mexico,"chapulhuacan, hidalgo",10,1 kg,AMECAFE,"September 27th, 2012",Typica,Semi-Washed / Semi-Pulped,7.5,7.5,7.25,7.25,7.5,7.5,7.42,81.92,0.13,2,Green,7,981.0,Baja (Arabica)
Arabica,saul m. hernandez ramirez,Mexico,"huazalingo, hidalgo",10,1 kg,AMECAFE,"September 27th, 2012",Mundo Novo,Washed / Wet,7.5,7.42,7.25,7.5,7.33,7.33,7.58,81.92,0.14,2,Green,8,690.0,Baja (Arabica)
Arabica,juan hermilio sampieri carcamo,Mexico,veracruz,30,1 kg,AMECAFE,"July 11th, 2012",Other,Washed / Wet,7.33,7.58,7.17,7.58,7.42,7.33,7.5,81.92,0.12,0,Green,4,1650.0,Alta (Arabica)
Arabica,modesto landeros flores,Mexico,fortín de las flores,62,1 kg,AMECAFE,"July 11th, 2012",Bourbon,Washed / Wet,7.67,7.42,7.33,7.83,7.5,7.5,7.33,81.92,0.12,0,Green,0,1000.0,Media (Arabica)
Arabica,nucoffee,Brazil,grama valley,8,60 kg,NUCOFFEE,"February 29th, 2012",Mundo Novo,Natural / Dry,7.42,7.58,7.25,7.5,7.33,7.5,7.33,81.92,0.12,0,Green,3,1100.0,Media (Arabica)
Arabica,exportadora de cafe condor s.a,Colombia,cundinamarca,250,70 kg,Almacafé,"February 1st, 2011",Caturra,Washed / Wet,7.67,7.33,7.33,7.58,7.33,7.33,7.33,81.92,0.09,0,Green,1,1600.0,Alta (Arabica)
Arabica,juan luis alvarado romero,Guatemala,oriente,25,69 kg,Asociacion Nacional Del Café,"August 22nd, 2017",Bourbon,Washed / Wet,7.42,7.5,7.25,7.5,7.33,7.42,7.42,81.83,0.1,1,Green,1,48.12377472000001,Baja (Arabica)
Arabica,troy quimby,Costa Rica,tarrazu,15,46 kg,Specialty Coffee Association,"February 13th, 2017",Catuai,Pulped Natural / Honey,7.25,7.33,7.5,7.33,7.67,7.42,7.33,81.83,0.0,1,Green,4,1900.0,Premium (Arabica)
Arabica,gabriel barbara,Brazil,monte carmelo,200,59 kg,Brazil Specialty Coffee Association,"January 20th, 2017",Mundo Novo,Natural / Dry,7.42,7.5,7.42,7.5,7.42,7.25,7.33,81.83,0.11,0,Green,3,973.0,Baja (Arabica)
Arabica,aulia arif syahri,Indonesia,bali,166,30 kg,Specialty Coffee Association,"January 19th, 2017",Other,Other,7.75,7.83,7.58,7.75,7.92,7.83,5.17,81.83,0.11,0,Green,0,1250.0,Media (Arabica)
Arabica,juan luis alvarado romero,Guatemala,norte,130,69 kg,Asociacion Nacional Del Café,"August 2nd, 2016",Bourbon,Washed / Wet,7.58,7.5,7.33,7.42,7.58,7.25,7.17,81.83,0.1,2,Green,6,3280.0,Premium (Arabica)
Arabica,ipanema coffees,Brazil,south of minas,320,2 kg,Brazil Specialty Coffee Association,"October 8th, 2015",Yellow Bourbon,Natural / Dry,7.17,7.58,6.83,7.5,7.75,7.25,7.75,81.83,0.0,0,Green,1,1.0,Baja (Arabica)
Arabica,ipanema coffees,Brazil,south of minas,300,2 kg,Brazil Specialty Coffee Association,"October 8th, 2015",Yellow Bourbon,Natural / Dry,7.58,7.0,6.92,6.92,7.67,7.5,8.25,81.83,0.0,0,Green,0,1.0,Baja (Arabica)
Arabica,u mg mg,Myanmar,ywar ngan,1,2 kg,Coffee Quality Institute,"July 17th, 2015",Catuai,Washed / Wet,7.33,7.58,7.5,7.42,7.33,7.33,7.33,81.83,0.0,0,Green,2,4001.0,Premium (Arabica)
Arabica,viridiana,Mexico,chiapas,250,2 kg,Asociación Mexicana De Cafés y Cafeterías De Especialidad A.C.,"June 25th, 2015",Catuai,Washed / Wet,7.58,7.5,7.33,7.5,7.17,7.33,7.42,81.83,0.11,0,Green,7,1425.0,Media (Arabica)
Arabica,cadexsa,Honduras,marcala,275,1 kg,Instituto Hondureño del Café,"May 12th, 2015",Catuai,Washed / Wet,7.5,7.5,7.33,7.5,7.42,7.25,7.33,81.83,0.12,0,Green,1,1400.0,Media (Arabica)
Arabica,"cafetalera internacional cafinter, s.a.",Costa Rica,tres rios,275,18975 kg,Specialty Coffee Association of Costa Rica,"May 7th, 2015",Caturra,Washed / Wet,7.67,7.5,7.5,7.25,7.08,7.42,7.42,81.83,0.09,0,Green,0,1300.0,Media (Arabica)
Arabica,"lin, che-hao krude 林哲豪",Taiwan,"dongshan dist., tainan city 臺南市東山區",8,5 kg,Specialty Coffee Association,"April 30th, 2015",Typica,Washed / Wet,7.67,7.33,7.17,7.25,7.75,7.33,7.33,81.83,0.0,0,Green,0,700.0,Baja (Arabica)
Arabica,essencecoffee,Indonesia,lington nihuta,300,10 kg,Blossom Valley International,"March 21st, 2015",Typica,Other,7.42,7.42,7.42,7.33,7.42,7.42,7.42,81.83,0.11,2,Blue-Green,6,1300.0,Media (Arabica)
Arabica,afca,Malawi,kakoma,24,60 kg,Africa Fine Coffee Association,"October 31st, 2014",Gesha,Washed / Wet,7.58,7.42,7.33,7.33,7.33,7.42,7.42,81.83,0.13,0,Green,0,1556.0,Alta (Arabica)
Arabica,ipanema coffees,Brazil,south of minas,320,2 kg,Specialty Coffee Association,"October 15th, 2014",Bourbon,Natural / Dry,7.33,7.58,7.25,7.17,7.83,7.33,7.33,81.83,0.11,0,Green,0,1100.0,Media (Arabica)
Arabica,Desconocido,Honduras,comayagua,275,1 kg,Instituto Hondureño del Café,"May 16th, 2014",Caturra,Natural / Dry,7.5,7.5,7.33,7.33,7.33,7.33,7.5,81.83,0.1,0,Green,4,1350.0,Media (Arabica)
Arabica,kurt kappeli,Mexico,"siltepec el triunfo, chiapas, mexico",280,2 kg,Specialty Coffee Association,"April 26th, 2014",Typica,Washed / Wet,7.42,7.42,7.25,7.5,7.33,7.42,7.5,81.83,0.11,0,Green,0,1550.0,Alta (Arabica)
Arabica,racafe & cia s.c.a,Colombia,huila,50,70 kg,Almacafé,"July 19th, 2013",Caturra,Washed / Wet,7.5,7.5,7.0,7.42,7.5,7.58,7.33,81.83,0.0,2,Blue-Green,0,1775.0,Alta (Arabica)
Arabica,kona pacific farmers cooperative,United States (Hawaii),kona,19,100 lbs,Specialty Coffee Association,"March 6th, 2013",Hawaiian Kona,Natural / Dry,7.83,7.83,7.83,8.0,7.83,7.83,8.0,81.83,0.0,1,Blue-Green,1,157.93516800000003,Baja (Arabica)
Arabica,jacques pereira carneiro,Brazil,sul de minas,300,60 kg,Specialty Coffee Association,"March 2nd, 2013",Bourbon,Semi-Washed / Semi-Pulped,7.75,7.75,7.5,7.42,7.83,7.75,7.83,81.83,0.12,0,Blue-Green,0,1250.0,Media (Arabica)
Arabica,juan luis alvarado romero,Guatemala,oriente,250,69 kg,Asociacion Nacional Del Café,"February 26th, 2013",Bourbon,Washed / Wet,7.83,7.67,7.33,7.33,7.67,7.83,7.5,81.83,0.11,0,Green,1,399.48307200000005,Baja (Arabica)
Arabica,christina dusing,Mexico,veracruz,302,1 kg,AMECAFE,"August 31st, 2012",Bourbon,Washed / Wet,7.83,7.33,7.25,7.58,7.25,7.33,7.25,81.83,0.12,0,Green,2,1500.0,Alta (Arabica)
Arabica,jorge francisco martinez hachity,Mexico,coatepec,15,1 kg,AMECAFE,"July 11th, 2012",Typica,Semi-Washed / Semi-Pulped,7.33,7.33,7.25,7.5,7.5,7.5,7.42,81.83,0.12,0,Green,10,1250.0,Media (Arabica)
Arabica,nucoffee,Brazil,cerrado,58,60 kg,NUCOFFEE,"October 28th, 2011",Mundo Novo,Natural / Dry,7.33,7.67,7.25,7.5,7.5,7.25,7.33,81.83,0.02,0,Green,2,925.0,Baja (Arabica)
Arabica,exportadora de cafe condor s.a,Colombia,huila,250,70 kg,Almacafé,"June 14th, 2011",Caturra,Washed / Wet,7.58,7.5,7.17,7.58,7.33,7.33,7.33,81.83,0.05,0,Green,0,1700.0,Alta (Arabica)
Arabica,kona pacific farmers cooperative,United States (Hawaii),kona,30,0 lbs,Specialty Coffee Association,"May 24th, 2010",Hawaiian Kona,Natural / Dry,7.25,7.58,7.83,7.67,7.75,7.75,7.33,81.83,0.02,3,Blue-Green,12,157.93516800000003,Baja (Arabica)
Arabica,juan luis alvarado romero,Guatemala,san marcos,50,69 kg,Asociacion Nacional Del Café,"June 22nd, 2017",Bourbon,Washed / Wet,7.5,7.5,7.25,7.42,7.42,7.33,7.33,81.75,0.11,0,Green,1,1700.0,Alta (Arabica)
Arabica,"sunvirtue co., ltd.",Vietnam,vietnam,1,2 kg,Specialty Coffee Association,"December 21st, 2015",Caturra,Washed / Wet,7.0,7.08,7.33,7.5,7.5,7.33,8.0,81.75,0.12,0,Blue-Green,0,1040.0,Media (Arabica)
Arabica,ngorogoro convenant estate,"Tanzania, United Republic Of",ngorogoro,1,60 kg,Africa Fine Coffee Association,"January 8th, 2015",Other,Washed / Wet,7.42,7.42,7.42,7.42,7.33,7.33,7.42,81.75,0.12,0,Blue-Green,4,1600.0,Alta (Arabica)
Arabica,cafe politico,Brazil,Other,1,5 lbs,Specialty Coffee Association,"August 25th, 2014",Bourbon,Natural / Dry,7.17,7.25,7.17,7.25,7.42,8.25,7.25,81.75,0.1,0,Blue-Green,1,1000.0,Media (Arabica)
Arabica,saul m. hernandez ramirez,Mexico,"tenango de doria, hidalgo",10,1 kg,AMECAFE,"September 27th, 2012",Bourbon,Washed / Wet,7.5,7.5,7.33,7.42,7.25,7.25,7.5,81.75,0.13,2,Green,9,774.0,Baja (Arabica)
Arabica,sergio landa alarcon,Mexico,tepictla,100,1 kg,AMECAFE,"September 10th, 2012",Mundo Novo,Washed / Wet,7.42,7.5,7.17,7.67,7.33,7.42,7.25,81.75,0.13,0,Green,23,1250.0,Media (Arabica)
Arabica,diego manuel woolrich ramirez,Mexico,oaxaca,42,1 kg,AMECAFE,"September 4th, 2012",Typica,Washed / Wet,7.42,7.5,7.33,7.58,7.33,7.33,7.25,81.75,0.11,0,Green,1,1100.0,Media (Arabica)
Arabica,armando luis pohlenz martinez,Mexico,la concordia,250,1 kg,AMECAFE,"August 30th, 2012",Caturra,Washed / Wet,7.33,7.42,7.33,7.67,7.42,7.25,7.33,81.75,0.12,10,Green,14,1550.0,Alta (Arabica)
Arabica,enrique eduardo lopez aguilar,Mexico,la concordia,28,1 kg,AMECAFE,"June 6th, 2012",Typica,Washed / Wet,7.5,7.42,7.25,7.33,7.67,7.25,7.33,81.75,0.12,0,Green,1,1650.0,Alta (Arabica)
Arabica,exportadora de cafe condor s.a,Colombia,huila,250,70 kg,Almacafé,"December 22nd, 2011",Caturra,Washed / Wet,7.33,7.42,7.33,7.33,7.5,7.67,7.17,81.75,0.0,0,Green,1,1750.0,Alta (Arabica)
Arabica,racafe & cia s.c.a,Colombia,huila,275,70 kg,Almacafé,"October 4th, 2011",Caturra,Washed / Wet,7.42,7.58,6.92,7.08,7.25,8.0,7.5,81.75,0.08,0,Green,0,1775.0,Alta (Arabica)
Arabica,ipanema coffees,Brazil,south of minas,320,60 kg,Brazil Specialty Coffee Association,"October 20th, 2017",Bourbon,Natural / Dry,7.42,7.5,7.25,7.5,7.5,7.25,7.25,81.67,0.11,0,Green,5,890.0,Baja (Arabica)
Arabica,juan luis alvarado romero,Guatemala,san marcos,50,69 kg,Asociacion Nacional Del Café,"August 22nd, 2017",Bourbon,Washed / Wet,7.42,7.42,7.08,7.42,7.33,7.42,7.58,81.67,0.1,0,Green,1,1700.0,Alta (Arabica)
Arabica,juan luis alvarado romero,Guatemala,santa rosa,80,69 kg,Asociacion Nacional Del Café,"June 5th, 2017",Bourbon,Washed / Wet,7.42,7.33,7.17,7.67,7.33,7.42,7.33,81.67,0.12,0,Green,3,371.61216,Baja (Arabica)
Arabica,cadexsa,Honduras,marcala,275,69 kg,Instituto Hondureño del Café,"May 2nd, 2016",Catuai,Washed / Wet,7.58,7.5,7.33,7.33,7.42,7.25,7.25,81.67,0.11,0,Blue-Green,2,1450.0,Media (Arabica)
Arabica,taylor winch (coffee) ltd.,"Tanzania, United Republic Of",mbinga,320,60 kg,Tanzanian Coffee Board,"April 27th, 2016",Other,Washed / Wet,7.17,7.33,7.33,7.42,7.5,7.33,7.58,81.67,0.0,0,Green,1,1800.0,Premium (Arabica)
Arabica,"comercial internacional exportadora, s.a.",Nicaragua,jinotega,275,69 kg,Instituto Hondureño del Café,"March 11th, 2016",Caturra,Washed / Wet,7.58,7.5,7.25,7.25,7.5,7.25,7.33,81.67,0.1,0,Green,1,1100.0,Media (Arabica)
Arabica,racafe & cia s.c.a,Colombia,la plata,165,70 kg,Almacafé,"January 21st, 2016",Caturra,Washed / Wet,7.75,7.75,7.75,7.67,5.25,7.83,7.67,81.67,0.0,0,Green,1,1750.0,Alta (Arabica)
Arabica,ipanema coffees,Brazil,south of minas,320,2 kg,Brazil Specialty Coffee Association,"October 8th, 2015",Yellow Bourbon,Natural / Dry,7.25,7.75,6.92,7.42,7.5,7.58,7.25,81.67,0.0,0,Green,0,1.0,Baja (Arabica)
Arabica,dae ltd company,"Tanzania, United Republic Of",mbinga,20,60 kg,Africa Fine Coffee Association,"January 2nd, 2015",Other,Washed / Wet,7.42,7.33,7.25,7.42,7.5,7.42,7.33,81.67,0.12,0,Green,0,1500.0,Alta (Arabica)
Arabica,tembo coffee company ltd,"Tanzania, United Republic Of","ilomba vilage, mbozi",10,60 kg,Africa Fine Coffee Association,"December 15th, 2014",Other,Washed / Wet,7.33,7.33,7.5,7.25,7.42,7.33,7.5,81.67,0.12,0,Green,7,1700.0,Alta (Arabica)
Arabica,ipanema coffees,Brazil,south of minas,300,2 kg,Specialty Coffee Association,"October 16th, 2014",Bourbon,Washed / Wet,7.25,7.42,7.25,7.5,7.5,7.42,7.33,81.67,0.1,0,Green,2,1260.0,Media (Arabica)
Arabica,chris finch,Indonesia,bener meriah,320,4 kg,Specialty Coffee Association,"May 23rd, 2014",Sumatra,Semi-Washed / Semi-Pulped,7.17,7.42,7.33,7.42,7.33,7.42,7.58,81.67,0.11,0,Blue-Green,0,1350.0,Media (Arabica)
Arabica,Desconocido,Honduras,comayagua,275,1 kg,Instituto Hondureño del Café,"May 16th, 2014",Caturra,Natural / Dry,7.5,7.33,7.5,7.5,7.17,7.17,7.5,81.67,0.1,0,Green,5,1400.0,Media (Arabica)
Arabica,"ceca, s.a.",Costa Rica,tarrazu,275,69 kg,Specialty Coffee Association of Costa Rica,"April 26th, 2014",Caturra,Washed / Wet,7.5,7.17,7.17,7.17,7.5,7.08,8.08,81.67,0.11,0,Green,3,1850.0,Premium (Arabica)
Arabica,dane loraas,Mexico,veracruz,320,5 lbs,Specialty Coffee Association,"April 2nd, 2014",Typica,Washed / Wet,7.42,7.42,7.67,8.0,7.58,7.5,7.42,81.67,0.0,0,Green,4,1250.0,Media (Arabica)
Arabica,cqi taiwan icp cqi台灣合作夥伴,Taiwan,changhua baguashan 彰化市八卦山,10,30 kg,Blossom Valley International,"December 26th, 2013",Typica,Semi-Washed / Semi-Pulped,7.5,7.5,7.5,7.25,7.42,7.25,7.25,81.67,0.11,0,Green,0,150.0,Baja (Arabica)
Arabica,cqi taiwan icp cqi台灣合作夥伴,Taiwan,nantou,10,30 kg,Blossom Valley International,"December 26th, 2013",Typica,Washed / Wet,7.58,7.42,7.33,7.42,7.33,7.33,7.25,81.67,0.11,0,Green,0,750.0,Baja (Arabica)
Arabica,fredy gordillo reyes,Mexico,"la concordia, chiapas",310,1 kg,AMECAFE,"March 29th, 2013",Typica,Washed / Wet,7.5,7.42,7.08,7.58,7.33,7.33,7.42,81.67,0.12,0,Green,6,1400.0,Media (Arabica)
Arabica,juan luis alvarado romero,Guatemala,jalapa,275,69 kg,Asociacion Nacional Del Café,"October 5th, 2012",Bourbon,Washed / Wet,7.5,7.67,7.33,7.33,7.33,7.33,7.17,81.67,0.11,0,Green,4,534.19248,Baja (Arabica)
Arabica,virginia gordillo gordillo,Mexico,tuxtla gutierrez,100,1 kg,AMECAFE,"September 11th, 2012",Typica,Washed / Wet,7.25,7.67,7.58,7.67,7.67,7.58,7.58,81.67,0.13,1,Green,13,1650.0,Alta (Arabica)
Arabica,jose luis munoz guerrero,Mexico,yajalon,15,1 kg,AMECAFE,"August 30th, 2012",Bourbon,Washed / Wet,7.67,7.25,7.17,7.75,7.5,7.25,7.08,81.67,0.11,0,Green,4,1400.0,Media (Arabica)
Arabica,christina dusing,Mexico,veracruz,275,1 kg,AMECAFE,"July 27th, 2012",Bourbon,Washed / Wet,7.5,7.42,7.33,7.42,7.42,7.42,7.17,81.67,0.11,0,Green,2,1200.0,Media (Arabica)
Arabica,alfredo bojalil,Mexico,"la concordia, chiapas",250,1 kg,AMECAFE,"April 2nd, 2012",Bourbon,Washed / Wet,7.58,7.42,7.25,7.58,7.25,7.17,7.42,81.67,0.11,0,Green,2,1400.0,Media (Arabica)
Arabica,miguel cortes moreno,Mexico,"sacún palma, municipio de chilón, chiapas",12,1 kg,AMECAFE,"February 29th, 2012",Caturra,Semi-Washed / Semi-Pulped,7.75,7.58,7.25,7.17,7.58,7.33,7.67,81.67,0.11,0,Green,4,940.0,Baja (Arabica)
Arabica,kona pacific farmers cooperative,United States (Hawaii),kona,13,100 lbs,Specialty Coffee Association,"February 8th, 2012",Hawaiian Kona,Washed / Wet,7.42,7.33,7.33,7.33,7.17,7.83,7.25,81.67,0.1,1,Green,1,157.93516800000003,Baja (Arabica)
Arabica,mdh,Honduras,western region,275,69 kg,Instituto Hondureño del Café,"January 19th, 2018",Catimor,Washed / Wet,7.5,7.42,7.08,7.42,7.5,7.33,7.33,81.58,0.11,0,Blue-Green,3,1200.0,Media (Arabica)
Arabica,juan luis alvarado romero,Guatemala,huehuetenango,25,69 kg,Asociacion Nacional Del Café,"June 1st, 2017",Bourbon,Washed / Wet,7.42,7.42,7.08,7.5,7.42,7.33,7.42,81.58,0.12,0,Green,0,190164.0,Premium (Arabica)
Arabica,"lin, che-hao krude 林哲豪",Taiwan,natou county,20,50 kg,Specialty Coffee Association,"July 15th, 2016",Typica,Washed / Wet,7.42,7.42,7.25,7.67,7.33,7.25,7.25,81.58,0.1,0,Blue-Green,0,800.0,Baja (Arabica)
Arabica,"ceca, s.a.",Costa Rica,turrialba,250,69 kg,Specialty Coffee Association of Costa Rica,"February 3rd, 2015",Caturra,Washed / Wet,7.58,7.42,7.5,7.17,7.08,7.58,7.25,81.58,0.12,0,Green,1,13.0,Baja (Arabica)
Arabica,acacia hills ltd,"Tanzania, United Republic Of","oldeani , mongola",100,60 kg,Africa Fine Coffee Association,"December 18th, 2014",Other,Washed / Wet,7.42,7.42,7.33,7.42,7.42,7.33,7.25,81.58,0.12,0,Green,5,1800.0,Premium (Arabica)
Arabica,afca,Malawi,mzuzu,10,60 kg,Africa Fine Coffee Association,"October 31st, 2014",Gesha,Washed / Wet,7.42,7.42,7.17,7.58,7.33,7.33,7.33,81.58,0.13,0,Green,0,1100.0,Media (Arabica)
Arabica,"lin, che-hao krude 林哲豪",Taiwan,natou county,50,20 kg,Specialty Coffee Association,"August 25th, 2014",Typica,Semi-Washed / Semi-Pulped,7.33,7.17,7.08,7.08,8.33,8.25,7.0,81.58,0.0,0,Green,0,850.0,Baja (Arabica)
Arabica,ipanema coffees,Brazil,south of minas,300,60 kg,NUCOFFEE,"November 6th, 2013",Yellow Bourbon,Washed / Wet,7.42,7.42,7.33,7.33,7.5,7.25,7.33,81.58,0.12,0,Blue-Green,3,1260.0,Media (Arabica)
Arabica,juan luis alvarado romero,Guatemala,oriente,250,69 kg,Asociacion Nacional Del Café,"July 16th, 2013",Bourbon,Washed / Wet,7.42,7.33,7.17,7.58,7.42,7.5,7.17,81.58,0.12,0,Green,1,399.48307200000005,Baja (Arabica)
Arabica,fredy gordillo reyes,Mexico,"la concordia, chiapas",310,1 kg,AMECAFE,"March 29th, 2013",Typica,Washed / Wet,7.67,7.5,7.42,7.5,6.75,7.42,7.33,81.58,0.12,0,Green,9,1400.0,Media (Arabica)
Arabica,enrique eduardo lopez aguilar,Mexico,la concordia,28,1 kg,AMECAFE,"June 6th, 2012",Marigojipe,Natural / Dry,7.33,7.5,7.25,7.5,7.5,7.17,7.33,81.58,0.11,0,Green,0,1600.0,Alta (Arabica)
Arabica,enrique eduardo lopez aguilar,Mexico,la concordia,28,1 kg,AMECAFE,"June 6th, 2012",Typica,Natural / Dry,7.67,7.58,7.42,7.58,7.58,7.42,7.67,81.58,0.11,0,Green,2,1650.0,Alta (Arabica)
Arabica,doi chaang coffee company,Thailand,"doi chaang village, chiang rai, thialand",12,50 kg,Specialty Coffee Association,"November 16th, 2011",Caturra,Washed / Wet,7.08,7.33,7.58,7.58,7.17,7.5,7.33,81.58,0.01,0,Blue-Green,0,457.17585984000004,Baja (Arabica)
Arabica,doi tung development project,Thailand,Other,1,60 kg,Specialty Coffee Association,"August 16th, 2011",Caturra,Washed / Wet,7.33,7.33,7.17,7.5,7.58,7.33,7.33,81.58,0.2,0,Blue-Green,0,800.0,Baja (Arabica)
Arabica,benjamin schmerler,Costa Rica,tarrazu,1,60 kg,Specialty Coffee Association,"June 14th, 2011",Caturra,Washed / Wet,7.25,7.17,7.33,7.33,7.5,7.75,7.25,81.58,0.0,0,Green,1,487.74096000000003,Baja (Arabica)
Arabica,juan luis alvarado romero,Guatemala,santa rosa,50,69 kg,Asociacion Nacional Del Café,"August 23rd, 2017",Bourbon,Washed / Wet,7.67,7.58,7.17,7.42,7.33,7.42,7.58,81.5,0.1,0,Green,0,371.61216,Baja (Arabica)
Arabica,"exportadora atlantic, s.a.",Nicaragua,jalapa,550,69 kg,Instituto Hondureño del Café,"June 20th, 2017",Caturra,Other,7.5,7.42,7.33,7.33,7.25,7.33,7.33,81.5,0.11,0,Green,3,1100.0,Media (Arabica)
Arabica,elsy reyes,Honduras,comayagua,275,69 kg,Instituto Hondureño del Café,"June 3rd, 2017",Caturra,Washed / Wet,7.5,7.5,7.33,7.42,7.17,7.25,7.33,81.5,0.1,0,Green,5,1400.0,Media (Arabica)
Arabica,juan luis alvarado romero,Guatemala,santa rosa,50,69 kg,Asociacion Nacional Del Café,"June 1st, 2017",Bourbon,Washed / Wet,7.5,7.42,7.25,7.25,7.5,7.25,7.33,81.5,0.12,0,Green,0,448.25716800000004,Baja (Arabica)
Arabica,cqi taiwan icp cqi台灣合作夥伴,Taiwan,古坑鄉荷包村尖山坑60號,123,2 kg,Blossom Valley International,"September 17th, 2015",Typica,Natural / Dry,7.5,7.42,7.33,7.08,7.58,7.25,7.33,81.5,0.12,0,Green,2,180.0,Baja (Arabica)
Arabica,genius coffee,Myanmar,ywar ngan township,1,1 kg,Coffee Quality Institute,"July 17th, 2015",Catuai,Washed / Wet,7.25,7.42,7.25,7.5,7.33,7.33,7.42,81.5,0.0,0,Green,4,371.61216,Baja (Arabica)
Arabica,santa laura exportadora de cafe s.l.e.c. s.a.,Costa Rica,occidental,250,1 kg,Specialty Coffee Association of Costa Rica,"January 7th, 2015",Caturra,Washed / Wet,7.83,7.33,7.08,7.08,7.33,7.5,7.33,81.5,0.12,1,Green,2,1200.0,Media (Arabica)
Arabica,afca,Malawi,mzuzu,15,60 kg,Africa Fine Coffee Association,"November 4th, 2014",Gesha,Washed / Wet,7.67,7.42,6.92,7.5,7.5,7.17,7.33,81.5,0.12,0,Green,0,1599.0,Alta (Arabica)
Arabica,juan luis alvarado romero,Guatemala,oriente,250,69 kg,Asociacion Nacional Del Café,"September 23rd, 2014",Other,Washed / Wet,7.5,7.42,7.17,7.58,7.25,7.42,7.17,81.5,0.12,0,Green,0,371.61216,Baja (Arabica)
Arabica,"lin, che-hao krude 林哲豪",Taiwan,natou county,50,20 kg,Specialty Coffee Association,"August 18th, 2014",Typica,Washed / Wet,7.42,7.33,7.67,7.33,7.42,7.5,7.5,81.5,0.11,0,Blue-Green,0,900.0,Baja (Arabica)
Arabica,jacques pereira carneiro,Brazil,sul de minas,300,60 kg,Specialty Coffee Association,"July 29th, 2014",Yellow Bourbon,Semi-Washed / Semi-Pulped,7.58,7.5,7.5,7.67,7.67,7.83,7.75,81.5,0.0,1,Green,1,1200.0,Media (Arabica)
Arabica,myriam kaplan-pasternak,Haiti,"dondon, haiti",300,4 lbs,Specialty Coffee Association,"May 5th, 2014",Blue Mountain,Washed / Wet,7.42,7.33,7.25,7.42,7.42,7.33,7.33,81.5,0.11,0,Blue-Green,0,825.0,Baja (Arabica)
Arabica,cqi taiwan icp cqi台灣合作夥伴,Taiwan,taichung xinshe 台中市新社區,5,30 kg,Blossom Valley International,"December 26th, 2013",Typica,Other,7.5,7.42,7.25,7.25,7.33,7.33,7.42,81.5,0.11,0,Green,0,600.0,Baja (Arabica)
Arabica,alfredo bojalil,Mexico,"la concordia, chiapas",250,1 kg,AMECAFE,"March 11th, 2013",Typica,Washed / Wet,7.33,7.33,7.17,7.42,7.5,7.5,7.25,81.5,0.13,0,Green,2,1150.0,Media (Arabica)
Arabica,alfredo bojalil,Mexico,amatenango de la frontera,250,1 kg,AMECAFE,"August 30th, 2012",Typica,Washed / Wet,7.58,7.42,7.25,7.42,7.33,7.33,7.17,81.5,0.12,0,Green,5,1600.0,Alta (Arabica)
Arabica,jose luis munoz guerrero,Mexico,temaxcalapa,30,1 kg,AMECAFE,"August 29th, 2012",Catuai,Washed / Wet,7.42,7.25,7.17,7.42,7.17,8.0,7.08,81.5,0.12,0,Green,10,1100.0,Media (Arabica)
Arabica,jose luis munoz guerrero,Mexico,manzanillo,20,1 kg,AMECAFE,"August 1st, 2012",Typica,Semi-Washed / Semi-Pulped,7.33,7.5,7.33,7.33,7.33,7.42,7.25,81.5,0.11,0,Green,6,1000.0,Media (Arabica)
Arabica,tomas edelmann blass,Mexico,tapachula,50,80 kg,AMECAFE,"July 26th, 2012",Bourbon,Washed / Wet,7.42,7.42,7.33,7.17,7.25,7.42,7.5,81.5,0.13,0,Green,5,1250.0,Media (Arabica)
Arabica,maria de la paz aguilar guillen,Mexico,atoyac de alvarez,15,1 kg,AMECAFE,"July 26th, 2012",Typica,Natural / Dry,7.5,7.5,7.25,7.5,7.42,7.58,7.42,81.5,0.11,0,Green,3,1100.0,Media (Arabica)
Arabica,specialty coffee association of indonesia,Indonesia,ijen,10,60 kg,Specialty Coffee Association of Indonesia,"May 24th, 2012",Other,Washed / Wet,7.75,7.17,7.17,7.33,7.58,7.33,7.17,81.5,0.12,0,Green,0,1400.0,Media (Arabica)
Arabica,jacques pereira carneiro,Brazil,sul de minas,300,1 kg,NUCOFFEE,"April 12th, 2012",Bourbon,Semi-Washed / Semi-Pulped,7.5,7.42,7.17,7.42,7.5,7.33,7.17,81.5,0.12,0,Blue-Green,2,125.0,Baja (Arabica)
Arabica,juan luis alvarado romero,Guatemala,oriente,250,1 kg,Asociacion Nacional Del Café,"January 25th, 2012",Bourbon,Washed / Wet,7.33,7.5,7.33,7.42,7.17,7.33,7.42,81.5,0.11,0,Green,1,448.25716800000004,Baja (Arabica)
Arabica,racafe & cia s.c.a,Colombia,cauca,250,70 kg,Almacafé,"September 7th, 2011",Caturra,Washed / Wet,7.42,7.42,7.17,7.42,7.42,7.33,7.33,81.5,0.06,1,Green,0,1450.0,Media (Arabica)
Arabica,kona pacific farmers cooperative,United States (Hawaii),kona,16,1,Specialty Coffee Association,"June 29th, 2010",Hawaiian Kona,Natural / Dry,7.33,7.33,7.33,7.5,7.5,7.83,7.33,81.5,0.0,0,Blue-Green,17,157.93516800000003,Baja (Arabica)
Arabica,cafes tomari sa de cv,Mexico,veracruz,200,69 kg,Centro Agroecológico del Café A.C.,"May 12th, 2017",Mundo Novo,Washed / Wet,7.58,7.33,7.08,7.33,7.5,7.33,7.25,81.42,0.12,1,Green,17,1100.0,Media (Arabica)
Arabica,juan luis alvarado romero,Guatemala,san marcos,450,69 kg,Asociacion Nacional Del Café,"March 17th, 2016",Catuai,Washed / Wet,7.42,7.33,7.08,7.58,7.33,7.25,7.42,81.42,0.1,0,Green,0,418.06368,Baja (Arabica)
Arabica,cafebras,Brazil,cerrado,300,60 kg,Brazil Specialty Coffee Association,"December 3rd, 2015",Catuai,Natural / Dry,7.33,7.5,7.5,7.33,6.83,7.42,7.5,81.42,0.11,0,Green,2,1100.0,Media (Arabica)
Arabica,cadexsa,Honduras,marcala,275,1 kg,Instituto Hondureño del Café,"May 12th, 2015",Catuai,Washed / Wet,7.5,7.33,7.17,7.25,7.5,7.42,7.25,81.42,0.12,0,Green,1,1400.0,Media (Arabica)
Arabica,cqi taiwan icp cqi台灣合作夥伴,Taiwan,苗栗三灣,10,60 kg,Blossom Valley International,"November 23rd, 2014",Typica,Washed / Wet,7.83,7.75,7.42,7.17,7.08,7.08,7.08,81.42,0.12,0,Green,0,110.0,Baja (Arabica)
Arabica,afca,Malawi,mzuzu,12,60 kg,Africa Fine Coffee Association,"November 4th, 2014",Gesha,Washed / Wet,7.58,7.17,7.33,7.42,7.08,7.42,7.42,81.42,0.12,0,Blue-Green,0,1422.0,Media (Arabica)
Arabica,ipanema coffees,Brazil,south of minas,320,2 kg,Specialty Coffee Association,"October 17th, 2014",Bourbon,Natural / Dry,7.25,7.5,7.42,7.17,7.33,7.33,7.42,81.42,0.0,0,Green,0,1100.0,Media (Arabica)
Arabica,juan luis alvarado romero,Guatemala,"san lucas toliman, solola",250,69 kg,Asociacion Nacional Del Café,"May 26th, 2014",Bourbon,Washed / Wet,7.42,7.5,7.17,7.42,7.42,7.42,7.08,81.42,0.1,0,Green,6,1550.0,Alta (Arabica)
Arabica,kurt kappeli,Mexico,siltepec el triunfo,280,2 kg,Specialty Coffee Association,"May 1st, 2014",Typica,Washed / Wet,7.67,7.33,7.25,7.17,7.25,7.42,7.33,81.42,0.0,1,Green,1,1550.0,Alta (Arabica)
Arabica,dane loraas,Peru,puno,280,5 lbs,Specialty Coffee Association,"February 27th, 2014",Caturra,Washed / Wet,7.42,7.42,7.17,7.33,7.42,7.42,7.25,81.42,0.1,1,Blue-Green,5,1300.0,Media (Arabica)
Arabica,juan luis alvarado romero,Guatemala,oriente,250,69 kg,Asociacion Nacional Del Café,"October 7th, 2013",Bourbon,Washed / Wet,7.42,7.33,7.25,7.42,7.42,7.5,7.08,81.42,0.12,0,Green,4,399.48307200000005,Baja (Arabica)
Arabica,saul m. hernandez ramirez,Mexico,"huazalingo, hidalgo",10,1 kg,AMECAFE,"September 27th, 2012",Caturra,Washed / Wet,7.42,7.33,7.25,7.17,7.25,7.42,7.58,81.42,0.13,1,Green,8,763.0,Baja (Arabica)
Arabica,grupo cafetalero los brujos spr de rl,Mexico,"coatepec, coatepec",20,1 kg,AMECAFE,"June 6th, 2012",Typica,Washed / Wet,7.42,7.42,7.25,7.25,7.5,7.33,7.25,81.42,0.13,0,Green,1,1100.0,Media (Arabica)
Arabica,exportadora de cafe condor s.a,Colombia,huila,250,70 kg,Almacafé,"November 11th, 2011",Caturra,Natural / Dry,7.5,7.42,7.25,7.17,7.17,7.75,7.17,81.42,0.11,0,Green,0,1750.0,Alta (Arabica)
Arabica,exportadora de cafe condor s.a,Colombia,cauca,250,70 kg,Almacafé,"February 22nd, 2011",Caturra,Washed / Wet,7.75,7.33,7.42,7.0,7.33,7.25,7.33,81.42,0.16,0,Green,2,1880.0,Premium (Arabica)
Arabica,kona pacific farmers cooperative,United States (Hawaii),kona,27,0 lbs,Specialty Coffee Association,"May 24th, 2010",Peaberry,Natural / Dry,7.83,7.0,7.0,7.58,7.58,7.5,6.92,81.42,0.01,0,Blue-Green,10,157.93516800000003,Baja (Arabica)
Arabica,racafe & cia s.c.a,Colombia,huila,230,70 kg,Almacafé,"November 8th, 2016",Caturra,Washed / Wet,7.5,7.33,7.33,7.17,7.33,7.42,7.25,81.33,0.0,0,Green,0,1750.0,Alta (Arabica)
Arabica,bismarck castro,Honduras,comayagua,275,69 kg,Instituto Hondureño del Café,"June 9th, 2016",Caturra,Washed / Wet,7.5,7.5,7.0,7.17,7.5,7.33,7.33,81.33,0.11,0,Blue-Green,3,1500.0,Alta (Arabica)
Arabica,angel oscar medina rodriguez,Mexico,veracruz,220,69 kg,Centro Agroecológico del Café A.C.,"February 25th, 2016",Typica,Washed / Wet,7.67,7.42,7.0,7.42,7.58,7.08,7.17,81.33,0.12,0,Green,0,1130.0,Media (Arabica)
Arabica,cafebras,Brazil,cerrado,300,60 kg,Brazil Specialty Coffee Association,"November 20th, 2015",Catuai,Natural / Dry,7.25,7.33,7.33,7.33,7.33,7.42,7.33,81.33,0.11,0,Green,14,1100.0,Media (Arabica)
Arabica,cadexsa,Honduras,marcala,275,1 kg,Instituto Hondureño del Café,"May 22nd, 2015",Catuai,Washed / Wet,7.58,7.42,7.17,7.42,7.17,7.17,7.42,81.33,0.09,0,Green,4,1350.0,Media (Arabica)
Arabica,jacques pereira carneiro,Brazil,mantiqueira de minas,300,60 kg,Brazil Specialty Coffee Association,"December 16th, 2014",Yellow Bourbon,Other,7.17,7.33,7.42,7.25,7.42,7.33,7.42,81.33,0.12,0,Green,6,1200.0,Media (Arabica)
Arabica,victoria,Philippines,"davao city, region 11",2,2 kg,Specialty Coffee Association,"November 13th, 2014",Other,Washed / Wet,7.08,7.33,7.42,7.33,7.33,7.5,7.33,81.33,0.14,0,Green,3,1400.0,Media (Arabica)
Arabica,afca,Malawi,mzuzu,31,60 kg,Africa Fine Coffee Association,"November 4th, 2014",Gesha,Washed / Wet,7.75,7.33,7.08,7.33,7.33,7.25,7.25,81.33,0.13,0,Green,1,1200.0,Media (Arabica)
Arabica,mayra yessenia torres,Honduras,san marcos,275,1 kg,Instituto Hondureño del Café,"January 22nd, 2014",Catuai,Washed / Wet,7.33,7.33,7.17,7.33,7.5,7.33,7.33,81.33,0.12,0,Green,3,1450.0,Media (Arabica)
Arabica,julio perez hernandez,Mexico,tapachula,250,1 kg,AMECAFE,"August 30th, 2012",Typica,Washed / Wet,7.58,7.42,7.25,7.33,7.25,7.25,7.25,81.33,0.13,4,Green,13,1800.0,Premium (Arabica)
Arabica,hector gabriel barreda nader,Mexico,veracruz,70,1 kg,AMECAFE,"July 11th, 2012",Typica,Washed / Wet,7.33,7.25,7.17,7.42,7.58,7.33,7.25,81.33,0.12,0,Green,4,1000.0,Media (Arabica)
Arabica,klem organics,Brazil,matas de minas        ,42,5 kg,Specialty Coffee Association,"November 15th, 2017
",Catuai,Natural / Dry,7.5,7.58,7.5,7.5,7.75,7.83,7.58,81.33,0.11,0,Green,0,1100.0,Media (Arabica)
Arabica,"lin, che-hao krude 林哲豪",Taiwan,"dongshan dist., tainan city 台南市東山區",20,50 kg,Specialty Coffee Association,"May 18th, 2016",Typica,Natural / Dry,7.83,7.75,7.67,7.83,7.83,7.75,5.25,81.25,0.12,0,Green,0,680.0,Baja (Arabica)
Arabica,ipanema coffees,Brazil,south of minas,320,2 kg,Brazil Specialty Coffee Association,"October 8th, 2015",Yellow Bourbon,Natural / Dry,7.17,7.42,7.17,7.08,6.92,8.17,7.33,81.25,0.0,0,Green,1,1.0,Baja (Arabica)
Arabica,"comercial internacional exportadora, s.a.",Nicaragua,jinotega,275,69 kg,Asociación de Cafés Especiales de Nicaragua,"July 6th, 2015",Catuai,Washed / Wet,7.08,7.5,7.33,7.17,7.42,7.25,7.5,81.25,0.1,0,Green,4,1100.0,Media (Arabica)
Arabica,cadexsa,Honduras,marcala,275,1 kg,Instituto Hondureño del Café,"May 12th, 2015",Catuai,Washed / Wet,7.42,7.17,7.17,7.5,7.33,7.25,7.42,81.25,0.12,0,Green,1,1400.0,Media (Arabica)
Arabica,essencecoffee,Guatemala,huehuetenango,36,55 lbs,Blossom Valley International,"March 21st, 2015",Pacamara,Washed / Wet,7.33,7.42,7.17,7.25,7.42,7.33,7.33,81.25,0.09,0,Blue-Green,2,1700.0,Alta (Arabica)
Arabica,shangrilla estate ltd,"Tanzania, United Republic Of",karatu ngorogoro,100,60 kg,Africa Fine Coffee Association,"December 17th, 2014",Other,Washed / Wet,7.33,7.17,7.17,7.5,7.25,7.42,7.42,81.25,0.13,0,Green,5,1700.0,Alta (Arabica)
Arabica,cqi taiwan icp cqi台灣合作夥伴,Taiwan,nantou,10,30 kg,Blossom Valley International,"December 26th, 2013",Typica,Semi-Washed / Semi-Pulped,7.5,7.5,7.25,7.25,7.25,7.25,7.25,81.25,0.11,0,Green,0,650.0,Baja (Arabica)
Arabica,juan luis alvarado romero,Guatemala,"sacatepequez, guatemala",250,69 kg,Asociacion Nacional Del Café,"March 4th, 2013",Caturra,Washed / Wet,7.5,7.33,7.5,7.58,7.0,7.25,7.08,81.25,0.11,0,Green,4,464.51520000000005,Baja (Arabica)
Arabica,alfredo bojalil,Mexico,motozintla,250,1 kg,AMECAFE,"July 26th, 2012",Typica,Washed / Wet,7.42,7.42,7.33,7.33,7.5,7.42,7.5,81.25,0.12,0,Green,1,1500.0,Alta (Arabica)
Arabica,"exportadora atlantic, s.a.",Nicaragua,"dipilto, nueva segovia",275,69 kg,Instituto Hondureño del Café,"March 8th, 2017",Caturra,Washed / Wet,7.33,7.5,7.17,7.17,7.58,7.17,7.25,81.17,0.09,0,Green,7,1200.0,Media (Arabica)
Arabica,immaculata john,"Tanzania, United Republic Of","ruvuma, mbinga",100,60 kg,Africa Fine Coffee Association,"November 16th, 2015",Bourbon,Washed / Wet,7.67,7.17,7.17,7.33,7.5,7.17,7.17,81.17,0.12,0,Green,2,1050.0,Media (Arabica)
Arabica,andreas kussmaul,Mexico,"chiapas, jaltenango",275,1 kg,Asociación Mexicana De Cafés y Cafeterías De Especialidad A.C.,"June 25th, 2015",Caturra,Washed / Wet,7.75,7.58,7.08,7.25,7.08,7.25,7.17,81.17,0.12,0,Green,10,1200.0,Media (Arabica)
Arabica,"cafetalera internacional cafinter, s.a.",Costa Rica,tres rios,275,18975 kg,Specialty Coffee Association of Costa Rica,"May 22nd, 2015",Caturra,Washed / Wet,7.5,7.5,7.33,7.17,7.08,7.17,7.42,81.17,0.11,0,Blue-Green,0,1300.0,Media (Arabica)
Arabica,Desconocido,Honduras,central region,275,1 kg,Instituto Hondureño del Café,"March 11th, 2015",Catuai,Natural / Dry,7.42,7.33,7.0,7.42,7.33,7.33,7.33,81.17,0.13,0,Green,1,1450.0,Media (Arabica)
Arabica,松澤宏樹 koju matsuzawa,Thailand,chiangrai,20,20 kg,Specialty Coffee Institute of Asia,"February 15th, 2015",Caturra,Washed / Wet,6.83,7.42,7.42,7.17,7.5,7.42,7.42,81.17,0.12,0,Blue-Green,0,1450.0,Media (Arabica)
Arabica,victoria,Philippines,corillera administrative,2,2 kg,Specialty Coffee Association,"January 8th, 2015",Typica,Natural / Dry,7.25,7.25,7.25,7.08,7.58,7.5,7.25,81.17,0.0,0,Blue-Green,4,1200.0,Media (Arabica)
Arabica,taylor winch (t) ltd,"Tanzania, United Republic Of",mbinga,320,60 kg,Africa Fine Coffee Association,"December 17th, 2014",Bourbon,Washed / Wet,7.58,7.17,7.17,7.33,7.33,7.25,7.33,81.17,0.12,0,Blue-Green,2,1550.0,Alta (Arabica)
Arabica,afca,Malawi,southern- zomba,300,60 kg,Africa Fine Coffee Association,"November 4th, 2014",Caturra,Washed / Wet,7.58,7.25,7.33,7.08,7.33,7.33,7.25,81.17,0.12,0,Green,12,995.0,Baja (Arabica)
Arabica,eric thormaehlen,Costa Rica,central valley,250,1 kg,Specialty Coffee Association of Costa Rica,"May 9th, 2014",Catuai,Washed / Wet,7.33,7.08,7.33,7.25,7.33,7.58,7.25,81.17,0.11,0,Green,3,1300.0,Media (Arabica)
Arabica,bourbon specialty coffees,Brazil,monte carmelo,300,1 kg,NUCOFFEE,"February 4th, 2014",Catuai,Natural / Dry,7.42,7.42,7.17,7.42,7.33,7.25,7.17,81.17,0.11,0,Green,3,1000.0,Media (Arabica)
Arabica,julio perez hernandez,Mexico,tapachula,250,1 kg,AMECAFE,"August 30th, 2012",Typica,Natural / Dry,7.42,7.25,7.08,7.75,7.42,7.17,7.08,81.17,0.13,3,Green,7,1800.0,Premium (Arabica)
Arabica,the coffee source inc.,Guatemala,oriente,250,1 kg,Specialty Coffee Association,"August 20th, 2012",Caturra,Washed / Wet,7.42,7.25,7.33,7.25,7.25,7.42,7.25,81.17,0.12,0,Green,4,1450.0,Media (Arabica)
Arabica,nucoffee,Brazil,south of minas,17,60 kg,NUCOFFEE,"January 23rd, 2012",Mundo Novo,Natural / Dry,7.42,7.33,7.25,7.42,7.5,7.17,7.08,81.17,0.12,0,Green,1,1000.0,Media (Arabica)
Arabica,kona pacific farmers cooperative,United States (Hawaii),kona,4,100 lbs,Specialty Coffee Association,"September 22nd, 2011",Hawaiian Kona,Natural / Dry,7.25,7.75,7.67,7.67,7.42,7.67,7.75,81.17,0.04,3,Blue-Green,0,157.93516800000003,Baja (Arabica)
Arabica,kerchanshe,Ethiopia,sidamo,300,60 kg,Specialty Coffee Institute of Asia,"July 14th, 2017",Other,Natural / Dry,7.42,7.33,7.17,7.33,7.42,7.17,7.25,81.08,0.11,0,Green,1,1800.0,Premium (Arabica)
Arabica,gregorio sebba,Brazil,alta paulista (sao paulo),500,60 kg,Specialty Coffee Association,"June 21st, 2017",Mundo Novo,Natural / Dry,7.58,7.42,7.5,7.25,7.75,7.58,7.33,81.08,0.11,5,Green,8,695.0,Baja (Arabica)
Arabica,rolando lacayo,Nicaragua,jinotega,275,69 kg,Asociación de Cafés Especiales de Nicaragua,"March 28th, 2015",Other,Washed / Wet,7.33,7.33,7.33,7.42,7.33,7.33,7.0,81.08,0.11,0,Green,1,1100.0,Media (Arabica)
Arabica,wali ali,United States,central america,1,5 lbs,Specialty Coffee Association,"March 4th, 2015",Pache Comun,Natural / Dry,7.42,7.17,7.33,7.42,7.25,7.33,7.17,81.08,0.0,0,Other,0,520.2570240000001,Baja (Arabica)
Arabica,taylor winch (t) ltd,"Tanzania, United Republic Of","iwala village, mbeya rural",54,60 kg,Africa Fine Coffee Association,"January 2nd, 2015",Other,Washed / Wet,7.42,7.33,7.33,7.25,7.25,7.33,7.17,81.08,0.13,0,Green,2,1456.0,Media (Arabica)
Arabica,the coffee source inc.,Costa Rica,naranjo,250,1 kg,Specialty Coffee Association of Costa Rica,"December 18th, 2014",Caturra,Washed / Wet,7.42,7.25,7.17,7.25,7.25,7.58,7.17,81.08,0.13,0,Green,0,1500.0,Alta (Arabica)
Arabica,german negron,United States (Puerto Rico),yauco region,18,5 lbs,Specialty Coffee Association,"May 28th, 2014",Other,Washed / Wet,7.67,7.75,7.67,7.58,7.58,7.67,8.5,81.08,0.0,0,Green,0,260.12851200000006,Baja (Arabica)
Arabica,obed rendon ponce,Mexico,san fernando,100,1 kg,AMECAFE,"September 14th, 2012",Typica,Washed / Wet,7.25,7.42,7.33,7.33,7.17,7.33,7.25,81.08,0.13,5,Green,16,1650.0,Alta (Arabica)
Arabica,diego manuel woolrich ramirez,Mexico,santo reyes nopala,30,1 kg,AMECAFE,"September 4th, 2012",Typica,Washed / Wet,7.33,7.25,7.33,7.42,7.25,7.42,7.08,81.08,0.12,0,Green,2,1300.0,Media (Arabica)
Arabica,gerardo hernandez valderrabano,Mexico,santa maria sitepec,40,1 kg,AMECAFE,"August 30th, 2012",Typica,Washed / Wet,7.33,7.33,7.25,7.42,7.25,7.25,7.25,81.08,0.11,0,Green,5,1642.0,Alta (Arabica)
Arabica,balbino ramirez flores,Mexico,talpa de allende,15,1 kg,AMECAFE,"July 3rd, 2012",Typica,Washed / Wet,7.42,7.33,7.25,7.42,7.17,7.25,7.25,81.08,0.1,0,Green,1,1200.0,Media (Arabica)
Arabica,kona pacific farmers cooperative,United States (Hawaii),Other,2,100 lbs,Specialty Coffee Association,"February 13th, 2012",Hawaiian Kona,Washed / Wet,7.42,7.42,7.25,7.58,6.92,7.17,7.33,81.08,0.06,0,Blue-Green,0,157.93516800000003,Baja (Arabica)
Arabica,bourbon specialty coffees,Brazil,grama valley,300,59 kg,Brazil Specialty Coffee Association,"January 16th, 2018",Bourbon,Pulped Natural / Honey,7.25,7.25,7.17,7.5,7.33,7.17,7.33,81.0,0.11,0,Green,9,1000.0,Media (Arabica)
Arabica,consejo salvadoreño del café,El Salvador,apaneca,100,69 kg,Salvadoran Coffee Council,"August 28th, 2017",Bourbon,Washed / Wet,7.42,7.08,7.08,7.33,7.25,7.58,7.25,81.0,0.0,0,Green,6,1450.0,Media (Arabica)
Arabica,bourbon specialty coffees,Brazil,grama valley,300,59 kg,Brazil Specialty Coffee Association,"September 9th, 2016",Yellow Bourbon,Pulped Natural / Honey,7.33,7.17,7.17,7.67,7.33,7.17,7.17,81.0,0.11,0,Blue-Green,3,1000.0,Media (Arabica)
Arabica,juan luis alvarado romero,Guatemala,norte,120,69 kg,Asociacion Nacional Del Café,"August 2nd, 2016",Bourbon,Washed / Wet,7.42,7.25,7.17,7.5,7.25,7.17,7.25,81.0,0.09,0,Green,8,3280.0,Premium (Arabica)
Arabica,racafe & cia s.c.a,Colombia,guayata,43,70 kg,Almacafé,"July 22nd, 2016",Caturra,Washed / Wet,7.67,7.5,7.42,5.25,7.67,7.75,7.75,81.0,0.0,0,Green,4,1600.0,Alta (Arabica)
Arabica,juan luis alvarado romero,Guatemala,oriente,250,69 kg,Asociacion Nacional Del Café,"July 23rd, 2015",Bourbon,Washed / Wet,7.5,7.25,7.0,7.25,7.5,7.25,7.25,81.0,0.11,0,Green,1,371.61216,Baja (Arabica)
Arabica,"lin, che-hao krude 林哲豪",Taiwan,"dongshan dist., tainan city 臺南市東山區",10,5 kg,Specialty Coffee Association,"May 6th, 2015",Typica,Washed / Wet,7.25,7.17,7.17,7.25,7.5,7.33,7.33,81.0,0.12,0,Blue-Green,0,758.0,Baja (Arabica)
Arabica,mayra yessenia torres,Honduras,san marcos,275,18975 kg,Instituto Hondureño del Café,"January 26th, 2015",Caturra,Natural / Dry,7.42,7.25,7.25,7.33,7.25,7.17,7.33,81.0,0.12,0,Green,1,1350.0,Media (Arabica)
Arabica,bourbon specialty coffees,Brazil,cerrado,300,60 kg,Brazil Specialty Coffee Association,"January 15th, 2015",Mundo Novo,Natural / Dry,7.67,7.75,7.83,7.75,7.83,7.75,7.75,81.0,0.12,0,Green,0,1000.0,Media (Arabica)
Arabica,mlimani ngarashi,"Tanzania, United Republic Of",arusha,1,60 kg,Africa Fine Coffee Association,"December 15th, 2014",Other,Washed / Wet,7.33,7.33,7.08,7.42,7.17,7.33,7.33,81.0,0.12,0,Green,5,1525.0,Alta (Arabica)
Arabica,kyagalanyi ltd,Uganda,eastern,320,60 kg,Uganda Coffee Development Authority,"June 30th, 2014",SL14,Natural / Dry,7.33,6.92,7.17,7.33,7.42,7.42,7.42,81.0,0.12,0,Green,3,1700.0,Alta (Arabica)
Arabica,cqi taiwan icp cqi台灣合作夥伴,Taiwan,nantou,10,30 kg,Blossom Valley International,"December 26th, 2013",Typica,Semi-Washed / Semi-Pulped,7.5,6.92,7.33,7.33,7.33,7.33,7.25,81.0,0.11,0,Green,0,1100.0,Media (Arabica)
Arabica,doi tung development project,Thailand,thailand,2,1 kg,Specialty Coffee Association,"May 29th, 2013",Caturra,Washed / Wet,7.33,7.42,7.25,7.42,7.25,7.17,7.17,81.0,0.0,0,Green,3,800.0,Baja (Arabica)
Arabica,alejandro garcia palacios,Mexico,"motozintla, chiapas",10,1 kg,AMECAFE,"September 11th, 2012",Other,Washed / Wet,7.08,7.33,7.33,7.33,7.42,7.25,7.25,81.0,0.12,0,Green,12,950.0,Baja (Arabica)
Arabica,organizaciones de productores de cafe colimense,Mexico,adolfo lopez mateos,200,1 kg,AMECAFE,"July 3rd, 2012",Typica,Washed / Wet,7.58,7.67,7.5,7.67,7.58,7.5,7.5,81.0,0.0,0,Green,8,1100.0,Media (Arabica)
Arabica,cqi taiwan icp cqi台灣合作夥伴,Taiwan,taiwan,150,1 kg,Blossom Valley International,"December 8th, 2017",Other,Washed / Wet,7.33,7.17,7.25,7.33,7.33,7.25,7.25,80.92,0.0,0,Blue-Green,0,200.0,Baja (Arabica)
Arabica,juan luis alvarado romero,Guatemala,oriente,25,69 kg,Asociacion Nacional Del Café,"August 23rd, 2017",Bourbon,Washed / Wet,7.67,7.67,7.33,7.58,7.67,7.5,7.5,80.92,0.1,0,Green,2,1901.0,Premium (Arabica)
Arabica,lydiah mwangi,Kenya,kiambu,150,60 kg,Kenya Coffee Traders Association,"July 7th, 2017",SL28,Washed / Wet,7.17,7.58,7.5,7.5,8.0,7.75,5.42,80.92,0.11,0,Green,3,1600.0,Alta (Arabica)
Arabica,grupo santab s.a de c.v.,Mexico,veracruz,240,69 kg,Centro Agroecológico del Café A.C.,"May 12th, 2017",Bourbon,Washed / Wet,7.5,7.33,7.17,7.42,7.5,7.33,7.33,80.92,0.11,0,Green,11,1100.0,Media (Arabica)
Arabica,min hlaing,Myanmar,pyinoolwin,2,2 kg,Coffee Quality Institute,"July 17th, 2015",Other,Other,7.17,7.42,7.0,7.58,7.33,7.0,7.42,80.92,0.0,0,Green,5,325.16064,Baja (Arabica)
Arabica,eileen koyanagi,United States (Hawaii),kona,7,100 lbs,Specialty Coffee Association,"January 13th, 2015",Hawaiian Kona,Natural / Dry,7.42,7.08,7.17,7.17,7.58,7.25,7.25,80.92,0.1,2,Blue-Green,5,157.93516800000003,Baja (Arabica)
Arabica,karatu estate,"Tanzania, United Republic Of","manyara, karatu",250,60 kg,Africa Fine Coffee Association,"December 18th, 2014",Other,Washed / Wet,7.33,7.17,7.17,7.25,7.42,7.33,7.25,80.92,0.12,0,Green,0,1700.0,Alta (Arabica)
Arabica,jacques pereira carneiro,Brazil,mantiqueira de minas,300,60 kg,Brazil Specialty Coffee Association,"December 16th, 2014",Yellow Bourbon,Natural / Dry,7.25,7.33,7.25,7.25,7.25,7.33,7.25,80.92,0.12,0,Green,8,1200.0,Media (Arabica)
Arabica,cqi taiwan icp cqi台灣合作夥伴,Taiwan,台中新社,10,60 kg,Blossom Valley International,"November 23rd, 2014",Typica,Washed / Wet,7.92,7.67,7.33,7.08,7.08,7.08,6.75,80.92,0.09,0,Green,0,550.0,Baja (Arabica)
Arabica,ipanema coffees,Brazil,south of minas,320,2 kg,Specialty Coffee Association,"October 16th, 2014",Bourbon,Natural / Dry,7.17,7.42,7.17,7.25,7.25,7.33,7.33,80.92,0.1,0,Green,0,1100.0,Media (Arabica)
Arabica,chris finch,Nicaragua,matagalpa,275,1 lbs,Specialty Coffee Association,"July 16th, 2014",Caturra,Washed / Wet,7.33,7.08,7.25,7.0,7.5,7.42,7.33,80.92,0.1,1,Green,3,1050.0,Media (Arabica)
Arabica,juan luis alvarado romero,Guatemala,jalapa,250,69 kg,Asociacion Nacional Del Café,"June 10th, 2014",Pacas,Washed / Wet,7.58,7.42,6.92,7.5,7.25,7.17,7.08,80.92,0.12,2,Green,5,464.51520000000005,Baja (Arabica)
Arabica,cqi taiwan icp cqi台灣合作夥伴,Taiwan,taichung taiping 台中市太平區,35,30 kg,Blossom Valley International,"December 26th, 2013",Typica,Washed / Wet,7.42,7.25,7.25,7.25,7.25,7.25,7.25,80.92,0.11,0,Green,0,900.0,Baja (Arabica)
Arabica,cqi taiwan icp cqi台灣合作夥伴,Taiwan,nantou,5,30 kg,Blossom Valley International,"December 26th, 2013",Typica,Other,7.25,7.17,7.08,7.08,7.08,8.08,7.17,80.92,0.11,0,Green,0,688.0,Baja (Arabica)
Arabica,cqi taiwan icp cqi台灣合作夥伴,Taiwan,new taipei zhonghe 新北市中和區,10,20 kg,Blossom Valley International,"December 26th, 2013",Typica,Washed / Wet,7.42,7.25,7.25,7.25,7.25,7.25,7.25,80.92,0.11,0,Green,0,300.0,Baja (Arabica)
Arabica,eduardo luis augusto velazquez solis,Mexico,ixhuatlan del cafe,60,1 kg,AMECAFE,"July 11th, 2012",Typica,Washed / Wet,7.58,7.33,7.08,7.5,7.17,7.25,7.0,80.92,0.13,0,Green,12,1186.0,Media (Arabica)
Arabica,doi tung development project,Thailand,Other,3,1 lbs,Specialty Coffee Association,"April 13th, 2010",Peaberry,Washed / Wet,7.67,7.58,7.33,7.33,7.17,7.0,6.83,80.92,0.0,0,Blue-Green,0,800.0,Baja (Arabica)
Arabica,cqi taiwan icp cqi台灣合作夥伴,Laos,"paksong,laos",20,50 kg,Blossom Valley International,"June 22nd, 2017",Catimor,Washed / Wet,7.42,7.33,7.17,7.17,7.17,7.25,7.33,80.83,0.0,0,Green,0,1300.0,Media (Arabica)
Arabica,the coffee source inc.,Guatemala,orient,250,1 kg,Specialty Coffee Association of Costa Rica,"May 26th, 2014",Caturra,Washed / Wet,7.67,7.25,7.08,7.33,7.17,7.25,7.08,80.83,0.11,0,Green,1,1200.0,Media (Arabica)
Arabica,luis roberto fermoso beltran,Mexico,motozintla,15,1 kg,AMECAFE,"August 30th, 2012",Catuai,Semi-Washed / Semi-Pulped,7.17,7.08,7.25,7.42,7.25,7.33,7.33,80.83,0.13,0,Green,7,1210.0,Media (Arabica)
Arabica,jose manuel vergara cortes,Mexico,oaxaca,30,1 kg,AMECAFE,"August 29th, 2012",Typica,Washed / Wet,7.33,7.25,7.33,7.33,7.25,7.17,7.17,80.83,0.11,0,Green,3,1100.0,Media (Arabica)
Arabica,christina dusing,Mexico,veracruz,100,1 kg,AMECAFE,"July 3rd, 2012",Bourbon,Washed / Wet,7.5,7.17,7.33,7.25,7.17,7.17,7.25,80.83,0.13,0,Green,1,100.0,Baja (Arabica)
Arabica,kona pacific farmers cooperative,United States (Hawaii),kona,7,100 lbs,Specialty Coffee Association,"February 23rd, 2012",Hawaiian Kona,Washed / Wet,7.42,7.33,7.0,7.25,7.33,7.5,7.0,80.83,0.1,2,Blue-Green,0,157.93516800000003,Baja (Arabica)
Arabica,exportadora de cafe condor s.a,Colombia,huila,250,70 kg,Almacafé,"January 25th, 2011",Caturra,Washed / Wet,7.33,7.33,7.0,6.83,7.33,7.67,7.33,80.83,0.01,0,Green,1,1800.0,Premium (Arabica)
Arabica,bourbon specialty coffees,Brazil,monte carmelo,320,60 kg,Brazil Specialty Coffee Association,"October 8th, 2015",Bourbon,Natural / Dry,7.17,7.25,7.08,7.17,7.25,7.58,7.25,80.75,0.0,0,Green,1,1000.0,Media (Arabica)
Arabica,u soe,Myanmar,ywar ngan,1,2 kg,Coffee Quality Institute,"July 17th, 2015",Catuai,Washed / Wet,6.92,7.5,7.0,7.58,7.5,7.08,7.17,80.75,0.0,0,Green,2,3825.0,Premium (Arabica)
Arabica,juan luis alvarado romero,Guatemala,huehuetenango,275,69 kg,Asociacion Nacional Del Café,"June 18th, 2015",Caturra,Washed / Wet,7.5,7.33,7.0,7.42,7.17,7.17,7.17,80.75,0.12,0,Green,1,520.2570240000001,Baja (Arabica)
Arabica,"comercial internacional exportadora, s.a.",Nicaragua,jinotega,275,69 kg,Asociación de Cafés Especiales de Nicaragua,"May 28th, 2015",Other,Washed / Wet,7.25,7.25,7.17,7.25,7.33,7.25,7.25,80.75,0.12,0,Green,5,110000.0,Premium (Arabica)
Arabica,bismarck castro,Honduras,"siguatepeque, comayagua",275,1 kg,Instituto Hondureño del Café,"May 25th, 2015",Caturra,Natural / Dry,7.5,7.33,7.0,7.42,7.25,7.17,7.08,80.75,0.11,0,Green,2,1450.0,Media (Arabica)
Arabica,essencecoffee,Panama,boquete,100,60 kg,Blossom Valley International,"May 23rd, 2015",Caturra,Other,7.25,7.33,7.17,7.33,7.33,7.17,7.17,80.75,0.11,1,Green,4,1680.0,Alta (Arabica)
Arabica,cadexsa,Honduras,marcala,275,1 kg,Instituto Hondureño del Café,"May 22nd, 2015",Catuai,Washed / Wet,7.42,7.17,7.08,7.42,7.25,7.25,7.17,80.75,0.09,0,Green,2,1350.0,Media (Arabica)
Arabica,Desconocido,Honduras,central region,275,1 kg,Instituto Hondureño del Café,"March 11th, 2015",Catuai,Natural / Dry,7.25,7.33,7.08,7.5,7.25,7.33,7.0,80.75,0.13,0,Green,1,1450.0,Media (Arabica)
Arabica,the coffee source inc.,Costa Rica,san ramon,250,3 lbs,Specialty Coffee Association,"April 11th, 2014",Caturra,Washed / Wet,7.33,7.33,7.25,7.25,7.17,7.17,7.25,80.75,0.11,0,Green,0,1300.0,Media (Arabica)
Arabica,diego manuel woolrich ramirez,Mexico,oaxaca,30,1 kg,AMECAFE,"September 4th, 2012",Typica,Washed / Wet,7.58,7.33,7.42,7.25,7.5,7.5,7.5,80.75,0.11,0,Green,2,1200.0,Media (Arabica)
Arabica,myriam kaplan-pasternak,Haiti,haiti,1,2 kg,Specialty Coffee Association,"May 22nd, 2012",Typica,Washed / Wet,7.42,7.0,7.42,7.25,7.08,7.33,7.25,80.75,0.12,0,Green,0,1000.0,Media (Arabica)
Arabica,kona pacific farmers cooperative,United States (Hawaii),kona,3,2 lbs,Specialty Coffee Association,"December 21st, 2011",Arusha,Natural / Dry,7.08,7.33,7.17,7.25,7.33,7.67,6.92,80.75,0.13,0,Blue-Green,6,157.93516800000003,Baja (Arabica)
Arabica,cqi taiwan icp cqi台灣合作夥伴,Taiwan,taiwan,160,1 kg,Blossom Valley International,"August 12th, 2016",Typica,Other,7.33,7.08,7.08,7.08,7.42,7.33,7.33,80.67,0.0,0,Green,1,750.0,Baja (Arabica)
Arabica,aulia arif syahri,Indonesia,sumatra brastagi,200,30 kg,Specialty Coffee Association,"November 10th, 2015",Mandheling,Semi-Washed / Semi-Pulped,7.58,7.42,7.0,7.67,7.5,7.5,7.33,80.67,0.13,0,Blue-Green,1,1350.0,Media (Arabica)
Arabica,juan luis alvarado romero,Guatemala,antigua,150,60 kg,Asociacion Nacional Del Café,"October 23rd, 2015",Bourbon,Washed / Wet,7.67,7.42,6.83,7.17,7.42,7.17,7.0,80.67,0.11,0,Green,0,1500.0,Alta (Arabica)
Arabica,"ceca, s.a.",Costa Rica,tarrazu,240,1 kg,Specialty Coffee Association of Costa Rica,"February 27th, 2015",Caturra,Washed / Wet,7.83,7.5,7.67,7.67,7.83,7.5,8.0,80.67,0.11,0,Blue-Green,4,185.0,Baja (Arabica)
Arabica,afca,Malawi,southern- zomba,100,60 kg,Africa Fine Coffee Association,"November 4th, 2014",Caturra,Washed / Wet,7.5,7.25,7.17,7.17,7.25,7.17,7.17,80.67,0.12,0,Blue-Green,1,995.0,Baja (Arabica)
Arabica,cafe de don balbino s.c. de r.l. de c.v.,Mexico,"el desmoronado, talpan de allende jalisco",20,1 kg,AMECAFE,"October 23rd, 2014",Typica,Washed / Wet,7.25,7.17,7.17,7.25,7.17,7.42,7.25,80.67,0.12,0,Green,4,1200.0,Media (Arabica)
Arabica,compañia colombiana agroindustrial s.a,Colombia,santander,250,70 kg,Almacafé,"April 14th, 2014",Caturra,Natural / Dry,7.67,7.5,7.42,7.67,7.5,7.75,8.5,80.67,0.0,0,Green,1,1550.0,Alta (Arabica)
Arabica,juan luis alvarado romero,Guatemala,"san lucas toliman, solola",250,69 kg,Asociacion Nacional Del Café,"June 5th, 2013",Bourbon,Washed / Wet,7.67,7.17,7.0,7.5,7.0,7.0,7.33,80.67,0.12,0,Green,5,1550.0,Alta (Arabica)
Arabica,juan luis alvarado romero,Guatemala,oriente,250,1 kg,Asociacion Nacional Del Café,"January 25th, 2012",Bourbon,Washed / Wet,7.0,7.33,7.5,7.33,7.0,7.33,7.17,80.67,0.11,0,Green,2,448.25716800000004,Baja (Arabica)
Arabica,juan luis alvarado romero,Guatemala,oriente,250,1 kg,Asociacion Nacional Del Café,"January 25th, 2012",Bourbon,Washed / Wet,7.0,7.5,7.33,7.17,7.17,7.17,7.33,80.67,0.11,0,Green,3,448.25716800000004,Baja (Arabica)
Arabica,racafe & cia s.c.a,Colombia,Other,149,70 kg,Almacafé,"March 15th, 2011",Caturra,Washed / Wet,7.17,7.25,7.08,7.42,7.08,7.42,7.25,80.67,0.18,0,Green,2,1750.0,Alta (Arabica)
Arabica,bourbon specialty coffees,Brazil,monte carmelo,94,60 kg,Brazil Specialty Coffee Association,"March 11th, 2016",Bourbon,Natural / Dry,7.33,7.25,7.33,7.08,7.58,7.25,7.42,80.58,0.11,0,Green,7,1000.0,Media (Arabica)
Arabica,"exportadora atlantic, s.a.",Nicaragua,nueva segovia,275,69 kg,Instituto Hondureño del Café,"February 26th, 2016",Caturra,Washed / Wet,7.08,7.5,7.0,7.25,7.42,7.0,7.33,80.58,0.11,0,Green,0,1100.0,Media (Arabica)
Arabica,burka coffee estate,"Tanzania, United Republic Of",arusha,10,60 kg,Africa Fine Coffee Association,"January 6th, 2015",Other,Washed / Wet,7.25,7.08,7.08,7.33,7.33,7.25,7.25,80.58,0.12,0,Blue-Green,1,1400.0,Media (Arabica)
Arabica,ipanema coffees,Brazil,south of minas,300,2 kg,Specialty Coffee Association,"October 17th, 2014",Bourbon,Semi-Washed / Semi-Pulped,7.42,7.25,7.33,7.0,7.08,7.25,7.25,80.58,0.0,0,Green,3,1200.0,Media (Arabica)
Arabica,beneficio santa rosa,Honduras,occidental,275,69 kg,Instituto Hondureño del Café,"April 30th, 2014",Caturra,Washed / Wet,7.5,7.17,7.0,7.42,7.33,7.0,7.17,80.58,0.11,0,Green,5,1400.0,Media (Arabica)
Arabica,juan luis alvarado romero,Guatemala,huehuetenango,275,69 kg,Asociacion Nacional Del Café,"January 28th, 2014",Bourbon,Natural / Dry,7.17,7.42,6.83,7.5,7.17,7.25,7.25,80.58,0.11,0,Green,5,421.7798016,Baja (Arabica)
Arabica,kona pacific farmers cooperative,United States (Hawaii),Other,10,100 lbs,Specialty Coffee Association,"May 4th, 2011",Hawaiian Kona,Natural / Dry,7.42,7.58,7.5,7.92,7.83,7.83,7.83,80.58,0.0,0,Blue-Green,0,157.93516800000003,Baja (Arabica)
Arabica,racafe & cia s.c.a,Colombia,Other,149,70 kg,Almacafé,"March 15th, 2011",Caturra,Washed / Wet,7.08,7.25,7.0,7.5,7.08,7.33,7.33,80.58,0.0,0,Green,2,1750.0,Alta (Arabica)
Arabica,cqi taiwan icp cqi台灣合作夥伴,Taiwan,taiwan,20,5 kg,Blossom Valley International,"December 8th, 2017",Other,Natural / Dry,7.17,7.17,7.17,7.42,7.17,7.25,7.17,80.5,0.0,0,Blue-Green,0,50.0,Baja (Arabica)
Arabica,juan luis alvarado romero,Guatemala,santa rosa,275,69 kg,Asociacion Nacional Del Café,"September 8th, 2017",Caturra,Washed / Wet,7.33,7.25,7.08,7.17,7.25,7.17,7.25,80.5,0.1,0,Green,4,1500.0,Alta (Arabica)
Arabica,janny marlith torres,Honduras,ocotepeque,15,69 kg,Instituto Hondureño del Café,"August 23rd, 2017",Catuai,Washed / Wet,7.58,7.33,7.0,7.17,7.33,7.08,7.0,80.5,0.11,0,Green,5,1650.0,Alta (Arabica)
Arabica,case noyale ltd,Mauritius,chamarel (south west),1,2 kg,Kenya Coffee Traders Association,"February 11th, 2016",Other,Other,7.25,7.25,7.17,7.17,7.25,7.17,7.25,80.5,0.12,0,Green,0,280.0,Baja (Arabica)
Arabica,bourbon specialty coffees,Brazil,vale da grama,300,60 kg,Brazil Specialty Coffee Association,"November 17th, 2015",Yellow Bourbon,Semi-Washed / Semi-Pulped,7.25,7.33,7.17,7.5,7.33,7.25,7.33,80.5,0.11,0,Green,3,1250.0,Media (Arabica)
Arabica,shwe yin mar coffee,Myanmar,pyin oo lwin,1,2 kg,Coffee Quality Institute,"July 17th, 2015",Other,Washed / Wet,7.17,7.33,7.17,7.42,7.25,7.08,7.08,80.5,0.0,0,Green,2,3800.0,Premium (Arabica)
Arabica,juan luis alvarado romero,Guatemala,oriente,275,69 kg,Asociacion Nacional Del Café,"April 23rd, 2014",Other,Washed / Wet,7.5,7.17,6.83,7.5,7.17,7.17,7.17,80.5,0.11,0,Green,3,371.61216,Baja (Arabica)
Arabica,jacques pereira carneiro,Brazil,mantiqueira de minas,300,60 kg,Specialty Coffee Association,"April 17th, 2014",Yellow Bourbon,Semi-Washed / Semi-Pulped,7.42,7.42,7.08,7.33,7.67,7.5,7.42,80.5,0.1,0,Green,10,1250.0,Media (Arabica)
Arabica,eileen koyanagi,United States (Hawaii),kona,10,100 lbs,Specialty Coffee Association,"February 4th, 2014",Hawaiian Kona,Natural / Dry,7.42,7.33,7.33,7.58,7.58,7.42,7.17,80.5,0.11,1,Green,0,157.93516800000003,Baja (Arabica)
Arabica,juan luis alvarado romero,Guatemala,huehuetenango,250,1 kg,Asociacion Nacional Del Café,"February 13th, 2013",Bourbon,Washed / Wet,7.5,7.5,7.0,7.67,7.17,7.0,6.67,80.5,0.12,1,Green,1,566.7085440000001,Baja (Arabica)
Arabica,israel eduardo paz garcia,Mexico,zaragoza itundujia,18,1 kg,AMECAFE,"September 17th, 2012",Typica,Washed / Wet,7.25,7.25,7.08,7.33,7.25,7.17,7.17,80.5,0.15,0,Green,1,1450.0,Media (Arabica)
Arabica,cadexsa,Honduras,marcala,275,69 kg,Instituto Hondureño del Café,"February 3rd, 2016",Caturra,Washed / Wet,7.25,7.42,7.0,7.42,7.33,7.0,7.0,80.42,0.1,0,Green,0,1450.0,Media (Arabica)
Arabica,cqi taiwan icp cqi台灣合作夥伴,Taiwan,南投國姓,10,60 kg,Blossom Valley International,"November 23rd, 2014",Typica,Washed / Wet,7.58,7.17,7.17,7.17,7.17,7.17,7.0,80.42,0.14,0,Green,0,600.0,Baja (Arabica)
Arabica,lusso lab,El Salvador,"department of ahuachapan, municipality of apanecallamatepec mountain",2,2 kg,Specialty Coffee Association,"April 26th, 2014",Bourbon,Washed / Wet,7.33,7.17,7.08,7.08,7.33,7.17,7.25,80.42,0.0,0,Green,1,1450.0,Media (Arabica)
Arabica,adam ciruli ye,China,yunnan,1,2 kg,Specialty Coffee Association,"January 17th, 2014",Other,Washed / Wet,7.25,7.08,7.25,7.17,7.33,7.17,7.17,80.42,0.17,0,Green,14,1700.0,Alta (Arabica)
Arabica,cqi taiwan icp cqi台灣合作夥伴,Taiwan,nantou,10,30 kg,"Blossom Valley International
","December 26th, 2013
",Typica,Washed / Wet,7.25,7.25,7.17,7.25,7.25,7.25,7.0,80.42,0.11,0,Green,0,600.0,Baja (Arabica)
Arabica,alfredo bojalil,Mexico,pochutla,250,1 kg,AMECAFE,"September 4th, 2012",Typica,Washed / Wet,6.92,7.17,7.08,7.5,7.33,7.17,7.25,80.42,0.1,2,Green,4,1050.0,Media (Arabica)
Arabica,armando luis pohlenz martinez,Mexico,la concordia,250,1 kg,AMECAFE,"August 30th, 2012",Caturra,Washed / Wet,7.42,7.08,7.08,7.33,7.25,7.17,7.08,80.42,0.12,4,Green,16,1550.0,Alta (Arabica)
Arabica,simon mahinda,Burundi,mumirwa,300,60 kg,Kenya Coffee Traders Association,"January 22nd, 2016",Bourbon,Washed / Wet,7.08,7.25,7.17,7.33,7.08,7.08,7.33,80.33,0.12,0,Green,0,1700.0,Alta (Arabica)
Arabica,delfina leon shine,"Tanzania, United Republic Of",mkuu rombo,10,60 kg,Africa Fine Coffee Association,"November 16th, 2015",Bourbon,Washed / Wet,7.25,7.17,7.0,7.25,7.42,7.08,7.17,80.33,0.13,0,Green,5,1700.0,Alta (Arabica)
Arabica,kongoni estate,"Tanzania, United Republic Of",arusha,1,60 kg,Africa Fine Coffee Association,"December 18th, 2014",Other,Washed / Wet,7.25,7.17,7.25,7.25,7.25,7.08,7.08,80.33,0.12,0,Blue-Green,5,1600.0,Alta (Arabica)
Arabica,cqi taiwan icp cqi台灣合作夥伴,Taiwan,taichung xinshe 台中市新社區,10,30 kg,Blossom Valley International,"December 26th, 2013",Yellow Bourbon,Other,7.25,7.25,7.08,7.25,7.25,7.25,7.0,80.33,0.11,0,Green,0,600.0,Baja (Arabica)
Arabica,juan luis alvarado romero,Guatemala,oriente,250,69 kg,Asociacion Nacional Del Café,"June 6th, 2013",Bourbon,Washed / Wet,7.33,7.33,6.83,7.5,7.0,7.17,7.17,80.33,0.11,1,Green,4,399.48307200000005,Baja (Arabica)
Arabica,miguel cortes moreno,Mexico,chilón,10,1 kg,AMECAFE,"August 30th, 2012",Typica,Semi-Washed / Semi-Pulped,7.25,7.08,7.08,7.33,7.33,7.17,7.08,80.33,0.11,0,Green,21,940.0,Baja (Arabica)
Arabica,kona pacific farmers cooperative,United States (Hawaii),kona,10,100 lbs,Specialty Coffee Association,"February 8th, 2012",Hawaiian Kona,Washed / Wet,7.17,7.5,6.92,7.33,7.67,7.33,7.08,80.33,0.12,5,Green,7,157.93516800000003,Baja (Arabica)
Arabica,ethiopia commodity exchange,Ethiopia,kelem welega,360,6,Ethiopia Commodity Exchange,"June 17th, 2010",Other,Natural / Dry,7.25,7.25,7.25,7.33,7.5,8.0,7.08,80.33,0.1,0,Green,1,1800.0,Premium (Arabica)
Arabica,volcafe ltda. - brasil,Brazil,cerrado - monte carmelo - minas gerais,440,59 kg,Brazil Specialty Coffee Association,"November 3rd, 2017",Catuai,Natural / Dry,7.17,7.33,7.42,7.08,7.0,7.0,7.25,80.25,0.11,0,Green,1,995.0,Baja (Arabica)
Arabica,bismarck castro,Honduras,comayagua,275,69 kg,Instituto Hondureño del Café,"April 6th, 2017",Caturra,Natural / Dry,7.25,7.25,7.0,7.0,7.42,7.0,7.33,80.25,0.1,0,Green,4,1400.0,Media (Arabica)
Arabica,cafe de don balbino s.c. de r.l. de c.v.,Mexico,sierra madre occidental,60,69 kg,Centro Agroecológico del Café A.C.,"April 26th, 2016",Caturra,Washed / Wet,7.25,7.17,7.0,7.33,7.33,7.0,7.17,80.25,0.1,0,Green,2,1600.0,Alta (Arabica)
Arabica,bob mccauley,Myanmar,"yauk sauk, shan state",2,2 kg,Specialty Coffee Association,"August 27th, 2015",Other,Natural / Dry,8.0,7.08,7.0,7.33,7.08,6.92,6.83,80.25,0.11,1,Green,26,278.70912,Baja (Arabica)
Arabica,u htun htun,Myanmar,ywar ngan,1,2 kg,Coffee Quality Institute,"July 17th, 2015",Catuai,Natural / Dry,7.42,7.0,7.08,7.0,7.17,7.33,7.25,80.25,0.0,0,Green,1,4287.0,Premium (Arabica)
Arabica,gloria antonieta escobar urrutia,Nicaragua,matagalpa,275,69 kg,Asociación de Cafés Especiales de Nicaragua,"February 20th, 2015",Caturra,Washed / Wet,7.08,6.92,7.0,7.25,7.5,7.25,7.25,80.25,0.11,0,Green,2,900.0,Baja (Arabica)
Arabica,eileen koyanagi,United States (Hawaii),kona,2,100 lbs,Specialty Coffee Association,"March 3rd, 2014",Hawaiian Kona,Natural / Dry,7.5,7.08,7.67,7.67,7.42,7.58,7.33,80.25,0.12,4,Green,13,157.93516800000003,Baja (Arabica)
Arabica,honor dela fuente,Colombia,Other,1,2 kg,Specialty Coffee Association,"January 8th, 2014",Typica,Washed / Wet,7.42,8.0,7.83,7.75,8.08,7.58,7.58,80.25,0.1,0,Green,0,1750.0,Alta (Arabica)
Arabica,cqi taiwan icp cqi台灣合作夥伴,Taiwan,chiayi fanlu嘉義縣番路鄉,5,30 kg,Blossom Valley International,"December 26th, 2013",Typica,Semi-Washed / Semi-Pulped,7.25,7.08,7.25,7.25,7.17,7.25,7.0,80.25,0.11,0,Green,0,700.0,Baja (Arabica)
Arabica,the coffee source inc.,Guatemala,oriente,250,1 kg,Specialty Coffee Association,"January 9th, 2013",Caturra,Washed / Wet,7.0,7.17,7.33,7.33,7.0,7.17,7.25,80.25,0.11,1,Green,12,1400.0,Media (Arabica)
Arabica,saul m. hernandez ramirez,Mexico,"calnali, hidalgo",10,1 kg,AMECAFE,"September 27th, 2012",Caturra,Washed / Wet,7.58,7.33,7.17,7.25,6.75,7.0,7.17,80.25,0.11,2,Green,8,808.0,Baja (Arabica)
Arabica,"sunvirtue co., ltd.",Vietnam,dala,1,2 kg,Specialty Coffee Association,"May 9th, 2017",Catimor,Other,7.42,7.25,7.25,7.58,7.42,7.33,7.25,80.17,0.0,0,Green,2,1550.0,Alta (Arabica)
Arabica,"exportadora atlantic, s.a.",Nicaragua,jinotega,275,2 kg,Asociación de Cafés Especiales de Nicaragua,"April 24th, 2015",Caturra,Washed / Wet,7.17,7.08,7.08,7.33,7.25,7.08,7.17,80.17,0.11,0,Green,2,1187.5,Media (Arabica)
Arabica,cadexsa,Honduras,marcala,275,1 kg,Instituto Hondureño del Café,"January 26th, 2015",Catuai,Washed / Wet,7.25,7.25,7.0,7.17,7.08,7.08,7.33,80.17,0.11,0,Green,0,1400.0,Media (Arabica)
Arabica,juan luis alvarado romero,Guatemala,oriente,250,69 kg,Asociacion Nacional Del Café,"August 7th, 2013",Bourbon,Washed / Wet,7.33,7.33,7.0,7.17,7.17,7.17,7.0,80.17,0.11,0,Green,2,399.48307200000005,Baja (Arabica)
Arabica,pablo enrique martinez gama,Mexico,coatepec,20,1 kg,AMECAFE,"October 9th, 2012",Typica,Washed / Wet,7.33,7.08,6.92,7.42,7.25,7.08,7.08,80.17,0.11,0,Green,2,1250.0,Media (Arabica)
Arabica,israel eduardo paz garcia,Mexico,zaragoza itundujia,15,1 kg,AMECAFE,"September 13th, 2012",Typica,Washed / Wet,7.58,7.42,7.33,7.5,7.08,7.17,7.42,80.17,0.14,1,Green,2,1550.0,Alta (Arabica)
Arabica,marco virgilio ramirez teliz,Mexico,veracruz,15,1 kg,AMECAFE,"September 10th, 2012",Bourbon,Washed / Wet,7.33,7.33,7.17,7.08,7.25,7.0,7.0,80.17,0.12,0,Green,12,1000.0,Media (Arabica)
Arabica,juan luis alvarado romero,Guatemala,oriente,250,1 kg,Asociacion Nacional Del Café,"May 24th, 2012",Bourbon,Washed / Wet,7.33,7.33,7.0,7.33,7.0,7.0,7.17,80.17,0.11,0,Green,5,399.48307200000005,Baja (Arabica)
Arabica,kona pacific farmers cooperative,United States (Hawaii),kona,22,100 lbs,Specialty Coffee Association,"September 22nd, 2011",Hawaiian Kona,Natural / Dry,7.58,7.5,7.33,7.33,7.67,7.33,7.42,80.17,0.05,12,Blue-Green,1,157.93516800000003,Baja (Arabica)
Arabica,brayan cunha souza,Brazil,mantiqueira de minas,440,60 kg,Brazil Specialty Coffee Association,"November 29th, 2017",Bourbon,Pulped Natural / Honey,7.17,7.17,7.0,7.17,7.25,7.25,7.08,80.08,0.11,0,Green,5,1100.0,Media (Arabica)
Arabica,cqi taiwan icp cqi台灣合作夥伴,Taiwan,苗栗泰安,10,60 kg,Blossom Valley International,"November 23rd, 2014",Typica,Washed / Wet,7.42,7.25,7.25,7.17,7.0,7.0,7.0,80.08,0.07,0,Green,0,850.0,Baja (Arabica)
Arabica,honor dela fuente,Nicaragua,Other,1,5 lbs,Specialty Coffee Association,"February 25th, 2014",Caturra,Natural / Dry,7.25,7.17,6.92,7.25,7.17,7.25,7.08,80.08,0.1,0,Green,4,1100.0,Media (Arabica)
Arabica,cqi taiwan icp cqi台灣合作夥伴,Taiwan,yunlin gukeng he bao 雲林縣古坑鄉荷苞村,10,30 kg,Blossom Valley International,"December 26th, 2013",Typica,Other,7.25,7.25,7.25,7.25,7.08,7.0,7.0,80.08,0.11,0,Green,0,200.0,Baja (Arabica)
Arabica,cqi taiwan icp cqi台灣合作夥伴,Taiwan,changhua baguashan 彰化市八卦山,10,30 kg,Blossom Valley International,"December 26th, 2013",Typica,Washed / Wet,7.25,7.25,7.25,7.0,7.25,7.08,7.0,80.08,0.11,0,Green,0,150.0,Baja (Arabica)
Arabica,cqi taiwan icp cqi台灣合作夥伴,Taiwan,changhua baguashan 彰化市八卦山,10,30 kg,Blossom Valley International,"December 26th, 2013",Typica,Semi-Washed / Semi-Pulped,7.25,7.25,7.25,7.08,7.17,7.08,7.0,80.08,0.11,0,Green,0,250.0,Baja (Arabica)
Arabica,israel eduardo paz garcia,Mexico,zaragoza itundujia,13,1 kg,AMECAFE,"September 14th, 2012",Typica,Washed / Wet,7.33,7.17,7.25,7.08,7.08,7.08,7.08,80.08,0.15,0,Green,0,1300.0,Media (Arabica)
Arabica,federico pacheco perez,Mexico,escuitla,10,1 kg,AMECAFE,"August 30th, 2012",Typica,Washed / Wet,7.25,7.08,7.0,7.17,7.33,7.17,7.08,80.08,0.14,1,Green,17,1300.0,Media (Arabica)
Arabica,"comercial internacional exportadora, s.a.",Nicaragua,jinotega,275,69 kg,Instituto Hondureño del Café,"June 13th, 2017",Caturra,Washed / Wet,7.33,7.08,6.92,7.08,7.42,7.17,7.0,80.0,0.1,0,Green,5,1250.0,Media (Arabica)
Arabica,ngu shwe li,Myanmar,"doe kwin, pyin oo lwin",1,2 kg,Coffee Quality Institute,"July 17th, 2015",Other,Washed / Wet,7.17,7.33,7.0,7.42,7.17,7.0,6.92,80.0,0.0,0,Green,4,3845.0,Premium (Arabica)
Arabica,kurt kappeli,Mexico,"sierra fraylesca, chiapas",280,2 kg,Specialty Coffee Association,"May 1st, 2014",Typica,Washed / Wet,7.58,7.75,7.42,7.5,7.5,7.5,7.42,80.0,0.0,0,Green,2,1400.0,Media (Arabica)
Arabica,cqi taiwan icp cqi台灣合作夥伴,Taiwan,changhua baguashan 彰化市八卦山,10,30 kg,Blossom Valley International,"December 26th, 2013",Typica,Washed / Wet,7.25,7.25,7.25,7.0,7.25,7.0,7.0,80.0,0.11,0,Green,0,250.0,Baja (Arabica)
Arabica,doi tung development project,Thailand,thailand,2,1 kg,Specialty Coffee Association,"May 29th, 2013",Caturra,Washed / Wet,7.33,6.67,7.08,7.42,7.42,7.08,7.0,80.0,0.0,0,Green,0,800.0,Baja (Arabica)
Arabica,pablo enrique martinez gama,Mexico,coatepec,20,1 kg,AMECAFE,"September 10th, 2012",Typica,Washed / Wet,7.25,7.25,7.08,7.17,7.33,7.33,7.25,80.0,0.12,0,Green,9,1250.0,Media (Arabica)
Arabica,semiramis casas velazquez,Mexico,san miguel del puerto,256,1 kg,AMECAFE,"September 4th, 2012",Other,Washed / Wet,7.08,7.33,7.0,7.33,7.08,7.0,7.17,80.0,0.11,0,Green,12,1100.0,Media (Arabica)
Arabica,ethiopia commodity exchange,Ethiopia,limu,300,6,Ethiopia Commodity Exchange,"June 17th, 2010",Other,Natural / Dry,7.42,7.42,7.5,7.92,7.75,7.58,7.75,80.0,0.05,0,Green,2,1800.0,Premium (Arabica)
Arabica,federacion nacional de cafeteros,Colombia,huila,275,2 kg,Almacafé,"April 23rd, 2015",Caturra,Washed / Wet,7.83,7.67,7.58,7.75,7.83,7.17,7.42,79.92,0.0,0,Green,1,1750.0,Alta (Arabica)
Arabica,eileen koyanagi,United States (Hawaii),kona,12,100 kg,Specialty Coffee Association,"May 12th, 2014",Hawaiian Kona,Natural / Dry,7.5,7.0,7.0,6.92,7.33,7.17,7.0,79.92,0.11,1,Green,3,157.93516800000003,Baja (Arabica)
Arabica,calixto guillen vazquez,Mexico,chiapas,400,1 kg,AMECAFE,"March 29th, 2013",Bourbon,Washed / Wet,7.33,7.08,7.08,7.33,7.42,7.17,7.17,79.92,0.12,0,Green,4,1300.0,Media (Arabica)
Arabica,alejandro garcia palacios,Mexico,"motozintla, chiapas",10,1 kg,AMECAFE,"September 11th, 2012",Other,Washed / Wet,7.17,7.17,6.92,7.25,7.33,7.08,7.0,79.92,0.12,1,Green,7,1100.0,Media (Arabica)
Arabica,christina dusing,Mexico,veracruz,82,1 kg,AMECAFE,"August 30th, 2012",Bourbon,Washed / Wet,7.5,7.17,7.0,7.17,7.25,7.08,6.75,79.92,0.0,0,Green,0,1100.0,Media (Arabica)
Arabica,montegrande,Mexico,jaltenango,250,1 kg,AMECAFE,"July 26th, 2012",Catuai,Washed / Wet,7.17,7.08,7.08,7.08,7.5,7.33,7.33,79.92,0.11,0,Green,3,1100.0,Media (Arabica)
Arabica,pablo enrique martinez gama,Mexico,coatepec,100,1 kg,AMECAFE,"July 11th, 2012",Typica,Natural / Dry,7.33,7.25,7.0,7.42,7.17,7.17,7.25,79.92,0.12,0,Green,6,1250.0,Media (Arabica)
Arabica,jesus carlos cadena valdivia,Mexico,veracruz,209,1 kg,AMECAFE,"July 11th, 2012",Mundo Novo,Washed / Wet,7.17,7.33,7.08,7.58,7.33,7.08,7.0,79.92,0.11,0,Green,0,1250.0,Media (Arabica)
Arabica,kona pacific farmers cooperative,United States (Hawaii),kona,40,100 lbs,Specialty Coffee Association,"September 22nd, 2011",Hawaiian Kona,Natural / Dry,7.5,7.42,7.58,7.42,7.5,7.58,7.58,79.92,0.05,3,Blue-Green,0,157.93516800000003,Baja (Arabica)
Arabica,kennedy macharia,Kenya,kiambu,200,12000 kg,Kenya Coffee Traders Association,"August 25th, 2017",SL34,Washed / Wet,7.0,7.08,7.0,7.17,7.25,7.25,7.08,79.83,0.11,0,Green,5,1500.0,Alta (Arabica)
Arabica,juan luis alvarado romero,Guatemala,san marcos,50,69 kg,Asociacion Nacional Del Café,"August 22nd, 2017",Bourbon,Washed / Wet,7.33,7.25,6.92,7.33,7.25,7.33,7.08,79.83,0.1,0,Green,2,1700.0,Alta (Arabica)
Arabica,asociación aldea global jinotega,Nicaragua,jinotega,75,2 kg,Asociación de Cafés Especiales de Nicaragua,"March 30th, 2015",Caturra,Washed / Wet,6.83,7.17,7.17,6.92,7.5,7.08,7.17,79.83,0.11,0,Green,0,1250.0,Media (Arabica)
Arabica,sergio de la vequia bernardi,Mexico,veracruz,250,1 kg,AMECAFE,"July 11th, 2012",Typica,Washed / Wet,7.17,7.08,7.0,7.25,7.5,7.0,6.83,79.83,0.12,0,Green,3,1300.0,Media (Arabica)
Arabica,kona pacific farmers cooperative,United States (Hawaii),kona,12,100 lbs,Specialty Coffee Association,"April 5th, 2012",Hawaiian Kona,Natural / Dry,7.58,7.08,6.83,7.17,7.5,7.17,7.17,79.83,0.12,7,Blue-Green,10,157.93516800000003,Baja (Arabica)
Arabica,juan luis alvarado romero,Guatemala,oriente,25,69 kg,Asociacion Nacional Del Café,"June 22nd, 2017",Bourbon,Washed / Wet,7.5,7.42,7.25,7.58,7.33,7.42,7.25,79.75,0.1,0,Green,1,190164.0,Premium (Arabica)
Arabica,"lin, che-hao krude 林哲豪",Taiwan,"taiwu township , pingtung county 屏東縣泰武鄉",28,50 kg,Specialty Coffee Association,"March 21st, 2015",Typica,Natural / Dry,7.75,7.33,7.17,7.33,7.67,7.83,7.33,79.75,0.0,0,Green,0,1000.0,Media (Arabica)
Arabica,"lin, che-hao krude 林哲豪",Taiwan,"baihe dist., tainan city 臺南市白河區",50,20 kg,Specialty Coffee Association,"July 28th, 2014",Typica,Washed / Wet,7.08,7.08,7.25,7.0,7.17,7.17,7.0,79.75,0.1,0,Blue-Green,0,600.0,Baja (Arabica)
Arabica,doi tung development project,Thailand,thailand,1,1 kg,Specialty Coffee Association,"June 16th, 2014",Caturra,Washed / Wet,7.25,7.08,6.92,7.5,7.08,6.92,7.0,79.75,0.12,0,Green,0,800.0,Baja (Arabica)
Arabica,dane loraas,Peru,huanuco,320,5 lbs,Specialty Coffee Association,"January 23rd, 2014",Caturra,Washed / Wet,7.0,7.08,7.0,7.25,7.5,7.42,7.17,79.75,0.12,1,Green,2,1300.0,Media (Arabica)
Arabica,the coffee source inc.,Costa Rica,brunca,275,2 kg,Specialty Coffee Association,"September 23rd, 2013",Catuai,Washed / Wet,7.58,7.5,7.67,7.75,7.67,7.58,8.0,79.75,0.1,0,Blue-Green,4,1100.0,Media (Arabica)
Arabica,fredy gordillo reyes,Mexico,"la concordia, chiapas",310,1 kg,AMECAFE,"March 29th, 2013",Typica,Washed / Wet,7.58,7.08,7.0,7.0,7.5,6.92,6.67,79.75,0.12,0,Green,4,1400.0,Media (Arabica)
Arabica,leonides de la cruz lopez,Mexico,chiapas,275,1 kg,AMECAFE,"March 29th, 2013",Bourbon,Washed / Wet,7.58,7.08,6.92,7.58,7.5,6.92,6.83,79.75,0.13,0,Green,4,1022.0,Media (Arabica)
Arabica,calixto guillen vazquez,Mexico,chiapas,380,1 kg,AMECAFE,"March 29th, 2013",Bourbon,Washed / Wet,7.25,7.08,7.0,7.17,7.17,7.08,7.0,79.75,0.12,0,Green,5,1300.0,Media (Arabica)
Arabica,israel eduardo paz garcia,Mexico,zaragoza itundujia,12,1 kg,AMECAFE,"September 14th, 2012",Bourbon,Washed / Wet,7.25,7.17,7.17,7.08,7.17,7.0,6.92,79.75,0.14,0,Green,0,1450.0,Media (Arabica)
Arabica,alfredo bojalil,Mexico,pochutla,250,1 kg,AMECAFE,"September 4th, 2012",Typica,Washed / Wet,7.33,7.25,7.0,7.08,7.08,7.0,7.0,79.75,0.1,1,Green,22,1050.0,Media (Arabica)
Arabica,lusso lab,Guatemala,antigua,275,69 kg,Specialty Coffee Association,"July 23rd, 2012",Bourbon,Washed / Wet,7.58,7.33,7.5,7.33,7.0,7.33,7.67,79.75,0.0,0,Green,4,448.25716800000004,Baja (Arabica)
Arabica,montegrande,Mexico,tuxtla gutierrez,36,1 kg,AMECAFE,"June 6th, 2012",Typica,Washed / Wet,7.25,6.83,6.92,7.08,7.25,7.08,7.33,79.75,0.12,0,Green,7,1100.0,Media (Arabica)
Arabica,juan luis alvarado romero,Guatemala,oriente,25,69 kg,Asociacion Nacional Del Café,"June 22nd, 2017",Bourbon,Washed / Wet,7.42,7.42,7.25,7.58,7.42,7.33,7.25,79.67,0.1,0,Green,1,371.61216,Baja (Arabica)
Arabica,consejo salvadoreño del café,El Salvador,cacahuatique,275,69 kg,Salvadoran Coffee Council,"March 23rd, 2017",Bourbon,Washed / Wet,7.25,7.08,7.0,6.83,7.33,7.17,7.0,79.67,0.0,0,Blue-Green,12,1250.0,Media (Arabica)
Arabica,doi tung development project,Thailand,thailand,1,1 kg,Specialty Coffee Association,"June 16th, 2014",Caturra,Washed / Wet,6.92,7.17,6.83,7.42,7.17,7.08,7.08,79.67,0.12,0,Blue-Green,0,800.0,Baja (Arabica)
Arabica,juan luis alvarado romero,Guatemala,oriente,250,69 kg,Asociacion Nacional Del Café,"June 27th, 2013",Bourbon,Washed / Wet,7.5,7.0,6.83,7.08,7.08,7.17,7.0,79.67,0.11,0,Green,6,399.48307200000005,Baja (Arabica)
Arabica,fredy gordillo reyes,Mexico,"la concordia, chiapas",310,1 kg,AMECAFE,"March 29th, 2013",Typica,Washed / Wet,7.42,7.25,6.83,7.58,7.17,6.58,6.83,79.67,0.12,0,Green,6,1400.0,Media (Arabica)
Arabica,saul m. hernandez ramirez,Mexico,"tenango de doria, hidalgo",10,1 kg,AMECAFE,"September 27th, 2012",Caturra,Washed / Wet,7.33,7.17,7.0,6.75,7.08,7.0,7.33,79.67,0.13,5,Green,6,975.0,Baja (Arabica)
Arabica,alfredo bojalil,Mexico,"coatepec, coatepec",253,1 kg,AMECAFE,"June 4th, 2012",Mundo Novo,Washed / Wet,6.92,7.17,7.17,7.17,7.08,7.08,7.08,79.67,0.0,0,Green,9,1264.0,Media (Arabica)
Arabica,doi tung development project,Thailand,Other,5,1 lbs,Specialty Coffee Association,"April 9th, 2010",Peaberry,Washed / Wet,7.17,7.17,7.0,7.0,7.25,6.92,7.17,79.67,0.0,1,Blue-Green,0,800.0,Baja (Arabica)
Arabica,obed rendon ponce,Mexico,tepetzingo,50,1 kg,AMECAFE,"September 17th, 2012",Typica,Washed / Wet,7.08,7.0,6.92,7.33,7.25,7.08,6.92,79.58,0.12,0,Green,11,1250.0,Media (Arabica)
Arabica,armando luis pohlenz martinez,Mexico,la concordia,250,1 kg,AMECAFE,"August 30th, 2012",Caturra,Washed / Wet,7.25,6.92,6.92,7.33,7.25,7.0,6.92,79.58,0.13,0,Green,5,1550.0,Alta (Arabica)
Arabica,exportadora de cafe condor s.a,Colombia,huila,250,70 kg,Almacafé,"February 9th, 2011",Caturra,Washed / Wet,7.25,7.17,7.0,6.75,7.17,7.33,6.92,79.58,0.1,0,Green,4,1800.0,Premium (Arabica)
Arabica,carl walker,Guatemala,"chuva, san marcos",223,69 kg,Specialty Coffee Association,"January 13th, 2011",Bourbon,Washed / Wet,7.08,7.0,6.83,7.33,7.25,7.0,7.08,79.58,0.17,1,Green,19,404.12822400000005,Baja (Arabica)
Arabica,cooperativa el gorrion r.l,Nicaragua,jinotega,275,69 kg,Asociación de Cafés Especiales de Nicaragua,"July 6th, 2015",Caturra,Natural / Dry,6.92,6.92,7.0,7.42,7.25,7.0,7.0,79.5,0.12,0,Green,6,1050.0,Media (Arabica)
Arabica,cqi taiwan icp cqi台灣合作夥伴,Taiwan,nantou,10,2 kg,Blossom Valley International,"May 23rd, 2015",Typica,Natural / Dry,6.92,7.0,7.17,7.0,7.42,7.0,7.0,79.5,0.0,0,Green,1,700.0,Baja (Arabica)
Arabica,exportadora de cafe condor s.a,Colombia,cundinamarca,250,70 kg,Almacafé,"June 21st, 2013",Caturra,Washed / Wet,7.83,7.5,7.42,7.42,7.67,7.5,7.5,79.5,0.0,0,Green,2,1550.0,Alta (Arabica)
Arabica,armando luis pohlenz martinez,Mexico,la concordia,250,1 kg,AMECAFE,"August 1st, 2012",Caturra,Washed / Wet,7.25,7.08,6.92,7.25,7.58,7.08,7.0,79.5,0.12,1,Green,20,1550.0,Alta (Arabica)
Arabica,mario jose fernandez,Mexico,"coatepec, coatepec",127,1 kg,AMECAFE,"July 11th, 2012",Typica,Washed / Wet,7.25,7.33,7.0,7.25,7.17,7.17,7.0,79.5,0.12,0,Blue-Green,5,1100.0,Media (Arabica)
Arabica,juan luis alvarado romero,Guatemala,oriente,250,69 kg,Asociacion Nacional Del Café,"May 13th, 2014",Bourbon,Washed / Wet,7.08,7.33,7.25,7.58,7.33,7.42,7.42,79.42,0.1,0,Green,2,371.61216,Baja (Arabica)
Arabica,juan luis alvarado romero,Guatemala,oriente,275,69 kg,Asociacion Nacional Del Café,"March 31st, 2014",Other,Washed / Wet,7.25,7.33,6.83,7.0,7.0,7.17,6.83,79.42,0.1,1,Green,4,371.61216,Baja (Arabica)
Arabica,adriana torres rico quevedo,Mexico,xicotepec de juarez,10,1 kg,AMECAFE,"September 11th, 2012",Typica,Washed / Wet,7.0,6.83,6.83,7.42,7.33,7.17,6.83,79.42,0.13,0,Green,30,800.0,Baja (Arabica)
Arabica,rre kunene,Cote d?Ivoire,cnra station of divo,2,1 kg,Specialty Coffee Association,"June 6th, 2017",Other,Washed / Wet,7.42,7.25,6.83,7.0,7.33,7.08,7.08,79.33,0.13,1,Blue-Green,2,200.0,Baja (Arabica)
Arabica,the coffee source inc.,Colombia,pereira,250,3 lbs,Specialty Coffee Association,"January 8th, 2014",Caturra,Washed / Wet,7.42,7.25,6.75,7.25,7.42,7.25,7.33,79.33,0.0,0,Green,3,1200.0,Media (Arabica)
Arabica,eric jesus cordoba arroyo,Mexico,zentla,30,1 kg,AMECAFE,"September 17th, 2012",Typica,Washed / Wet,7.0,7.0,6.83,7.33,7.42,6.92,6.83,79.33,0.14,0,Green,23,950.0,Baja (Arabica)
Arabica,eric jesus cordoba arroyo,Mexico,zentla,50,1 kg,AMECAFE,"September 10th, 2012",Typica,Washed / Wet,7.42,7.17,7.08,7.17,7.08,7.08,7.0,79.33,0.14,0,Green,19,750.0,Baja (Arabica)
Arabica,juan luis alvarado romero,Guatemala,oriente,250,1 kg,Asociacion Nacional Del Café,"January 13th, 2012",Bourbon,Washed / Wet,7.17,6.5,6.33,7.25,7.58,7.33,7.17,79.33,0.11,0,Green,6,448.25716800000004,Baja (Arabica)
Arabica,"lin, che-hao krude 林哲豪",Taiwan,natou county,50,20 kg,Specialty Coffee Association,"November 7th, 2014",Typica,Washed / Wet,7.08,6.83,6.83,7.25,7.42,7.08,6.75,79.25,0.11,0,Blue-Green,0,850.0,Baja (Arabica)
Arabica,marco virgilio ramirez teliz,Mexico,veracruz,12,1 kg,AMECAFE,"September 10th, 2012",Bourbon,Washed / Wet,7.0,7.0,6.92,7.17,7.17,7.08,6.92,79.25,0.13,0,Green,10,1000.0,Media (Arabica)
Arabica,juan luis alvarado romero,Guatemala,santa rosa,50,69 kg,Asociacion Nacional Del Café,"August 22nd, 2017",Bourbon,Washed / Wet,7.33,7.42,7.33,7.42,7.5,7.42,7.42,79.17,0.1,0,Green,0,371.61216,Baja (Arabica)
Arabica,janny marlith torres,Honduras,ocotepeque,15,69 kg,Instituto Hondureño del Café,"July 27th, 2017",Catuai,Washed / Wet,7.58,7.0,6.75,6.92,7.0,6.92,7.0,79.17,0.11,0,Green,5,1650.0,Alta (Arabica)
Arabica,juan luis alvarado romero,Guatemala,occidente,250,69 kg,Asociacion Nacional Del Café,"May 23rd, 2016",Bourbon,Washed / Wet,7.08,7.0,6.92,7.42,7.0,6.92,6.83,79.17,0.11,0,Green,6,1320.0,Media (Arabica)
Arabica,juan luis alvarado romero,Guatemala,nuevo oriente,275,69 kg,Asociacion Nacional Del Café,"June 30th, 2015",Catuai,Washed / Wet,7.25,7.17,6.75,7.25,7.0,6.92,6.83,79.17,0.11,0,Green,6,1550.0,Alta (Arabica)
Arabica,brent hall,Costa Rica,san rafael,1,2 kg,Specialty Coffee Association,"December 10th, 2013",Catuai,Washed / Wet,7.17,7.42,7.5,8.0,7.25,7.83,7.33,79.17,0.1,5,Green,20,1300.0,Media (Arabica)
Arabica,israel eduardo paz garcia,Mexico,zaragoza itundujia,10,1 kg,AMECAFE,"September 13th, 2012",Typica,Washed / Wet,7.25,7.08,6.92,7.08,7.17,7.17,7.17,79.17,0.14,0,Green,8,1550.0,Alta (Arabica)
Arabica,julio cesar robles flores,Mexico,yajalon,53,1 kg,AMECAFE,"August 30th, 2012",Typica,Washed / Wet,7.17,6.92,6.92,7.08,7.17,7.0,6.92,79.17,0.14,0,Green,34,1450.0,Media (Arabica)
Arabica,masamichi hiroike,Mexico,"pluma hidalogo, oaxaca",250,6,Specialty Coffee Association,"April 9th, 2010",Typica,Washed / Wet,6.75,6.75,6.83,7.25,7.58,7.08,6.92,79.17,0.01,0,Green,8,1200.0,Media (Arabica)
Arabica,juan luis alvarado romero,Guatemala,san marcos,50,69 kg,Asociacion Nacional Del Café,"August 23rd, 2017",Bourbon,Washed / Wet,7.58,7.67,7.42,7.42,7.67,7.67,7.67,79.08,0.1,0,Green,1,1700.0,Alta (Arabica)
Arabica,german negron,United States (Puerto Rico),yauco region,18,5 lbs,Specialty Coffee Association,"June 9th, 2014",Other,Washed / Wet,7.42,7.08,6.75,7.33,7.33,6.92,6.92,79.08,0.13,0,Green,0,260.12851200000006,Baja (Arabica)
Arabica,israel eduardo paz garcia,Mexico,zaragoza itundujia,13,1 kg,AMECAFE,"September 13th, 2012",Typica,Washed / Wet,7.33,7.0,6.92,7.25,7.33,7.08,6.83,79.08,0.16,0,Green,2,1500.0,Alta (Arabica)
Arabica,juana rodriguez gutierrez,Mexico,tlacuilotepec,10,1 kg,AMECAFE,"September 12th, 2012",Mundo Novo,Washed / Wet,7.25,7.08,6.75,7.33,7.42,7.0,6.92,79.08,0.11,0,Green,45,1100.0,Media (Arabica)
Arabica,balbino ramirez flores,Mexico,talpa de allende,10,1 kg,AMECAFE,"July 3rd, 2012",Typica,Washed / Wet,7.17,7.25,7.25,7.17,7.25,7.08,7.25,79.08,0.1,0,Blue-Green,0,1200.0,Media (Arabica)
Arabica,racafe & cia s.c.a,United States,Other,149,70 kg,Almacafé,"March 1st, 2011",Other,Washed / Wet,6.75,6.75,6.42,6.83,7.58,7.5,7.25,79.08,0.1,0,Other,3,1942.0,Premium (Arabica)
Arabica,juan luis alvarado romero,Guatemala,oriente,250,69 kg,Asociacion Nacional Del Café,"September 11th, 2014",Other,Washed / Wet,7.33,7.17,6.58,7.42,7.08,6.83,6.58,79.0,0.12,0,Green,3,371.61216,Baja (Arabica)
Arabica,cafes finos de exportacion s de r.l.,Honduras,intibuca,275,2 kg,Instituto Hondureño del Café,"April 26th, 2014",Pacas,Washed / Wet,7.0,7.0,7.0,7.0,7.0,7.0,7.0,79.0,0.11,0,Green,12,1350.0,Media (Arabica)
Arabica,sustainable harvest coffee,Peru,san ignacio,280,69 kg,Specialty Coffee Association,"January 8th, 2013",Typica,Washed / Wet,7.67,7.17,7.08,7.25,8.0,7.5,7.0,79.0,0.0,0,Green,4,1400.0,Media (Arabica)
Arabica,gonzalo de aquino flores,Mexico,"iliatenco, guerrero",14,1 kg,AMECAFE,"September 17th, 2012",Mundo Novo,Natural / Dry,6.75,7.08,6.67,7.25,7.17,7.08,7.0,79.0,0.12,0,Green,12,1300.0,Media (Arabica)
Arabica,israel eduardo paz garcia,Mexico,zaragoza itundujia,16,1 kg,AMECAFE,"September 12th, 2012",Typica,Semi-Washed / Semi-Pulped,7.5,7.17,6.92,7.5,7.25,7.0,7.0,79.0,0.14,3,Green,17,1550.0,Alta (Arabica)
Arabica,juan avenamar rodriguez funez,Mexico,amatenango de la frontera,120,1 kg,AMECAFE,"August 30th, 2012",Typica,Washed / Wet,7.17,6.83,6.83,7.25,7.17,6.92,6.83,79.0,0.14,7,Green,38,12.0,Baja (Arabica)
Arabica,alfredo bojalil,Mexico,"la concordia, chiapas",250,1 kg,AMECAFE,"March 12th, 2013",Typica,Washed / Wet,7.33,7.0,6.75,7.08,7.17,7.25,7.0,78.92,0.12,0,Green,8,1300.0,Media (Arabica)
Arabica,israel eduardo paz garcia,Mexico,zaragoza itundujia,14,1 kg,AMECAFE,"September 17th, 2012",Typica,Washed / Wet,7.5,7.0,6.92,7.08,6.92,6.75,6.75,78.92,0.16,0,Green,0,1400.0,Media (Arabica)
Arabica,"exportadora atlantic, s.a.",Nicaragua,jalapa,1,1 kg,Instituto Hondureño del Café,"May 22nd, 2017",Caturra,Other,7.17,7.0,6.92,7.0,7.0,7.0,6.75,78.83,0.1,0,Green,4,1100.0,Media (Arabica)
Arabica,eileen koyanagi,United States (Hawaii),kona,11,2 lbs,Specialty Coffee Association,"January 17th, 2014",Hawaiian Kona,Natural / Dry,7.5,6.92,6.92,7.25,7.58,7.42,7.17,78.75,0.12,5,Green,8,157.93516800000003,Baja (Arabica)
Arabica,juan luis alvarado romero,Guatemala,oriente,250,69 kg,Asociacion Nacional Del Café,"July 5th, 2013",Bourbon,Washed / Wet,7.33,7.08,6.33,7.25,7.0,7.0,6.75,78.75,0.12,1,Green,8,399.48307200000005,Baja (Arabica)
Arabica,octavio augusto diaz trejo,Mexico,veracruz,20,1 kg,AMECAFE,"August 1st, 2012",Typica,Washed / Wet,7.25,6.83,6.83,7.0,7.17,7.0,6.67,78.75,0.14,0,Green,0,1320.0,Media (Arabica)
Arabica,damaso martinez perez,Mexico,veracruz,35,1 kg,AMECAFE,"July 16th, 2012",Typica,Semi-Washed / Semi-Pulped,7.25,7.33,7.17,7.25,7.08,7.0,7.0,78.75,0.14,0,Green,0,1250.0,Media (Arabica)
Arabica,"productores de especialidad emiliano zapeata, spr.",Mexico,"ohuapan, tlaltetela",10,1 kg,AMECAFE,"June 6th, 2012",Bourbon,Washed / Wet,7.67,7.17,6.83,7.33,7.58,7.17,7.0,78.75,0.12,0,Green,0,1350.0,Media (Arabica)
Arabica,adam ciruli ye,China,yunnan,1,2 kg,Specialty Coffee Association,"April 26th, 2014",Typica,Washed / Wet,7.0,6.92,6.83,7.17,7.17,7.17,7.08,78.67,0.0,0,Green,5,1850.0,Premium (Arabica)
Arabica,juan garcia hernandez,Mexico,yecuatla,20,1 kg,AMECAFE,"September 17th, 2012",Caturra,Washed / Wet,6.92,6.92,6.67,7.25,7.17,6.92,6.83,78.67,0.13,0,Green,2,1150.0,Media (Arabica)
Arabica,"exportadora atlantic, s.a.",Nicaragua,nueva segovia,275,69 kg,Instituto Hondureño del Café,"February 17th, 2016",Caturra,Washed / Wet,7.08,7.0,6.75,6.83,7.08,6.92,6.92,78.58,0.1,1,Green,7,1100.0,Media (Arabica)
Arabica,"exportadora atlantic, s.a.",Nicaragua,Other,275,2 kg,Asociación de Cafés Especiales de Nicaragua,"March 28th, 2015",Caturra,Natural / Dry,6.83,7.08,6.92,6.75,7.25,7.08,6.67,78.58,0.11,1,Green,1,1100.0,Media (Arabica)
Arabica,juan luis alvarado romero,Guatemala,oriente,250,69 kg,Asociacion Nacional Del Café,"September 4th, 2014",Other,Washed / Wet,7.33,7.17,6.92,7.58,7.25,7.17,7.17,78.58,0.12,0,Green,3,371.61216,Baja (Arabica)
Arabica,"lin, che-hao krude 林哲豪",Taiwan,"dongshan dist., tainan city 臺南市東山區",50,20 kg,Specialty Coffee Association,"July 22nd, 2014",Typica,Washed / Wet,6.83,6.75,7.17,7.25,7.0,6.92,6.67,78.58,0.1,0,Green,0,800.0,Baja (Arabica)
Arabica,alfredo bojalil,Mexico,tapachula,250,1 kg,AMECAFE,"July 26th, 2012",Typica,Washed / Wet,7.0,7.0,6.75,7.33,6.92,6.92,6.67,78.58,0.13,0,Green,1,1400.0,Media (Arabica)
Arabica,organizaciones de productores de cafe colimense,Mexico,cofradia de suchitlan,50,1 kg,AMECAFE,"July 2nd, 2012",Typica,Washed / Wet,7.92,7.58,7.58,7.92,7.92,7.5,7.5,78.58,0.1,0,Green,1,1300.0,Media (Arabica)
Arabica,kona pacific farmers cooperative,United States (Hawaii),kona,8,100 lbs,Specialty Coffee Association,"June 21st, 2011",Hawaiian Kona,Natural / Dry,7.92,6.83,7.08,7.42,6.75,7.33,7.25,78.58,0.0,0,Blue-Green,0,157.93516800000003,Baja (Arabica)
Arabica,kurt kappeli,Mexico,"sierra, chiapas",280,69 kg,Specialty Coffee Association,"April 26th, 2014",Bourbon,Washed / Wet,7.25,6.75,6.92,6.92,7.25,7.58,7.17,78.5,0.0,0,Green,0,1600.0,Alta (Arabica)
Arabica,rosario miguel hernandez,Mexico,villa talea de castro,10,1 kg,AMECAFE,"September 14th, 2012",Typica,Washed / Wet,7.08,6.83,6.83,7.0,7.0,6.92,6.83,78.5,0.12,0,Green,14,1400.0,Media (Arabica)
Arabica,francisco ruiz nunez,Mexico,los angeles,20,1 kg,AMECAFE,"July 26th, 2012",Caturra,Washed / Wet,7.25,7.17,7.0,6.83,7.58,7.08,6.92,78.5,0.13,1,Green,3,1200.0,Media (Arabica)
Arabica,bourbon specialty coffees,Brazil,monte carmelo,300,60 kg,Brazil Specialty Coffee Association,"December 16th, 2014",Catuai,Natural / Dry,6.83,7.0,6.92,7.08,6.92,6.83,6.83,78.42,0.12,3,Green,4,1000.0,Media (Arabica)
Arabica,israel eduardo paz garcia,Mexico,zaragoza itundujia,10,1 kg,AMECAFE,"September 14th, 2012",Typica,Washed / Wet,7.58,7.17,7.0,7.17,7.33,7.0,7.17,78.42,0.14,0,Green,0,1500.0,Alta (Arabica)
Arabica,eileen koyanagi,United States (Hawaii),kona,5,100 lbs,Specialty Coffee Association,"March 19th, 2014",Hawaiian Kona,Natural / Dry,7.5,7.75,7.58,7.83,7.92,7.92,7.83,78.33,0.1,0,Blue-Green,0,157.93516800000003,Baja (Arabica)
Arabica,juan luis alvarado romero,Guatemala,oriente,275,69 kg,Asociacion Nacional Del Café,"February 27th, 2014",Other,Washed / Wet,7.17,6.5,6.67,7.0,7.17,7.17,6.67,78.33,0.1,0,Green,2,371.61216,Baja (Arabica)
Arabica,juan luis alvarado romero,Guatemala,oriente,250,1 kg,Asociacion Nacional Del Café,"February 7th, 2013",Bourbon,Washed / Wet,7.17,7.17,6.5,7.17,7.0,6.83,6.5,78.33,0.11,1,Green,4,399.48307200000005,Baja (Arabica)
Arabica,pablo cervantes morelos        ,Mexico,"xochitonalco, huautla        ",100,1 kg,AMECAFE,"September 11th, 2012",Typica,Natural / Dry,7.25,7.25,7.0,7.5,7.33,7.42,7.75,78.33,0.13,31,Green,47,1300.0,Media (Arabica)
Arabica,juan luis alvarado romero,Guatemala,oriente,250,1 kg,Asociacion Nacional Del Café,"January 13th, 2012",Bourbon,Washed / Wet,7.17,6.08,6.17,7.25,7.33,7.33,7.0,78.33,0.11,0,Green,9,448.25716800000004,Baja (Arabica)
Arabica,eileen koyanagi,United States (Hawaii),kona,18,100 lbs,Specialty Coffee Association,"January 20th, 2015",Hawaiian Kona,Natural / Dry,7.5,7.5,7.33,7.58,7.5,7.42,7.42,78.25,0.11,2,Green,8,157.93516800000003,Baja (Arabica)
Arabica,kona pacific farmers cooperative,United States (Hawaii),kona,5,100 lbs,Specialty Coffee Association,"May 24th, 2012",Hawaiian Kona,Natural / Dry,7.42,7.33,7.33,7.5,7.67,7.75,7.25,78.25,0.11,4,Green,31,157.93516800000003,Baja (Arabica)
Arabica,sanjava coffee,Indonesia,ijen,2,1 kg,Specialty Coffee Association of Indonesia,"July 18th, 2017",Java,Washed / Wet,6.92,6.83,6.92,6.92,6.92,6.83,6.83,78.17,0.13,0,Blue-Green,1,1300.0,Media (Arabica)
Arabica,gustavo amieva gonzalez,Mexico,cordoba,320,1 kg,AMECAFE,"July 11th, 2012",Typica,Washed / Wet,7.08,6.83,6.67,7.25,7.25,6.92,6.75,78.08,0.11,0,Green,3,1050.0,Media (Arabica)
Arabica,"lin, che-hao krude 林哲豪",Taiwan,"台南市東山區( dongshan dist., tainan city)",8,10 kg,Specialty Coffee Association,"June 6th, 2017",Yellow Bourbon,Washed / Wet,7.5,7.08,7.33,7.17,7.5,7.5,7.25,78.0,0.0,3,Green,4,650.0,Baja (Arabica)
Arabica,cafes finos de exportacion s de r.l.,Honduras,intibuca,275,2 kg,Instituto Hondureño del Café,"May 15th, 2014",Pacas,Natural / Dry,6.83,7.0,6.67,7.0,7.0,6.83,6.67,78.0,0.11,2,Green,6,1350.0,Media (Arabica)
Arabica,eileen koyanagi,United States (Hawaii),kona,5,100 lbs,Specialty Coffee Association,"March 18th, 2014",Hawaiian Kona,Natural / Dry,7.58,7.33,7.5,7.42,7.5,7.33,7.33,78.0,0.12,2,Green,3,157.93516800000003,Baja (Arabica)
Arabica,juan luis alvarado romero,Guatemala,oriente,275,69 kg,Asociacion Nacional Del Café,"February 7th, 2014",Other,Washed / Wet,7.42,7.25,6.83,7.33,7.0,6.92,7.25,78.0,0.1,1,Green,2,371.61216,Baja (Arabica)
Arabica,samuel eli gurel,China,yunnan,16,2 kg,Specialty Coffee Association,"September 5th, 2013",Typica,Washed / Wet,7.33,7.17,6.92,7.08,7.33,7.0,7.17,78.0,0.1,0,Green,28,1200.0,Media (Arabica)
Arabica,juan luis alvarado romero,Guatemala,oriente,250,69 kg,Asociacion Nacional Del Café,"April 29th, 2013",Bourbon,Washed / Wet,7.0,6.83,6.83,7.17,6.67,6.83,6.67,78.0,0.11,3,Green,9,399.48307200000005,Baja (Arabica)
Arabica,alejandro garcia palacios,Mexico,"motozintla, chiapas",10,1 kg,AMECAFE,"September 11th, 2012",Other,Washed / Wet,7.25,7.33,7.0,7.0,7.25,7.08,7.08,78.0,0.12,2,Green,7,850.0,Baja (Arabica)
Arabica,mao-heng chu,Colombia,Other,202,70 kg,Specialty Coffee Association,"December 1st, 2011",Caturra,Washed / Wet,7.42,7.17,7.0,7.17,7.67,7.17,7.08,78.0,0.1,1,Green,3,1750.0,Alta (Arabica)
Arabica,santa laura exportadora de cafe s.l.e.c. s.a.,Costa Rica,occidental,250,1 kg,Specialty Coffee Association of Costa Rica,"February 3rd, 2015",Caturra,Washed / Wet,7.5,7.25,7.42,7.0,7.08,6.83,6.83,77.92,0.12,2,Green,4,1200.0,Media (Arabica)
Arabica,gustavo abarca solis,Mexico,petatlan,50,1 kg,AMECAFE,"July 26th, 2012",Typica,Washed / Wet,7.42,7.25,7.0,7.0,7.25,7.08,6.92,77.92,0.11,0,Green,3,1248.0,Media (Arabica)
Arabica,juan luis alvarado romero,Guatemala,oriente,250,1 kg,Asociacion Nacional Del Café,"January 13th, 2012",Bourbon,Washed / Wet,7.17,6.17,6.17,7.08,7.33,6.83,7.17,77.92,0.11,0,Green,7,448.25716800000004,Baja (Arabica)
Arabica,"bencafe, s. a.",Nicaragua,jinotega,275,69 kg,Specialty Coffee Association of Costa Rica,"February 29th, 2016",Caturra,Washed / Wet,7.42,7.0,7.0,7.17,7.08,7.0,7.17,77.83,0.1,0,Blue-Green,0,1000.0,Media (Arabica)
Arabica,cafe politico,Brazil,Other,1,5 lbs,Specialty Coffee Association,"August 25th, 2014",Bourbon,Washed / Wet,7.0,6.75,6.67,6.83,7.08,6.83,6.67,77.83,0.11,0,Green,2,1000.0,Media (Arabica)
Arabica,juan luis alvarado romero,Guatemala,oriente,250,1 kg,Asociacion Nacional Del Café,"February 7th, 2013",Bourbon,Washed / Wet,7.0,6.83,6.67,7.17,6.83,6.83,6.5,77.83,0.11,0,Green,2,399.48307200000005,Baja (Arabica)
Arabica,"lin, che-hao krude 林哲豪",Taiwan,"dongshan dist., tainan city 臺南市東山區",100,10 kg,Specialty Coffee Association,"May 29th, 2013",Typica,Washed / Wet,7.17,6.75,6.58,7.33,7.33,7.17,6.67,77.67,0.11,0,Blue-Green,0,775.0,Baja (Arabica)
Arabica,kona pacific farmers cooperative,United States (Hawaii),kona,5,100 lbs,Specialty Coffee Association,"May 3rd, 2013",Hawaiian Kona,Natural / Dry,7.58,7.67,7.58,7.67,7.42,7.42,7.58,77.58,0.12,1,Green,5,157.93516800000003,Baja (Arabica)
Arabica,stephany escamilla femat,Mexico,coatepec,23,1 kg,AMECAFE,"September 17th, 2012",Typica,Washed / Wet,7.17,6.75,6.58,6.75,6.83,6.75,6.67,77.5,0.13,0,Green,3,1300.0,Media (Arabica)
Arabica,juan luis alvarado romero,Guatemala,oriente,250,1 kg,Asociacion Nacional Del Café,"January 29th, 2013",Bourbon,Washed / Wet,7.08,6.92,6.33,7.0,6.92,7.0,6.17,77.42,0.11,2,Green,15,399.48307200000005,Baja (Arabica)
Arabica,ipanema coffees,Brazil,south of minas,320,60 kg,Brazil Specialty Coffee Association,"October 20th, 2017",Bourbon,Natural / Dry,7.5,7.33,7.42,7.58,7.58,6.92,7.0,77.33,0.0,0,Green,3,890.0,Baja (Arabica)
Arabica,juan luis alvarado romero,Guatemala,oriente,275,69 kg,Asociacion Nacional Del Café,"April 8th, 2014",Other,Washed / Wet,7.33,7.0,6.83,7.17,7.17,7.17,6.67,77.33,0.1,1,Green,2,371.61216,Baja (Arabica)
Arabica,israel eduardo paz garcia,Mexico,zaragoza itundujia,10,1 kg,AMECAFE,"September 13th, 2012",Typica,Washed / Wet,7.33,7.0,6.67,7.0,6.92,6.92,6.83,77.33,0.15,4,Green,5,1500.0,Alta (Arabica)
Arabica,myriam kaplan-pasternak,Haiti,"dondon, haiti",1,4 lbs,Specialty Coffee Association,"May 5th, 2014",Typica,Washed / Wet,6.83,6.83,6.83,6.75,6.92,6.92,6.83,77.25,0.1,0,Blue-Green,1,825.0,Baja (Arabica)
Arabica,eileen koyanagi,United States (Hawaii),kona,9,2 lbs,Specialty Coffee Association,"January 27th, 2014",Hawaiian Kona,Natural / Dry,7.08,6.92,6.83,6.67,7.58,7.42,6.75,77.25,0.12,1,Green,5,157.93516800000003,Baja (Arabica)
Arabica,alejandro garcia palacios,Mexico,"motozintla, chiapas",10,1 kg,AMECAFE,"September 11th, 2012",Other,Washed / Wet,7.08,7.0,7.0,7.25,7.33,7.25,6.92,77.17,0.12,1,Green,11,1200.0,Media (Arabica)
Arabica,andrew bowman,Peru,san ignacio,275,2 kg,Specialty Coffee Association,"June 16th, 2015",Caturra,Washed / Wet,7.42,7.75,7.42,7.67,7.92,7.83,7.67,77.0,0.0,7,Green,9,1200.0,Media (Arabica)
Arabica,joshua marsceau,India,chickmangalore,20,50 kg,Specialty Coffee Association,"January 16th, 2017",Other,Natural / Dry,7.67,7.33,7.17,6.67,7.17,7.42,7.42,76.83,0.0,0,Green,0,1250.0,Media (Arabica)
Arabica,masamichi hiroike,Mexico,"pluma hidalogo, oaxaca",250,6,Specialty Coffee Association,"April 9th, 2010",Typica,Washed / Wet,6.67,6.33,6.42,6.83,7.0,6.92,6.58,76.75,0.0,0,Green,0,1200.0,Media (Arabica)
Arabica,juan luis alvarado romero,Guatemala,oriente,250,2 kg,Asociacion Nacional Del Café,"January 3rd, 2012",Bourbon,Washed / Wet,6.42,6.5,6.5,7.33,6.33,6.92,6.5,76.5,0.12,0,Green,4,448.25716800000004,Baja (Arabica)
Arabica,homero antonio de anda andrade,Mexico,coatepec,10,1 kg,AMECAFE,"July 26th, 2012",Typica,Washed / Wet,7.17,6.58,6.58,7.0,7.25,6.58,6.58,76.42,0.13,0,Green,14,1100.0,Media (Arabica)
Arabica,juan luis alvarado romero,Guatemala,oriente,250,69 kg,Asociacion Nacional Del Café,"April 30th, 2012",Bourbon,Washed / Wet,7.5,7.0,6.83,7.5,7.17,7.33,7.0,76.33,0.11,0,Green,8,399.48307200000005,Baja (Arabica)
Arabica,juan luis alvarado romero,Guatemala,oriente,250,2 kg,Asociacion Nacional Del Café,"January 3rd, 2012",Bourbon,Washed / Wet,6.17,6.5,6.5,7.17,7.0,6.83,6.17,76.33,0.11,0,Green,5,448.25716800000004,Baja (Arabica)
Arabica,eileen koyanagi,United States (Hawaii),kona,2,100 lbs,Specialty Coffee Association,"March 18th, 2014",Hawaiian Kona,Natural / Dry,7.25,7.08,6.83,7.17,7.33,6.83,7.08,76.25,0.0,0,Green,0,157.93516800000003,Baja (Arabica)
Arabica,eileen koyanagi,United States (Hawaii),kona,6,100 lbs,Specialty Coffee Association,"January 20th, 2014",Hawaiian Kona,Natural / Dry,7.5,7.33,7.33,7.58,7.67,7.25,7.5,76.17,0.0,0,Blue-Green,3,157.93516800000003,Baja (Arabica)
Arabica,israel eduardo paz garcia,Mexico,zaragoza itundujia,11,1 kg,AMECAFE,"September 17th, 2012",Typica,Washed / Wet,7.42,7.0,6.83,7.08,6.92,6.83,6.75,76.17,0.16,2,Green,4,1400.0,Media (Arabica)
Arabica,william ho,Indonesia,indonesia,15,2 kg,Specialty Coffee Association,"January 18th, 2012",Other,Natural / Dry,7.33,7.0,6.5,6.08,7.58,6.33,6.67,76.17,0.12,4,Blue-Green,26,3500.0,Premium (Arabica)
Arabica,guillermo eduardo bobadilla muguira,Mexico,tepictla,20,1 kg,AMECAFE,"September 10th, 2012",Bourbon,Washed / Wet,7.08,6.83,6.83,7.17,7.17,7.08,6.58,76.08,0.12,0,Green,12,1250.0,Media (Arabica)
Arabica,cafes finos de exportacion s de r.l.,Honduras,intibuca,275,2 kg,Instituto Hondureño del Café,"May 15th, 2014",Pacas,Natural / Dry,6.83,6.83,6.67,6.83,7.0,6.83,7.0,76.0,0.11,0,Green,7,1350.0,Media (Arabica)
Arabica,ana gonzales,Philippines,"benguet, mountain province",1,2 kg,Specialty Coffee Association,"May 14th, 2013",Other,Washed / Wet,6.83,6.5,6.5,6.92,6.75,7.0,6.67,75.83,0.12,0,Green,2,1000.0,Media (Arabica)
Arabica,volcafe ltda. - brasil,Brazil,monte carmelo,440,59 kg,Brazil Specialty Coffee Association,"October 27th, 2017",Bourbon,Natural / Dry,7.17,7.0,6.83,7.5,7.17,7.0,7.0,75.67,0.11,0,Green,6,1000.0,Media (Arabica)
Arabica,juan luis alvarado romero,Guatemala,oriente,250,1 kg,Asociacion Nacional Del Café,"July 9th, 2012",Bourbon,Washed / Wet,7.92,7.58,7.17,7.58,7.33,7.17,6.83,75.58,0.11,0,Green,15,399.48307200000005,Baja (Arabica)
Arabica,juan luis alvarado romero,Guatemala,oriente,250,1 kg,Asociacion Nacional Del Café,"January 6th, 2012",Bourbon,Washed / Wet,6.67,6.5,6.33,7.0,7.17,6.75,6.5,75.58,0.12,0,Green,10,448.25716800000004,Baja (Arabica)
Arabica,juana rodriguez gutierrez,Mexico,tlacuilotepec,10,1 kg,AMECAFE,"September 12th, 2012",Pacamara,Washed / Wet,7.5,7.25,6.92,7.0,7.17,6.83,6.83,75.5,0.11,4,Green,20,1100.0,Media (Arabica)
Arabica,francisco hernandez lorenzo,Mexico,ocosingo,100,1 kg,AMECAFE,"September 12th, 2012",Mundo Novo,Washed / Wet,7.17,6.92,6.67,6.83,7.25,7.75,6.58,75.17,0.11,0,Green,20,1200.0,Media (Arabica)
Arabica,montegrande,Mexico,Other,36,1 kg,AMECAFE,"June 6th, 2012",Other,Washed / Wet,7.25,6.83,6.67,7.08,7.17,6.83,6.67,75.17,0.12,0,Green,8,1100.0,Media (Arabica)
Arabica,martin jimenez casiano,Mexico,huautla de jimenez,18,1 kg,AMECAFE,"March 5th, 2012",Typica,Washed / Wet,7.17,7.17,6.83,7.17,7.42,6.67,6.75,75.17,0.13,23,Blue-Green,29,1280.0,Media (Arabica)
Arabica,"grupo juvenil magtayani, ac",Mexico,menglian,43,1 kg,AMECAFE,"July 11th, 2012",Typica,Washed / Wet,7.0,6.92,6.75,6.92,7.17,6.83,6.75,75.0,0.14,15,Green,7,850.0,Baja (Arabica)
Arabica,israel eduardo paz garcia,Mexico,zaragoza itundujia,14,1 kg,AMECAFE,"September 13th, 2012",Typica,Washed / Wet,7.08,6.75,6.58,7.0,7.0,6.75,6.42,74.92,0.17,0,Green,6,1500.0,Alta (Arabica)
Arabica,pablo enrique martinez gama,Mexico,coatepec,20,1 kg,AMECAFE,"August 1st, 2012",Typica,Washed / Wet,7.33,6.75,6.67,7.25,7.5,7.0,7.0,74.83,0.12,0,Green,30,1250.0,Media (Arabica)
Arabica,juan luis alvarado romero,Guatemala,oriente,250,1 kg,Asociacion Nacional Del Café,"January 9th, 2012",Bourbon,Washed / Wet,6.75,6.5,6.17,7.0,7.25,6.75,6.33,74.75,0.11,0,Green,8,448.25716800000004,Baja (Arabica)
Arabica,juan luis alvarado romero,Guatemala,oriente,250,1 kg,Asociacion Nacional Del Café,"January 5th, 2012",Bourbon,Washed / Wet,6.75,6.67,6.17,7.17,7.0,6.58,6.42,74.75,0.11,0,Green,10,448.25716800000004,Baja (Arabica)
Arabica,nestor mendez gomez,Mexico,chiapas,275,1 kg,AMECAFE,"March 29th, 2013",Typica,Washed / Wet,7.08,7.0,6.83,7.5,7.33,6.83,6.75,74.67,0.12,0,Green,7,1700.0,Alta (Arabica)
Arabica,eileen koyanagi,United States (Hawaii),kona,3,100 lbs,Specialty Coffee Association,"March 13th, 2014",Hawaiian Kona,Natural / Dry,7.5,7.25,7.0,7.25,7.42,7.33,7.33,74.42,0.0,1,Blue-Green,2,157.93516800000003,Baja (Arabica)
Arabica,juan luis alvarado romero,Guatemala,oriente,250,69 kg,Asociacion Nacional Del Café,"June 6th, 2013",Bourbon,Washed / Wet,6.5,6.33,6.5,7.5,7.33,6.83,6.0,74.33,0.11,1,Green,1,399.48307200000005,Baja (Arabica)
Arabica,jorge octavio escamilla prado,Mexico,"chocaman, veracruz",20,1 kg,AMECAFE,"September 10th, 2012",Typica,Washed / Wet,7.0,6.58,6.67,6.83,7.08,6.83,6.67,74.33,0.14,3,Green,11,1140.0,Media (Arabica)
Arabica,myrna roxana galvez gonzalez,Mexico,xalapa,100,1 kg,AMECAFE,"September 17th, 2012",Typica,Washed / Wet,6.92,6.42,6.17,7.33,7.25,6.75,6.5,74.0,0.13,0,Green,27,1200.0,Media (Arabica)
Arabica,eugene holman pew,Mexico,coatepec,20,1 kg,AMECAFE,"August 1st, 2012",Typica,Washed / Wet,7.67,7.0,7.17,7.58,7.33,7.33,7.08,73.83,0.12,0,Green,19,1250.0,Media (Arabica)
Arabica,kona pacific farmers cooperative,United States (Hawaii),kona,22,100 lbs,Specialty Coffee Association,"April 6th, 2012",Hawaiian Kona,Natural / Dry,7.17,7.17,7.17,7.58,7.67,6.92,7.33,73.67,0.0,9,Blue-Green,17,157.93516800000003,Baja (Arabica)
Arabica,bourbon specialty coffees,Brazil,campos altos - cerrado,300,60 kg,Brazil Specialty Coffee Association,"December 28th, 2015",Bourbon,Natural / Dry,7.25,6.58,6.58,7.0,7.0,6.42,6.67,73.5,0.11,0,Green,0,1000.0,Media (Arabica)
Arabica,cafes finos de exportacion s de r.l.,Honduras,intibuca,275,2 kg,Instituto Hondureño del Café,"April 26th, 2014",Pacas,Washed / Wet,7.0,7.17,6.83,7.17,7.0,7.17,7.08,73.42,0.11,1,Green,16,1350.0,Media (Arabica)
Arabica,kurt kappeli,Mexico,sierra alta mixe y zapoteca,280,69 kg,Specialty Coffee Association,"May 8th, 2014",Typica,Washed / Wet,7.08,7.08,6.92,7.08,6.92,6.92,6.92,72.92,0.0,1,Green,1,1200.0,Media (Arabica)
Arabica,honor dela fuente,Colombia,Other,1,5 lbs,Specialty Coffee Association,"March 3rd, 2014",Caturra,Natural / Dry,8.0,7.33,7.75,7.33,7.42,7.67,7.33,72.83,0.0,0,Blue-Green,15,1750.0,Alta (Arabica)
Arabica,eileen koyanagi,United States (Hawaii),kona,11,100 lbs,Specialty Coffee Association,"March 10th, 2014",Hawaiian Kona,Natural / Dry,6.92,6.92,6.92,7.5,7.58,7.17,6.92,72.58,0.11,5,Green,9,157.93516800000003,Baja (Arabica)
Arabica,myriam kaplan-pasternak,Haiti,marmelade,85,130 lbs,Specialty Coffee Association,"August 23rd, 2011",Typica,Washed / Wet,6.92,6.75,7.08,7.17,7.33,6.67,6.42,72.33,0.08,1,Blue-Green,0,1020.0,Media (Arabica)
Arabica,santa laura exportadora de cafe s.l.e.c. s.a.,Costa Rica,occidental,250,1 kg,Specialty Coffee Association of Costa Rica,"February 3rd, 2015",Caturra,Washed / Wet,6.33,6.5,6.33,6.83,6.33,6.5,6.25,71.75,0.11,0,Green,7,1200.0,Media (Arabica)
Arabica,jose armando norberto borzani lemini,Mexico,tlatlauquitepec,10,1 kg,AMECAFE,"September 10th, 2012",Mundo Novo,Washed / Wet,6.92,6.92,6.92,6.92,7.17,7.0,6.58,71.08,0.12,4,Green,24,800.0,Baja (Arabica)
Arabica,ricardo aaron sampieri marini,Mexico,veracruz,25,1 kg,AMECAFE,"July 11th, 2012",Bourbon,Washed / Wet,6.5,6.67,6.42,7.17,7.33,6.5,6.42,71.0,0.11,0,Green,0,1800.0,Premium (Arabica)
Arabica,kurt kappeli,Mexico,"sierra norte yajalon, chiapas",280,2 kg,Specialty Coffee Association,"May 5th, 2014",Typica,Washed / Wet,6.92,7.0,6.83,6.92,7.42,6.92,6.75,70.75,0.12,0,Green,1,1000.0,Media (Arabica)
Arabica,volcafe ltda. - brasil,Brazil,cerrado,305,59 kg,Brazil Specialty Coffee Association,"October 27th, 2017",Bourbon,Natural / Dry,7.0,7.0,6.83,7.0,7.33,6.83,6.67,70.67,0.11,0,Green,55,1000.0,Media (Arabica)
Arabica,cadexsa,Honduras,marcala,275,1 kg,Instituto Hondureño del Café,"May 15th, 2014",Catuai,Washed / Wet,6.67,6.5,6.17,6.67,6.83,6.17,6.33,69.33,0.1,0,Green,4,1450.0,Media (Arabica)
Arabica,cadexsa,Honduras,marcala,275,1 kg,Instituto Hondureño del Café,"May 15th, 2014",Catuai,Washed / Wet,7.0,6.17,6.17,6.67,6.5,6.17,6.5,69.17,0.1,0,Green,3,1450.0,Media (Arabica)
Arabica,cadexsa,Honduras,marcala,275,1 kg,Instituto Hondureño del Café,"May 15th, 2014",Catuai,Washed / Wet,7.0,6.33,6.17,6.5,6.67,6.17,6.33,69.17,0.1,0,Green,4,1450.0,Media (Arabica)
Arabica,juan carlos garcia lopez,Mexico,juchique de ferrer,12,1 kg,AMECAFE,"September 17th, 2012",Bourbon,Washed / Wet,7.08,6.83,6.25,7.42,7.25,6.75,6.75,68.33,0.11,0,Green,20,900.0,Baja (Arabica)
Arabica,myriam kaplan-pasternak,Haiti,"department d'artibonite , haiti",1,2 kg,Specialty Coffee Association,"May 24th, 2012",Typica,Natural / Dry,6.75,6.58,6.42,6.67,7.08,6.67,6.42,67.92,0.14,8,Blue-Green,16,350.0,Baja (Arabica)
Arabica,"exportadora atlantic, s.a.",Nicaragua,jalapa,550,69 kg,Instituto Hondureño del Café,"June 6th, 2017",Caturra,Other,7.25,6.58,6.33,6.25,6.42,6.08,6.17,63.08,0.13,1,Green,5,1100.0,Media (Arabica)
Arabica,juan luis alvarado romero,Guatemala,nuevo oriente,275,1 kg,Asociacion Nacional Del Café,"May 24th, 2012",Catuai,Washed / Wet,7.5,6.67,6.67,7.67,7.33,6.67,6.67,59.83,0.1,0,Green,4,431.999136,Baja (Arabica)
Robusta,ankole coffee producers coop,Uganda,sheema south western,300,60 kg,Uganda Coffee Development Authority,"June 26th, 2014",Other,Other,7.83,8.08,7.75,7.92,8.25,7.92,8.0,83.75,0.12,0,Green,2,1488.0,Alta (Robusta)
Robusta,nishant gurjer,India,chikmagalur karnataka indua,320,60 kg,Specialty Coffee Association,"October 31st, 2017",Other,Washed / Wet,8.0,7.75,7.92,8.0,7.92,7.92,8.0,83.5,0.0,0,Green,2,3170.0,Alta (Robusta)
Robusta,andrew hetzel,India,chikmagalur,300,2 kg,Specialty Coffee Association,"April 30th, 2015",Other,Natural / Dry,7.92,7.83,7.92,8.0,7.83,7.92,8.0,83.25,0.0,0,Green,0,1000.0,Alta (Robusta)
Robusta,ugacof,Uganda,central,320,60 kg,Uganda Coffee Development Authority,"July 14th, 2014",Other,Other,8.0,7.92,7.92,7.75,7.83,7.75,8.08,83.0,0.12,0,Green,7,1212.0,Alta (Robusta)
Robusta,katuka development trust ltd,Uganda,luwero central region,1,60 kg,Uganda Coffee Development Authority,"June 26th, 2014",Other,Other,8.33,7.83,7.83,7.75,8.25,7.75,7.67,83.0,0.12,0,Green,3,1250.0,Alta (Robusta)
Robusta,andrew hetzel,India,chikmagalur,200,1 kg,Specialty Coffee Association,"February 29th, 2012",Other,Natural / Dry,8.0,7.92,7.67,8.0,7.75,7.92,7.75,82.75,0.0,0,Green,0,3000.0,Alta (Robusta)
Robusta,andrew hetzel,India,chikmagalur,320,2 kg,Specialty Coffee Association,"May 15th, 2014",Other,Natural / Dry,7.67,7.75,7.83,7.83,7.92,7.75,7.83,82.58,0.0,0,Green,0,750.0,Alta (Robusta)
Robusta,nishant gurjer,India,chikmagalur karnataka india,320,60 kg,Specialty Coffee Association,"October 25th, 2017",Other,Washed / Wet,7.67,7.75,7.83,7.67,7.92,7.83,7.92,82.5,0.1,0,Blue-Green,0,3140.0,Alta (Robusta)
Robusta,nishant gurjer,India,chikmagalur karnataka,320,60 kg,Specialty Coffee Association,"August 17th, 2016",Other,Washed / Wet,7.67,7.75,7.58,7.83,7.83,8.0,7.92,82.5,0.09,0,Green,0,1000.0,Alta (Robusta)
Robusta,ugacof,Uganda,western,320,60 kg,Uganda Coffee Development Authority,"August 5th, 2014",Other,Other,7.67,7.83,7.83,7.83,7.92,7.75,7.83,82.42,0.12,0,Green,6,1100.0,Alta (Robusta)
Robusta,ugacof,Uganda,iganga namadrope eastern,320,60 kg,Uganda Coffee Development Authority,"June 26th, 2014",Other,Other,7.58,7.92,7.75,7.83,7.5,7.67,7.83,81.75,0.12,0,Green,1,1095.0,Alta (Robusta)
Robusta,nishant gurjer,India,chikmagalur karnataka,320,60 kg,Specialty Coffee Association,"August 23rd, 2016",Other,Natural / Dry,7.67,7.83,7.75,7.5,7.75,7.58,7.75,81.58,0.11,0,Green,0,1000.0,Alta (Robusta)
Robusta,andrew hetzel,India,chikmagalur,100,2 kg,Specialty Coffee Association,"May 19th, 2014",Other,Natural / Dry,7.58,7.58,7.67,7.58,7.67,7.67,8.33,81.58,0.0,0,Green,1,750.0,Alta (Robusta)
Robusta,kasozi coffee farmers association,Uganda,eastern,1,60 kg,Uganda Coffee Development Authority,"July 14th, 2014",Other,Other,8.0,7.75,7.75,7.58,7.67,7.5,7.67,81.5,0.11,0,Green,7,1367.0,Alta (Robusta)
Robusta,ankole coffee producers coop,Uganda,south western,320,60 kg,Uganda Coffee Development Authority,"July 14th, 2014",Other,Other,8.0,7.67,7.75,7.5,7.67,7.58,7.75,81.5,0.12,0,Green,2,1488.0,Alta (Robusta)
Robusta,andrew hetzel,India,chikmagalur,300,1 kg,Specialty Coffee Association,"April 30th, 2015",Other,Natural / Dry,7.75,7.75,7.67,7.67,7.58,7.58,7.83,81.42,0.0,0,Green,0,1000.0,Alta (Robusta)
Robusta,andrew hetzel,India,chikmagalur,140,2 kg,Specialty Coffee Association,"June 3rd, 2013",Other,Natural / Dry,7.5,7.5,7.25,7.83,7.67,7.83,7.83,81.25,0.13,0,Blue-Green,0,750.0,Alta (Robusta)
Robusta,kawacom uganda ltd,Uganda,western,1,60 kg,Uganda Coffee Development Authority,"June 27th, 2014",Other,Other,7.33,7.58,7.5,7.75,7.75,7.67,7.58,80.92,0.12,0,Green,1,1600.0,Alta (Robusta)
Robusta,nitubaasa ltd,Uganda,western,20,60 kg,Uganda Coffee Development Authority,"June 27th, 2014",Other,Other,7.83,7.58,7.33,7.67,7.5,7.5,7.42,80.58,0.12,0,Green,2,1745.0,Alta (Robusta)
Robusta,mannya coffee project,Uganda,southern,6,60 kg,Uganda Coffee Development Authority,"June 27th, 2014",Other,Other,7.75,7.42,7.33,7.58,7.67,7.58,7.5,80.5,0.12,0,Green,1,1200.0,Alta (Robusta)
Robusta,andrew hetzel,India,chikmagalur,100,2 kg,Specialty Coffee Association,"May 19th, 2014",Other,Natural / Dry,7.67,7.67,7.5,7.33,7.58,7.5,7.5,80.17,0.0,0,Blue-Green,1,750.0,Alta (Robusta)
Robusta,andrew hetzel,India,chikmagalur,250,2 kg,Specialty Coffee Association,"June 20th, 2013",Other,Natural / Dry,7.58,7.42,7.42,7.83,7.42,7.5,7.58,80.17,0.0,0,Green,0,750.0,Alta (Robusta)
Robusta,andrew hetzel,United States,chikmagalur,100,1 kg,Specialty Coffee Association,"February 29th, 2012",Arusha,Natural / Dry,7.92,7.5,7.42,7.42,7.42,7.42,7.33,79.33,0.0,0,Green,0,3000.0,Alta (Robusta)
Robusta,luis robles,Ecuador,"san juan, playas",1,2 kg,Specialty Coffee Association,"January 19th, 2016",Other,Other,7.75,7.58,7.33,7.58,5.08,7.83,7.83,78.75,0.0,0,Blue-Green,1,40.0,Baja (Robusta)
Robusta,luis robles,Ecuador,"san juan, playas",1,2 kg,Specialty Coffee Association,"January 19th, 2016",Other,Other,7.5,7.67,7.75,7.75,5.17,5.25,8.58,78.08,0.0,0,Blue-Green,0,40.0,Baja (Robusta)
Robusta,james moore,United States,"kwanza norte province, angola",1,1 kg,Specialty Coffee Association,"December 23rd, 2014",Arusha,Natural / Dry,7.33,7.33,7.17,7.42,7.5,7.17,7.17,77.17,0.0,0,Green,6,795.0,Alta (Robusta)
Robusta,cafe politico,India,Other,1,5 lbs,Specialty Coffee Association,"August 25th, 2014",Other,Natural / Dry,7.42,6.83,6.75,7.17,7.25,7.0,6.92,75.08,0.1,20,Green,1,1000.0,Alta (Robusta)
Robusta,cafe politico,Vietnam,Other,1,5 lbs,Specialty Coffee Association,"August 25th, 2014",Other,Natural / Dry,6.75,6.67,6.5,6.83,6.92,6.83,7.92,73.75,0.12,63,Other,9,1095.0,Alta (Robusta)
