Species,Owner,Country.of.Origin,Region,Number.of.Bags,Bag.Weight,In.Country.Partner,Grading.Date,Variety,Processing.Method,Aroma,Flavor,Aftertaste,Acidity,Body,Balance,Cupper.Points,Total.Cup.Points,Moisture,Category.One.Defects,Color,Category.Two.Defects,altitude_mean_meters,categoria_altitud,Nombre_Comercial,Puntaje_Real,Puntaje_Predicho,Clasificacion_Real,Clasificacion_Predicha,Acierto
Arabica,metad plc,Ethiopia,Other,300,60 kg,METAD Agricultural Development plc,"April 4th, 2015",Other,Washed / Wet,8.67,8.83,8.67,8.75,8.5,8.42,8.75,90.58,0.12,0,Green,0,2075.0,Premium (Arabica),Private Reserve MET,90.58,85.17884831219365,Premium,Premium,Sí
Arabica,metad plc,Ethiopia,Other,300,60 kg,METAD Agricultural Development plc,"April 4th, 2015",Other,Washed / Wet,8.75,8.67,8.5,8.58,8.42,8.42,8.58,89.92,0.12,0,Green,1,2075.0,Premium (Arabica),Private Reserve MET,89.92,85.18693014948963,Premium,Premium,Sí
Arabica,grounds for health admin,Guatemala,Other,5,1,Specialty Coffee Association,"May 31st, 2010",Bourbon,Washed / Wet,8.42,8.5,8.42,8.42,8.33,8.42,9.25,89.75,0.0,0,Green,0,1700.0,Alta (Arabica),Mill GRO,89.75,83.61743547973093,Premium,Premium,Sí
Arabica,yidnekachew dabessa,Ethiopia,Other,320,60 kg,METAD Agricultural Development plc,"March 26th, 2015",Other,Natural / Dry,8.17,8.58,8.42,8.42,8.5,8.25,8.67,89.0,0.11,0,Green,2,2000.0,Premium (Arabica),Heritage YID,89.0,86.16865864736981,Premium,Premium,Sí
Arabica,metad plc,Ethiopia,Other,300,60 kg,METAD Agricultural Development plc,"April 4th, 2015",Other,Washed / Wet,8.25,8.5,8.25,8.5,8.42,8.33,8.58,88.83,0.12,0,Green,2,2075.0,Premium (Arabica),Private Reserve MET,88.83,85.16577998931437,Premium,Premium,Sí
Arabica,ji-ae ahn,Brazil,Other,100,30 kg,Specialty Coffee Institute of Asia,"September 3rd, 2013",Bourbon,Natural / Dry,8.58,8.42,8.42,8.5,8.25,8.33,8.33,88.83,0.11,0,Blue-Green,1,1000.0,Media (Arabica),Mill JI-,88.83,82.75605986855837,Premium,Premium,Sí
Arabica,hugo valdivia,Peru,Other,100,69 kg,Specialty Coffee Institute of Asia,"September 17th, 2012",Other,Washed / Wet,8.42,8.5,8.33,8.5,8.25,8.25,8.5,88.75,0.11,0,Blue-Green,0,1300.0,Media (Arabica),Mill HUG,88.75,83.20043221721373,Premium,Premium,Sí
Arabica,ethiopia commodity exchange,Ethiopia,Other,300,60 kg,Ethiopia Commodity Exchange,"September 2nd, 2010",Other,Natural / Dry,8.25,8.33,8.5,8.42,8.33,8.5,9.0,88.67,0.03,0,Green,0,1635.0,Alta (Arabica),Select Harvest ETH,88.67,86.05125261293483,Premium,Premium,Sí
Arabica,ethiopia commodity exchange,Ethiopia,Other,300,60 kg,Ethiopia Commodity Exchange,"September 2nd, 2010",Other,Natural / Dry,8.67,8.67,8.58,8.42,8.33,8.42,8.67,88.42,0.03,0,Green,0,1635.0,Alta (Arabica),Select Harvest ETH,88.42,86.05125261293483,Premium,Premium,Sí
Arabica,diamond enterprise plc,Ethiopia,Other,50,60 kg,METAD Agricultural Development plc,"March 30th, 2015",Other,Natural / Dry,8.08,8.58,8.5,8.5,7.67,8.42,8.5,88.25,0.1,0,Green,4,1822.5,Premium (Arabica),Private Reserve DIA,88.25,86.08344329432983,Premium,Premium,Sí
Arabica,mohammed lalo,Ethiopia,Other,300,60 kg,METAD Agricultural Development plc,"March 27th, 2015",Other,Natural / Dry,8.17,8.67,8.25,8.5,7.75,8.17,8.58,88.08,0.1,0,Green,1,1905.0,Premium (Arabica),Mill MOH,88.08,86.26318621791168,Premium,Premium,Sí
Arabica,cqi q coffee sample representative,Other,Other,10,1 kg,Almacafé,"March 13th, 2015",Other,Washed / Wet,8.25,8.42,8.17,8.33,8.08,8.17,8.5,87.92,0.0,0,Other,0,1872.0,Premium (Arabica),Mill CQI,87.92,84.85138241874951,Premium,Premium,Sí
Arabica,cqi q coffee sample representative,Other,Other,10,1 kg,Almacafé,"March 13th, 2015",Other,Washed / Wet,8.08,8.67,8.33,8.42,8.0,8.08,8.33,87.92,0.0,0,Other,0,1943.0,Premium (Arabica),Mill CQI,87.92,84.91530064112186,Premium,Premium,Sí
Arabica,grounds for health admin,United States (Hawaii),kona,1,1,Specialty Coffee Association,"May 31st, 2010",Hawaiian Kona,Natural / Dry,8.33,8.42,8.08,8.25,8.25,8.0,8.58,87.92,0.0,0,Blue-Green,2,185.80608,Baja (Arabica),Mill GRO,87.92,83.3727151000525,Premium,Premium,Sí
Arabica,ethiopia commodity exchange,Ethiopia,Other,300,60 kg,Ethiopia Commodity Exchange,"August 31st, 2010",Other,Natural / Dry,8.25,8.33,8.5,8.25,8.58,8.75,8.5,87.83,0.05,0,Green,2,1635.0,Alta (Arabica),Select Harvest ETH,87.83,86.2963167171721,Premium,Premium,Sí
Arabica,cqi q coffee sample representative,Other,Other,10,1 kg,Almacafé,"March 13th, 2015",Other,Washed / Wet,8.0,8.5,8.58,8.17,8.17,8.0,8.17,87.58,0.0,0,Other,0,2080.0,Premium (Arabica),Mill CQI,87.58,84.98831944742845,Premium,Premium,Sí
Arabica,grounds for health admin,Indonesia,Other,1,"2 kg,lbs",Specialty Coffee Association,"May 31st, 2010",Other,Washed / Wet,8.33,8.25,7.83,7.75,8.5,8.42,8.33,87.42,0.03,0,Blue-Green,0,1500.0,Alta (Arabica),Mill GRO,87.42,83.85100253292595,Premium,Premium,Sí
Arabica,ethiopia commodity exchange,Ethiopia,Other,150,6,Ethiopia Commodity Exchange,"June 16th, 2010",Other,Natural / Dry,8.17,8.33,8.25,8.33,8.42,8.33,8.83,87.33,0.05,0,Green,2,1800.0,Premium (Arabica),Select Harvest ETH,87.33,86.53054386939431,Premium,Premium,Sí
Arabica,yunnan coffee exchange,China,yunnan,3,60 kg,Yunnan Coffee Exchange,"April 7th, 2016",Catimor,Washed / Wet,8.42,8.25,8.08,8.17,7.92,8.0,8.42,87.25,0.1,0,Green,0,1450.0,Media (Arabica),Private Reserve YUN,87.25,83.55708463675403,Premium,Premium,Sí
Arabica,essencecoffee,Ethiopia,Other,250,60 kg,Blossom Valley International,"March 25th, 2015",Other,Natural / Dry,8.17,8.17,8.0,8.17,8.08,8.33,8.33,87.25,0.0,0,Green,8,1850.0,Premium (Arabica),Private Reserve ESS,87.25,85.53127129398743,Premium,Premium,Sí
Arabica,cqi q coffee sample representative,Other,Other,10,1 kg,Almacafé,"March 13th, 2015",Other,Washed / Wet,8.0,8.25,8.08,8.5,8.25,8.0,8.17,87.25,0.0,0,Other,0,2019.0,Premium (Arabica),Mill CQI,87.25,84.96427045328258,Premium,Premium,Sí
Arabica,the coffee source inc.,Costa Rica,Other,250,3 lbs,Specialty Coffee Association,"April 2nd, 2014",Caturra,Washed / Wet,8.08,8.25,8.0,8.17,8.0,8.33,8.33,87.17,0.11,0,Green,2,1300.0,Media (Arabica),Origins THE,87.17,82.82015927998447,Premium,Premium,Sí
Arabica,roberto licona franco,Mexico,Other,14,1 kg,AMECAFE,"July 26th, 2012",Other,Washed / Wet,8.17,8.25,8.17,8.0,7.83,8.17,8.58,87.17,0.13,0,Green,0,1320.0,Media (Arabica),Origins ROB,87.17,82.45341606738454,Premium,Estándar,No
Arabica,cqi q coffee sample representative,Other,Other,10,1 kg,Almacafé,"March 13th, 2015",Other,Washed / Wet,8.25,8.33,8.17,8.17,7.83,8.17,8.17,87.08,0.0,0,Other,0,2112.0,Premium (Arabica),Mill CQI,87.08,84.99534250646516,Premium,Premium,Sí
Arabica,ji-ae ahn,Ethiopia,sidamo,100,60 kg,Specialty Coffee Institute of Asia,"September 3rd, 2013",Other,Natural / Dry,8.42,8.17,7.92,8.17,8.33,8.0,8.08,87.08,0.11,0,Blue-Green,1,1800.0,Premium (Arabica),Mill JI-,87.08,85.1292705657214,Premium,Premium,Sí
Arabica,nucoffee,Brazil,south of minas,3,60 kg,NUCOFFEE,"December 3rd, 2011",Bourbon,Natural / Dry,8.5,8.5,8.0,8.0,8.0,8.0,7.92,86.92,0.12,0,Green,2,1250.0,Media (Arabica),Heritage NUC,86.92,82.72203690270398,Premium,Premium,Sí
Arabica,ethiopia commodity exchange,Ethiopia,sidamo,150,6,Ethiopia Commodity Exchange,"June 16th, 2010",Other,Natural / Dry,7.83,8.25,8.08,8.17,8.17,8.17,8.25,86.92,0.05,0,Green,2,1800.0,Premium (Arabica),Select Harvest ETH,86.92,85.69807292542214,Premium,Premium,Sí
Arabica,kabum trading company,Uganda,Other,100,60 kg,Uganda Coffee Development Authority,"June 26th, 2014",SL14,Washed / Wet,8.42,8.17,8.17,8.17,7.83,7.92,8.17,86.83,0.12,0,Green,1,1950.0,Premium (Arabica),Origins KAB,86.83,84.31788561159448,Premium,Premium,Sí
Arabica,bismarck castro,Honduras,comayagua,275,69 kg,Instituto Hondureño del Café,"May 18th, 2017",Caturra,Washed / Wet,8.17,8.08,8.08,8.0,8.08,8.0,8.25,86.67,0.1,0,Green,3,1400.0,Media (Arabica),Heritage BIS,86.67,82.46793065343724,Premium,Estándar,No
Arabica,"lin, che-hao krude 林哲豪",Taiwan,Other,20,50 kg,Specialty Coffee Association,"May 18th, 2016",Other,Pulped Natural / Honey,8.0,8.0,8.0,8.25,8.0,8.17,8.17,86.58,0.0,0,Green,0,1200.0,Media (Arabica),Heritage LIN,86.58,82.92493909784787,Premium,Premium,Sí
Arabica,nora zeas,Nicaragua,Other,275,6,Specialty Coffee Association,"May 18th, 2010",Caturra,Washed / Wet,7.92,8.25,8.0,8.33,8.0,8.08,8.0,86.58,0.08,0,Green,2,1100.0,Media (Arabica),Mill NOR,86.58,82.24507932332979,Premium,Estándar,No
Arabica,specialty coffee-korea,"Tanzania, United Republic Of",Other,100,60 kg,Specialty Coffee Institute of Asia,"September 3rd, 2013",Other,Natural / Dry,8.42,8.17,8.17,8.0,7.58,8.0,8.17,86.5,0.11,0,Blue-Green,1,1600.0,Alta (Arabica),Private Reserve SPE,86.5,83.48481291263712,Premium,Premium,Sí
Arabica,nucoffee,Brazil,Other,29,60 kg,NUCOFFEE,"December 3rd, 2011",Bourbon,Natural / Dry,8.5,8.17,8.0,7.75,8.0,8.0,8.0,86.42,0.12,0,Green,2,1300.0,Media (Arabica),Heritage NUC,86.42,82.45078558900106,Premium,Estándar,No
Arabica,francisco a mena,Costa Rica,Other,250,2 lbs,Specialty Coffee Association of Costa Rica,"December 3rd, 2015",Caturra,Washed / Wet,8.17,7.83,8.0,8.08,7.83,8.0,8.42,86.33,0.0,0,Blue-Green,0,1300.0,Media (Arabica),Heritage FRA,86.33,83.8586087920595,Premium,Premium,Sí
Arabica,hider abamecha,Ethiopia,Other,320,60 kg,METAD Agricultural Development plc,"March 27th, 2015",Other,Natural / Dry,8.0,8.08,7.92,8.0,8.08,8.08,8.08,86.25,0.1,0,Green,3,1775.0,Alta (Arabica),Select Harvest HID,86.25,86.07817230283214,Premium,Premium,Sí
Arabica,daniel magu,Kenya,Other,320,1 kg,Kenya Coffee Traders Association,"May 30th, 2014",Other,Washed / Wet,8.08,8.0,8.0,8.25,7.92,7.92,8.08,86.25,0.12,0,Blue-Green,1,1800.0,Premium (Arabica),Heritage DAN,86.25,84.29396930169273,Premium,Premium,Sí
Arabica,kona pacific farmers cooperative,United States (Hawaii),kona,10,100 lbs,Specialty Coffee Association,"April 6th, 2012",Hawaiian Kona,Natural / Dry,8.08,8.17,8.0,7.92,7.92,7.83,8.33,86.25,0.0,1,Blue-Green,4,157.93516800000003,Baja (Arabica),Private Reserve KON,86.25,83.11574014927358,Premium,Premium,Sí
Arabica,kona pacific farmers cooperative,United States (Hawaii),kona,25,100 lbs,Specialty Coffee Association,"January 28th, 2011",Hawaiian Kona,Natural / Dry,8.25,8.42,8.08,7.75,7.67,7.83,8.25,86.25,0.0,2,Blue-Green,1,157.93516800000003,Baja (Arabica),Private Reserve KON,86.25,82.89973988989942,Premium,Premium,Sí
Arabica,ethiopia commodity exchange,Ethiopia,Other,300,6,Ethiopia Commodity Exchange,"June 17th, 2010",Other,Natural / Dry,7.92,7.75,8.08,8.08,8.08,8.17,8.17,86.25,0.1,0,Green,2,1800.0,Premium (Arabica),Select Harvest ETH,86.25,86.14117764173585,Premium,Premium,Sí
Arabica,cqi q coffee sample representative,Other,Other,10,1 kg,Almacafé,"March 13th, 2015",Other,Washed / Wet,7.67,8.17,8.0,8.0,8.17,8.08,8.08,86.17,0.0,0,Other,0,1941.0,Premium (Arabica),Mill CQI,86.17,84.91373547026153,Premium,Premium,Sí
Arabica,itdp international,Thailand,Other,53,1 kg,Specialty Coffee Association,"April 12th, 2012",Caturra,Washed / Wet,7.83,8.33,7.83,8.25,7.58,7.92,8.42,86.17,0.1,1,Green,9,1300.0,Media (Arabica),Mill ITD,86.17,82.1033218071469,Premium,Estándar,No
Arabica,jacques pereira carneiro,Brazil,Other,300,60 kg,Specialty Coffee Association,"January 4th, 2011",Yellow Bourbon,Natural / Dry,8.17,7.92,7.92,7.75,8.33,8.0,8.08,86.17,0.08,0,Green,2,12.0,Baja (Arabica),Select Harvest JAC,86.17,82.52896495569031,Premium,Premium,Sí
Arabica,jacques pereira carneiro,Brazil,Other,300,60 kg,Specialty Coffee Association,"January 4th, 2011",Yellow Bourbon,Natural / Dry,8.42,7.92,8.0,7.75,7.92,8.0,8.17,86.17,0.01,0,Green,3,12.0,Baja (Arabica),Select Harvest JAC,86.17,82.56611845636132,Premium,Premium,Sí
Arabica,"lin, che-hao krude 林哲豪",Taiwan,Other,10,15 kg,Specialty Coffee Association,"June 10th, 2015",Bourbon,Semi-Washed / Semi-Pulped,8.08,8.17,7.75,8.08,7.75,7.83,8.42,86.08,0.12,0,Green,0,1000.0,Media (Arabica),Heritage LIN,86.08,82.89906598673474,Premium,Premium,Sí
Arabica,jungle estate,Kenya,Other,12,60 kg,Kenya Coffee Traders Association,"January 29th, 2015",SL28,Natural / Dry,8.08,8.08,8.0,8.0,7.83,8.08,8.0,86.08,0.11,0,Blue-Green,2,1754.0,Alta (Arabica),Private Reserve JUN,86.08,84.6121508759227,Premium,Premium,Sí
Arabica,nucoffee,Brazil,south of minas,7,60 kg,NUCOFFEE,"December 3rd, 2011",Bourbon,Semi-Washed / Semi-Pulped,8.33,8.0,8.0,8.0,7.75,8.0,8.0,86.08,0.11,0,Blue-Green,2,1250.0,Media (Arabica),Heritage NUC,86.08,83.17616878010156,Premium,Premium,Sí
Arabica,great lakes coffee uganda,Uganda,Other,1,60 kg,Uganda Coffee Development Authority,"October 1st, 2014",SL14,Semi-Washed / Semi-Pulped,8.08,8.08,7.83,7.92,8.08,7.92,8.08,86.0,0.0,0,Green,0,1675.0,Alta (Arabica),Mill GRE,86.0,84.02919762174979,Premium,Premium,Sí
Arabica,lusso lab,Colombia,Other,1,2 kg,Specialty Coffee Association,"March 20th, 2014",Caturra,Washed / Wet,7.75,7.92,7.83,8.08,8.08,8.17,8.17,86.0,0.12,1,Green,1,1200.0,Media (Arabica),Mill LUS,86.0,82.59315751077737,Premium,Premium,Sí
Arabica,lusso lab,Kenya,Other,1,1 kg,Specialty Coffee Association,"February 6th, 2014",SL28,Washed / Wet,7.92,8.17,7.83,8.5,7.5,7.92,8.17,86.0,0.11,0,Green,1,1860.0,Premium (Arabica),Mill LUS,86.0,84.01425413386602,Premium,Premium,Sí
Arabica,afca,Uganda,Other,1,60 kg,Africa Fine Coffee Association,"February 13th, 2012",Other,Washed / Wet,8.25,8.0,7.83,8.08,8.0,7.92,7.92,86.0,0.1,0,Blue-Green,0,1650.0,Alta (Arabica),Private Reserve AFC,86.0,84.30445754156509,Premium,Premium,Sí
Arabica,ethiopia commodity exchange,Ethiopia,sidamo,300,6,Ethiopia Commodity Exchange,"June 17th, 2010",Other,Natural / Dry,7.75,8.08,8.0,8.25,8.0,8.0,7.92,86.0,0.01,0,Green,4,1750.0,Alta (Arabica),Select Harvest ETH,86.0,85.30534219259141,Premium,Premium,Sí
Arabica,grounds for health admin,United States (Hawaii),kona,1,2,Specialty Coffee Association,"May 31st, 2010",Hawaiian Kona,Natural / Dry,8.33,8.17,7.75,8.0,7.75,7.83,8.17,86.0,0.0,0,Blue-Green,0,130.06425600000003,Baja (Arabica),Mill GRO,86.0,83.37464390707046,Premium,Premium,Sí
Arabica,juan luis alvarado romero,Guatemala,Other,80,69 kg,Asociacion Nacional Del Café,"May 16th, 2016",Bourbon,Washed / Wet,7.92,8.08,7.92,8.08,8.08,7.83,8.0,85.92,0.1,0,Green,3,431.999136,Baja (Arabica),Mill JUA,85.92,82.83281296624504,Premium,Premium,Sí
Arabica,kawacom uganda ltd,Uganda,Other,1,60 kg,Uganda Coffee Development Authority,"June 30th, 2014",SL14,Natural / Dry,8.17,8.17,7.92,8.08,7.83,7.75,8.0,85.92,0.12,0,Green,0,1650.0,Alta (Arabica),Mill KAW,85.92,84.27165427237877,Premium,Premium,Sí
Arabica,exportadora de cafe condor s.a,Colombia,huila,275,70 kg,Almacafé,"July 26th, 2013",Caturra,Washed / Wet,8.0,8.0,8.0,8.17,7.83,8.0,7.92,85.92,0.0,1,Blue-Green,0,1800.0,Premium (Arabica),Heritage EXP,85.92,83.4532482362293,Premium,Premium,Sí
Arabica,gonzalo hernandez,Other,Other,37,60 kg,Specialty Coffee Association of Costa Rica,"October 9th, 2017",Gesha,Washed / Wet,8.0,8.0,7.92,8.08,7.83,8.0,8.0,85.83,0.08,0,Blue-Green,0,1600.0,Alta (Arabica),Heritage GON,85.83,83.11337403418835,Premium,Premium,Sí
Arabica,ibrahim hussien speciality coffee producer &export,Ethiopia,Other,320,60 kg,METAD Agricultural Development plc,"April 4th, 2015",Other,Washed / Wet,7.83,8.08,7.92,8.08,8.0,7.92,8.0,85.83,0.1,0,Green,4,1900.0,Premium (Arabica),Origins IBR,85.83,85.25251568040848,Premium,Premium,Sí
Arabica,juan luis alvarado romero,Guatemala,Other,150,1 kg,Asociacion Nacional Del Café,"July 3rd, 2012",Bourbon,Washed / Wet,7.83,8.0,8.0,8.17,7.83,8.0,8.0,85.83,0.12,0,Green,3,464.5152000000001,Baja (Arabica),Mill JUA,85.83,82.51120333303766,Premium,Premium,Sí
Arabica,juan luis alvarado romero,Guatemala,Other,275,1 kg,Asociacion Nacional Del Café,"June 5th, 2012",Catuai,Washed / Wet,8.0,8.0,7.83,8.33,7.83,7.83,8.0,85.83,0.1,0,Blue-Green,1,431.999136,Baja (Arabica),Mill JUA,85.83,82.97510154884972,Premium,Premium,Sí
Arabica,seid damtew coffee planataion,Ethiopia,Other,320,19200 kg,METAD Agricultural Development plc,"June 23rd, 2017",Caturra,Natural / Dry,7.83,8.0,7.83,8.17,7.92,8.0,8.0,85.75,0.09,0,Green,7,1800.0,Premium (Arabica),Origins SEI,85.75,84.94851852336613,Premium,Premium,Sí
Arabica,dane loraas,Peru,Other,280,5 lbs,Specialty Coffee Association,"January 22nd, 2014",Caturra,Washed / Wet,8.0,8.0,8.0,8.08,7.92,7.75,8.0,85.75,0.1,4,Green,6,1300.0,Media (Arabica),Heritage DAN,85.75,82.21754285985425,Premium,Estándar,No
Arabica,"colbran coffeelands, ltd.",Other,Other,7,60 kg,Specialty Coffee Association,"October 25th, 2012",Other,Washed / Wet,8.33,8.42,7.83,8.33,8.0,8.25,7.92,85.75,0.12,0,Blue-Green,1,1700.0,Alta (Arabica),Select Harvest COL,85.75,82.88290483378007,Premium,Premium,Sí
Arabica,atlantic specialty coffee,El Salvador,Other,275,2 kg,Specialty Coffee Association,"March 18th, 2013",Bourbon,Washed / Wet,7.92,8.17,8.0,7.92,7.75,7.83,8.0,85.58,0.1,0,Blue-Green,3,1500.0,Alta (Arabica),Select Harvest ATL,85.58,83.49356847826498,Premium,Premium,Sí
Arabica,lusso lab,El Salvador,Other,19,1 kg,Specialty Coffee Association,"January 12th, 2013",Bourbon,Semi-Washed / Semi-Pulped,7.83,8.0,8.0,7.75,7.92,8.17,7.92,85.58,0.11,0,Green,0,1350.0,Media (Arabica),Mill LUS,85.58,83.48342805408427,Premium,Premium,Sí
Arabica,kona pacific farmers cooperative,United States (Hawaii),kona,8,100 lbs,Specialty Coffee Association,"April 6th, 2012",Hawaiian Kona,Natural / Dry,7.83,8.0,7.92,7.75,8.08,8.0,8.0,85.58,0.0,0,Blue-Green,1,157.93516800000003,Baja (Arabica),Private Reserve KON,85.58,83.38244128495745,Premium,Premium,Sí
Arabica,essencecoffee,Other,Other,100,60 kg,Blossom Valley International,"May 23rd, 2015",Caturra,Natural / Dry,8.0,7.75,7.83,7.83,7.67,8.58,7.83,85.5,0.09,2,Green,2,1680.0,Alta (Arabica),Private Reserve ESS,85.5,82.81709191762151,Premium,Premium,Sí
Arabica,essencecoffee,Kenya,Other,16,60 kg,Blossom Valley International,"May 23rd, 2015",SL28,Natural / Dry,7.92,7.92,7.83,8.08,7.83,7.92,8.0,85.5,0.1,0,Green,3,1900.0,Premium (Arabica),Private Reserve ESS,85.5,84.68588496031886,Premium,Premium,Sí
Arabica,assefa belay coffee producer,Ethiopia,Other,320,60 kg,METAD Agricultural Development plc,"March 31st, 2015",Other,Natural / Dry,7.83,8.0,7.83,7.92,7.83,8.08,8.0,85.5,0.12,0,Green,7,1900.0,Premium (Arabica),Select Harvest ASS,85.5,85.39999925490567,Premium,Premium,Sí
Arabica,kyagalanyi ltd,Uganda,Other,320,60 kg,Uganda Coffee Development Authority,"June 26th, 2014",SL14,Washed / Wet,8.33,7.92,7.67,7.92,7.67,7.92,8.08,85.5,0.12,0,Green,1,1600.0,Alta (Arabica),Select Harvest KYA,85.5,83.96995155441937,Premium,Premium,Sí
Arabica,juan luis alvarado romero,Guatemala,huehuetenango,250,69 kg,Asociacion Nacional Del Café,"February 26th, 2013",Bourbon,Washed / Wet,8.0,7.83,7.67,8.33,7.83,8.0,7.83,85.5,0.11,0,Green,1,527.6892672,Baja (Arabica),Mill JUA,85.5,83.05673037162916,Premium,Premium,Sí
Arabica,assefa belay coffee producer,Ethiopia,Other,320,60 kg,METAD Agricultural Development plc,"March 31st, 2015",Other,Washed / Wet,7.75,7.83,7.83,8.17,7.92,7.83,8.08,85.42,0.1,0,Green,18,1900.0,Premium (Arabica),Select Harvest ASS,85.42,82.49863765548243,Premium,Estándar,No
Arabica,great lakes coffee uganda,Uganda,Other,150,60 kg,Uganda Coffee Development Authority,"June 26th, 2014",SL14,Washed / Wet,8.08,8.0,7.83,7.67,8.0,7.83,8.0,85.42,0.12,0,Green,5,1950.0,Premium (Arabica),Mill GRE,85.42,84.07205578801573,Premium,Premium,Sí
Arabica,kona pacific farmers cooperative,United States (Hawaii),kona,8,100 lbs,Specialty Coffee Association,"April 6th, 2012",Hawaiian Kona,Natural / Dry,7.92,7.92,7.75,7.92,7.75,7.92,8.25,85.42,0.0,4,Blue-Green,6,157.93516800000003,Baja (Arabica),Private Reserve KON,85.42,82.1551144508071,Premium,Estándar,No
Arabica,nucoffee,Brazil,south of minas,5,60 kg,NUCOFFEE,"December 3rd, 2011",Bourbon,Semi-Washed / Semi-Pulped,8.0,8.0,8.0,7.67,7.75,8.0,8.0,85.42,0.11,0,Blue-Green,1,1250.0,Media (Arabica),Heritage NUC,85.42,83.17074304653265,Premium,Premium,Sí
Arabica,grounds for health admin,El Salvador,Other,2,"1 kg,lbs",Specialty Coffee Association,"May 31st, 2010",Bourbon,Washed / Wet,8.08,7.83,7.83,8.08,7.83,7.83,7.92,85.42,0.01,0,Green,0,1400.0,Media (Arabica),Mill GRO,85.42,83.23963723420789,Premium,Premium,Sí
Arabica,yunnan coffee exchange,China,yunnan,3,60 kg,Yunnan Coffee Exchange,"April 6th, 2016",Catimor,Natural / Dry,8.0,8.0,8.0,7.83,7.83,7.75,7.92,85.33,0.1,0,Green,0,1700.0,Alta (Arabica),Private Reserve YUN,85.33,84.03533186999852,Premium,Premium,Sí
Arabica,essencecoffee,Guatemala,huehuetenango,36,30 kg,Blossom Valley International,"May 23rd, 2015",Other,Natural / Dry,7.83,7.75,7.83,7.67,7.83,8.58,7.83,85.33,0.11,0,Green,1,1770.0,Alta (Arabica),Private Reserve ESS,85.33,83.84236877667962,Premium,Premium,Sí
Arabica,the coffee source inc.,Costa Rica,Other,250,3 lbs,Specialty Coffee Association,"May 1st, 2014",Caturra,Washed / Wet,7.92,8.08,8.0,7.92,8.0,8.08,8.0,85.33,0.0,0,Blue-Green,0,1300.0,Media (Arabica),Origins THE,85.33,83.8586087920595,Premium,Premium,Sí
Arabica,the coffee source inc.,Costa Rica,Other,250,3 lbs,Specialty Coffee Association,"May 1st, 2014",Caturra,Washed / Wet,8.0,7.58,7.58,7.67,8.08,8.5,7.92,85.33,0.1,0,Blue-Green,2,1300.0,Media (Arabica),Origins THE,85.33,83.30645056123801,Premium,Premium,Sí
Arabica,rashid moledina & co. (msa) ltd.,Kenya,Other,20,60 kg,Kenya Coffee Traders Association,"April 19th, 2013",Other,Washed / Wet,7.83,8.08,7.75,8.08,7.92,7.75,7.92,85.33,0.0,0,Green,2,1600.0,Alta (Arabica),Mill RAS,85.33,84.54255318413232,Premium,Premium,Sí
Arabica,ibero kenya limited,Kenya,Other,300,60 kg,Kenya Coffee Traders Association,"March 12th, 2013",Other,Washed / Wet,8.0,7.92,7.92,8.08,7.83,7.75,7.83,85.33,0.0,0,Green,6,1200.0,Media (Arabica),Heritage IBE,85.33,83.791869988694,Premium,Premium,Sí
Arabica,ethiopia commodity exchange,Ethiopia,Other,360,6 kg,Ethiopia Commodity Exchange,"June 17th, 2010",Other,Natural / Dry,7.83,7.83,7.92,8.08,7.75,7.83,8.08,85.33,0.05,0,Green,2,1800.0,Premium (Arabica),Select Harvest ETH,85.33,86.53054386939431,Premium,Premium,Sí
Arabica,ethiopia commodity exchange,Ethiopia,Other,300,6,Ethiopia Commodity Exchange,"June 17th, 2010",Typica,Natural / Dry,7.92,7.83,7.75,8.33,7.75,7.75,8.0,85.33,0.1,0,Green,3,1800.0,Premium (Arabica),Select Harvest ETH,85.33,85.14277672232315,Premium,Premium,Sí
Arabica,juan luis alvarado romero,Guatemala,oriente,250,69 kg,Asociacion Nacional Del Café,"April 27th, 2016",Bourbon,Washed / Wet,8.0,7.92,7.75,8.0,7.92,7.83,7.83,85.25,0.1,0,Green,2,431.999136,Baja (Arabica),Mill JUA,85.25,82.38580630214703,Premium,Estándar,No
Arabica,exportadora de cafe condor s.a,Colombia,santander,275,70 kg,Almacafé,"April 8th, 2015",Caturra,Washed / Wet,8.17,7.92,7.83,8.0,7.58,7.83,7.92,85.25,0.11,0,Green,0,1550.0,Alta (Arabica),Heritage EXP,85.25,83.4974659743513,Premium,Premium,Sí
Arabica,compañia colombiana agroindustrial s.a,Colombia,santander,250,70 kg,Almacafé,"January 17th, 2014",Caturra,Natural / Dry,7.58,8.08,7.92,7.83,8.0,7.92,7.92,85.25,0.12,0,Green,2,1550.0,Alta (Arabica),Heritage COM,85.25,83.94632369963206,Premium,Premium,Sí
Arabica,"nomura trading co., ltd.",Indonesia,Other,54,60 kg,Specialty Coffee Association,"November 26th, 2012",Other,Semi-Washed / Semi-Pulped,7.75,7.83,7.67,8.0,8.08,7.83,8.0,85.17,0.11,0,Green,3,1325.0,Media (Arabica),Origins NOM,85.17,82.98510228809386,Premium,Premium,Sí
Arabica,the coffee source inc.,Guatemala,huehuetenango,250,1 kg,Specialty Coffee Association,"January 18th, 2012",Caturra,Washed / Wet,8.25,8.0,7.67,7.92,7.75,7.67,7.92,85.17,0.0,0,Green,7,1400.0,Media (Arabica),Origins THE,85.17,83.65868291202597,Premium,Premium,Sí
Arabica,seid damtew coffee planataion,Ethiopia,Other,320,19200 kg,METAD Agricultural Development plc,"August 9th, 2016",Other,Natural / Dry,7.75,8.0,7.58,8.0,8.0,7.92,7.83,85.08,0.11,0,Green,8,1800.0,Premium (Arabica),Origins SEI,85.08,85.32387248311584,Premium,Premium,Sí
Arabica,carcafe ltda ci,Colombia,Other,250,70 kg,Almacafé,"August 18th, 2015",Caturra,Natural / Dry,8.17,7.83,7.58,8.08,8.0,7.75,7.67,85.08,0.0,0,Green,0,2560.0,Premium (Arabica),Mill CAR,85.08,84.14995731633256,Premium,Premium,Sí
Arabica,steven kil,Ethiopia,Other,100,60 kg,Specialty Coffee Association,"October 7th, 2014",Other,Natural / Dry,8.42,8.0,7.42,8.0,7.92,7.92,8.08,85.08,0.1,2,Green,7,1700.0,Alta (Arabica),Private Reserve STE,85.08,84.98035915332424,Premium,Premium,Sí
Arabica,eileen koyanagi,United States (Hawaii),kona,12,100 lbs,Specialty Coffee Association,"March 10th, 2014",Hawaiian Kona,Natural / Dry,7.58,7.83,7.83,7.92,7.83,8.17,7.92,85.08,0.11,2,Blue-Green,2,157.93516800000003,Baja (Arabica),Select Harvest EIL,85.08,82.08073753235279,Premium,Estándar,No
Arabica,carcafe ltda ci,Colombia,cundinamarca,250,70 kg,Almacafé,"March 16th, 2012",Caturra,Natural / Dry,7.83,8.0,7.75,7.75,7.83,7.83,8.08,85.08,0.11,0,Green,8,2136.0,Premium (Arabica),Mill CAR,85.08,83.48224265607108,Premium,Premium,Sí
Arabica,kona pacific farmers cooperative,United States (Hawaii),kona,13,100 lbs,Specialty Coffee Association,"December 27th, 2010",Hawaiian Kona,Natural / Dry,8.08,8.17,7.92,8.0,8.08,8.0,8.17,85.08,0.01,1,Blue-Green,7,157.93516800000003,Baja (Arabica),Private Reserve KON,85.08,82.89939774591755,Premium,Premium,Sí
Arabica,ethiopia commodity exchange,Ethiopia,sidamo,360,6,Ethiopia Commodity Exchange,"June 17th, 2010",Other,Natural / Dry,7.67,8.0,7.83,8.0,7.92,7.83,7.83,85.08,0.0,0,Green,5,1800.0,Premium (Arabica),Select Harvest ETH,85.08,85.14751809882392,Premium,Premium,Sí
Arabica,kona pacific farmers cooperative,United States (Hawaii),kona,27,0 lbs,Specialty Coffee Association,"May 17th, 2010",Hawaiian Kona,Natural / Dry,7.5,7.92,8.25,7.83,7.92,7.75,7.92,85.08,0.0,0,Blue-Green,0,157.93516800000003,Baja (Arabica),Private Reserve KON,85.08,83.38655935337063,Premium,Premium,Sí
Arabica,kyagalanyi coffee ltd,Uganda,Other,200,60 kg,Uganda Coffee Development Authority,"July 24th, 2017",SL14,Washed / Wet,8.17,7.92,7.75,7.75,7.67,7.75,8.0,85.0,0.11,0,Green,1,1800.0,Premium (Arabica),Mill KYA,85.0,84.35930190854363,Premium,Premium,Sí
Arabica,racafe & cia s.c.a,Colombia,huila,135,70 kg,Almacafé,"February 15th, 2017",Caturra,Washed / Wet,8.0,7.92,7.75,7.92,7.75,7.83,7.83,85.0,0.0,0,Green,3,1750.0,Alta (Arabica),Heritage RAC,85.0,83.73349667337482,Premium,Premium,Sí
Arabica,troy quimby,Costa Rica,tarrazu,36,46 kg,Specialty Coffee Association,"January 30th, 2017",Catuai,Washed / Wet,7.83,8.0,7.58,7.92,7.92,7.83,7.92,85.0,0.12,1,Green,1,1900.0,Premium (Arabica),Private Reserve TRO,85.0,83.13122504504615,Premium,Premium,Sí
Arabica,"el equimite, cafetal biodinámico",Mexico,veracruz,1,30 kg,Centro Agroecológico del Café A.C.,"September 21st, 2016",Typica,Washed / Wet,7.83,8.0,7.83,7.75,7.67,7.83,8.08,85.0,0.09,0,Green,3,1300.0,Media (Arabica),Origins EL ,85.0,81.9950368194784,Premium,Estándar,No
Arabica,simon mahinda,Kenya,Other,170,60 kg,Kenya Coffee Traders Association,"May 7th, 2016",SL28,Washed / Wet,8.17,7.83,7.92,7.75,7.67,7.83,7.83,85.0,0.11,0,Green,7,1.0,Baja (Arabica),Private Reserve SIM,85.0,82.4934735624476,Premium,Estándar,No
Arabica,rashid moledina & co. (msa) ltd.,Kenya,Other,38,60 kg,Kenya Coffee Traders Association,"April 19th, 2013",Other,Washed / Wet,7.75,7.83,7.75,8.08,8.0,7.75,7.83,85.0,0.0,0,Green,5,1580.0,Alta (Arabica),Mill RAS,85.0,84.44246228601543,Premium,Premium,Sí
Arabica,nucoffee,Brazil,Other,31,60 kg,NUCOFFEE,"February 29th, 2012",Mundo Novo,Natural / Dry,8.0,8.0,7.83,7.83,7.67,7.67,8.0,85.0,0.12,0,Green,3,1100.0,Media (Arabica),Heritage NUC,85.0,82.24629124691376,Premium,Estándar,No
Arabica,young kim,Mexico,Other,1,1 kg,Specialty Coffee Association,"April 6th, 2011",Other,Washed / Wet,7.92,8.17,7.75,8.08,7.42,7.83,7.83,85.0,0.0,0,Green,0,1400.0,Media (Arabica),Mill YOU,85.0,82.78057917912226,Premium,Premium,Sí
Arabica,kona pacific farmers cooperative,United States (Hawaii),kona,15,100 lbs,Specialty Coffee Association,"February 24th, 2011",Hawaiian Kona,Natural / Dry,7.75,7.92,7.75,7.75,8.0,8.0,7.83,85.0,0.0,0,Blue-Green,1,157.93516800000003,Baja (Arabica),Private Reserve KON,85.0,83.38244128495745,Premium,Premium,Sí
Arabica,carl walker,Guatemala,Other,275,69 kg,Specialty Coffee Association,"September 7th, 2010",Bourbon,Washed / Wet,7.83,8.08,7.67,8.0,7.75,7.67,8.0,85.0,0.04,0,Green,1,404.1282240000001,Baja (Arabica),Origins CAR,85.0,83.39848488303561,Premium,Premium,Sí
Arabica,racafe & cia s.c.a,Colombia,huila,243,70 kg,Almacafé,"November 25th, 2016",Caturra,Washed / Wet,7.92,7.92,7.67,7.83,7.92,7.83,7.83,84.92,0.0,1,Green,2,1750.0,Alta (Arabica),Heritage RAC,84.92,83.59514163195873,Premium,Premium,Sí
Arabica,racafe & cia s.c.a,Colombia,huila,252,70 kg,Almacafé,"October 26th, 2015",Caturra,Washed / Wet,7.92,7.83,7.75,7.83,7.75,8.0,7.83,84.92,0.12,0,Green,1,1775.0,Alta (Arabica),Heritage RAC,84.92,83.00418679604155,Premium,Premium,Sí
Arabica,"lin, che-hao krude 林哲豪",Taiwan,Other,20,40 kg,Specialty Coffee Association,"June 9th, 2015",Typica,Semi-Washed / Semi-Pulped,7.67,7.83,8.0,7.58,8.0,7.92,7.92,84.92,0.11,0,Green,0,800.0,Baja (Arabica),Heritage LIN,84.92,82.31679456499278,Premium,Estándar,No
Arabica,taylor winch (t) ltd,"Tanzania, United Republic Of",Other,134,60 kg,Africa Fine Coffee Association,"December 12th, 2014",Other,Washed / Wet,8.0,7.83,7.83,7.92,7.75,7.75,7.83,84.92,0.12,0,Green,2,1620.0,Alta (Arabica),Heritage TAY,84.92,82.40627597150598,Premium,Estándar,No
Arabica,racafe & cia s.c.a,Colombia,huila,50,70 kg,Almacafé,"December 11th, 2012",Caturra,Washed / Wet,7.75,7.92,7.83,7.75,7.75,8.0,7.92,84.92,0.11,0,Green,3,1775.0,Alta (Arabica),Heritage RAC,84.92,83.13434426937019,Premium,Premium,Sí
Arabica,artemio zapata tejeda,Mexico,coatepec,25,1 kg,AMECAFE,"July 11th, 2012",Typica,Semi-Washed / Semi-Pulped,7.75,8.0,7.75,7.83,7.5,7.92,8.17,84.92,0.11,0,Green,0,1200.0,Media (Arabica),Heritage ART,84.92,82.44647635263658,Premium,Estándar,No
Arabica,nucoffee,Brazil,south of minas,4,60 kg,NUCOFFEE,"December 23rd, 2011",Bourbon,Natural / Dry,8.0,7.92,7.75,7.75,8.0,7.75,7.75,84.92,0.11,0,Green,2,1200.0,Media (Arabica),Heritage NUC,84.92,82.81271070747503,Premium,Premium,Sí
Arabica,nucoffee,Brazil,south of minas,10,60 kg,NUCOFFEE,"December 3rd, 2011",Catuai,Natural / Dry,8.0,8.0,7.75,8.0,7.5,7.75,7.92,84.92,0.12,0,Green,2,1000.0,Media (Arabica),Heritage NUC,84.92,82.1465779438688,Premium,Estándar,No
Arabica,brian speckman,Kenya,Other,320,60 kg,Specialty Coffee Association,"August 26th, 2010",SL28,Washed / Wet,8.0,7.67,7.83,8.17,7.92,7.75,7.58,84.92,0.06,1,Green,9,1754.0,Alta (Arabica),Private Reserve BRI,84.92,83.8045595843589,Premium,Premium,Sí
Arabica,"lin, che-hao krude 林哲豪",Taiwan,"dongshan dist., tainan city 臺南市東山區",10,20 kg,Specialty Coffee Association,"May 18th, 2016",Typica,Natural / Dry,7.92,7.58,7.83,7.83,7.83,7.83,8.0,84.83,0.0,0,Green,0,350.0,Baja (Arabica),Heritage LIN,84.83,82.109308280946,Premium,Estándar,No
Arabica,kawacom uganda ltd,Uganda,Other,1,60 kg,Uganda Coffee Development Authority,"June 30th, 2014",SL14,Natural / Dry,7.75,7.92,7.67,7.67,8.25,7.75,7.83,84.83,0.12,0,Green,1,1650.0,Alta (Arabica),Mill KAW,84.83,84.27534383830034,Premium,Premium,Sí
Arabica,kona pacific farmers cooperative,United States (Hawaii),kona,14,100 lbs,Specialty Coffee Association,"April 6th, 2012",Hawaiian Kona,Natural / Dry,7.67,7.75,7.75,7.75,7.83,8.0,8.08,84.83,0.0,3,Blue-Green,15,157.93516800000003,Baja (Arabica),Private Reserve KON,84.83,81.82704096057361,Premium,Estándar,No
Arabica,ethiopia commodity exchange,Ethiopia,sidamo,300,6,Ethiopia Commodity Exchange,"June 17th, 2010",Other,Natural / Dry,7.75,7.92,7.83,7.92,7.75,7.67,8.0,84.83,0.1,0,Green,2,1750.0,Alta (Arabica),Select Harvest ETH,84.83,85.28491491375061,Premium,Premium,Sí
Arabica,philip schluter,Ethiopia,sidamo,300,6,Ethiopia Commodity Exchange,"June 17th, 2010",Other,Natural / Dry,7.42,7.92,7.92,8.0,7.83,7.83,7.92,84.83,0.1,0,Green,4,1750.0,Alta (Arabica),Heritage PHI,84.83,85.20698906834997,Premium,Premium,Sí
Arabica,松澤宏樹 koju matsuzawa,Thailand,thailand,50,50 kg,Specialty Coffee Institute of Asia,"June 27th, 2016",Caturra,Pulped Natural / Honey,7.75,7.75,7.75,7.75,8.0,7.75,8.0,84.75,0.12,0,Green,0,800.0,Baja (Arabica),Mill 松澤宏,84.75,82.83537322852374,Premium,Premium,Sí
Arabica,lydiah mwangi,Kenya,Other,150,60 kg,Kenya Coffee Traders Association,"June 2nd, 2015",Other,Washed / Wet,7.92,7.83,7.58,7.92,7.75,7.83,7.92,84.75,0.13,0,Green,0,1800.0,Premium (Arabica),Select Harvest LYD,84.75,83.94415237828858,Premium,Premium,Sí
Arabica,cadexsa,Honduras,marcala,275,1 kg,Instituto Hondureño del Café,"April 25th, 2014",Catuai,Washed / Wet,7.83,7.75,8.0,7.67,7.67,7.67,8.17,84.75,0.11,0,Green,4,1450.0,Media (Arabica),Select Harvest CAD,84.75,81.59630453706517,Premium,Estándar,No
Arabica,the coffee source inc.,El Salvador,Other,250,69 kg,Specialty Coffee Association,"August 23rd, 2011",Bourbon,Washed / Wet,7.75,8.0,8.0,8.33,7.67,7.92,7.75,84.75,0.15,0,Green,3,1200.0,Media (Arabica),Origins THE,84.75,82.17877600644684,Premium,Estándar,No
Arabica,grounds for health admin,Nicaragua,jinotega,2,6,Specialty Coffee Association,"May 31st, 2010",Caturra,Washed / Wet,7.83,7.58,7.58,7.83,7.75,7.67,8.5,84.75,0.18,0,Green,2,925.0,Baja (Arabica),Mill GRO,84.75,81.08037083534292,Premium,Estándar,No
Arabica,consejo salvadoreño del café,El Salvador,Other,150,69 kg,Salvadoran Coffee Council,"June 26th, 2017",Bourbon,Washed / Wet,7.83,7.83,7.5,8.0,7.83,7.67,8.0,84.67,0.0,0,Blue-Green,2,1350.0,Media (Arabica),Heritage CON,84.67,83.2882989384301,Premium,Premium,Sí
Arabica,sanjava coffee,Indonesia,Other,2,1 kg,Specialty Coffee Association of Indonesia,"November 24th, 2016",Other,Washed / Wet,7.92,7.83,7.75,7.75,7.75,7.75,7.92,84.67,0.12,0,Green,7,1200.0,Media (Arabica),Select Harvest SAN,84.67,82.00343280931828,Premium,Estándar,No
Arabica,松澤宏樹 koju matsuzawa,Other,Other,20,1 kg,Specialty Coffee Institute of Asia,"November 2nd, 2016",Mundo Novo,Pulped Natural / Honey,7.75,7.75,7.75,7.42,8.08,7.83,8.08,84.67,0.12,0,Green,0,170.0,Baja (Arabica),Mill 松澤宏,84.67,81.99049566176676,Premium,Estándar,No
Arabica,rodrigo soto,Costa Rica,tarrazu,15,69 kg,Specialty Coffee Association of Costa Rica,"October 4th, 2016",Catuai,Washed / Wet,8.08,7.75,7.67,7.83,7.5,7.92,7.92,84.67,0.1,0,Blue-Green,2,1150.0,Media (Arabica),Select Harvest ROD,84.67,83.09341207700867,Premium,Premium,Sí
Arabica,juan luis alvarado romero,Guatemala,Other,120,34 kg,Asociacion Nacional Del Café,"June 1st, 2016",Bourbon,Washed / Wet,7.75,7.83,7.58,8.0,7.92,7.75,7.83,84.67,0.1,0,Green,1,1600.0,Alta (Arabica),Mill JUA,84.67,83.28372574329893,Premium,Premium,Sí
Arabica,fabian calderon mora,Costa Rica,tarrazu,50,1 lbs,Specialty Coffee Association of Costa Rica,"July 6th, 2015",Caturra,Washed / Wet,8.17,8.0,7.83,7.17,7.83,7.75,7.92,84.67,0.12,0,Green,0,1750.0,Alta (Arabica),Heritage FAB,84.67,83.27619634303647,Premium,Premium,Sí
Arabica,essencecoffee,Ethiopia,Other,250,30 kg,Blossom Valley International,"May 23rd, 2015",Other,Washed / Wet,8.08,7.83,7.75,7.83,7.58,7.67,7.92,84.67,0.1,0,Green,3,1900.0,Premium (Arabica),Private Reserve ESS,84.67,85.33057024991041,Premium,Premium,Sí
Arabica,essencecoffee,Costa Rica,Other,20,69 kg,Blossom Valley International,"May 23rd, 2015",Other,Other,7.67,7.58,7.75,7.75,7.67,8.58,7.67,84.67,0.08,0,Green,1,1750.0,Alta (Arabica),Private Reserve ESS,84.67,84.1500022326876,Premium,Premium,Sí
Arabica,eric thormaehlen,Costa Rica,Other,275,1 kg,Specialty Coffee Association of Costa Rica,"March 5th, 2014",Catuai,Washed / Wet,8.0,7.58,7.83,7.75,7.75,7.75,8.0,84.67,0.11,0,Green,4,1200.0,Media (Arabica),Heritage ERI,84.67,82.67304783018898,Premium,Premium,Sí
Arabica,rob tuttle,Costa Rica,Other,1,2 kg,Specialty Coffee Association,"January 3rd, 2014",Caturra,Washed / Wet,8.08,7.83,7.75,7.83,7.92,8.0,7.92,84.67,0.0,1,Green,10,1300.0,Media (Arabica),Heritage ROB,84.67,82.97161458972109,Premium,Premium,Sí
Arabica,cqi taiwan icp cqi台灣合作夥伴,Taiwan,Other,10,30 kg,Blossom Valley International,"December 26th, 2013",Typica,Washed / Wet,8.0,7.92,7.75,7.75,7.75,7.75,7.75,84.67,0.11,0,Green,0,1000.0,Media (Arabica),Select Harvest CQI,84.67,82.06652446287077,Premium,Estándar,No
Arabica,compañia colombiana agroindustrial s.a,Colombia,santander,250,70 kg,Almacafé,"December 20th, 2013",Caturra,Washed / Wet,7.75,7.83,7.75,7.83,7.75,7.83,7.92,84.67,0.0,0,Green,0,1550.0,Alta (Arabica),Heritage COM,84.67,83.68038280243302,Premium,Premium,Sí
Arabica,dream together,Kenya,Other,235,60 kg,Specialty Coffee Institute of Asia,"September 16th, 2012",SL28,Washed / Wet,7.75,7.92,7.83,8.0,7.58,7.75,7.83,84.67,0.11,0,Blue-Green,0,2000.0,Premium (Arabica),Select Harvest DRE,84.67,84.2190056727224,Premium,Premium,Sí
Arabica,juan luis alvarado romero,Guatemala,oriente,250,1 kg,Asociacion Nacional Del Café,"July 17th, 2012",Bourbon,Washed / Wet,8.0,7.83,7.67,7.83,7.67,8.0,7.67,84.67,0.11,0,Green,4,399.4830720000001,Baja (Arabica),Mill JUA,84.67,81.77414188455778,Premium,Estándar,No
Arabica,juan luis alvarado romero,Guatemala,Other,125,1 kg,Asociacion Nacional Del Café,"July 3rd, 2012",Bourbon,Washed / Wet,7.67,7.83,7.67,8.0,7.67,7.83,8.0,84.67,0.12,0,Green,4,464.5152000000001,Baja (Arabica),Mill JUA,84.67,82.36502073581651,Premium,Estándar,No
Arabica,organizaciones de productores de cafe colimense,Mexico,Other,80,1 kg,AMECAFE,"July 2nd, 2012",Typica,Washed / Wet,7.83,7.58,7.67,7.92,7.92,7.83,7.92,84.67,0.13,0,Green,3,1200.0,Media (Arabica),Origins ORG,84.67,81.75725804017976,Premium,Estándar,No
Arabica,afca,Uganda,Other,320,60 kg,Africa Fine Coffee Association,"February 13th, 2012",Other,Washed / Wet,7.92,7.83,7.75,7.92,7.67,7.75,7.83,84.67,0.11,0,Blue-Green,3,1775.0,Alta (Arabica),Private Reserve AFC,84.67,84.19895407007238,Premium,Premium,Sí
Arabica,benjamin schmerler,Peru,Other,1,60 kg,Specialty Coffee Association,"June 14th, 2011",Caturra,Washed / Wet,7.67,7.83,7.75,7.75,7.92,7.83,7.92,84.67,0.0,0,Green,3,1300.0,Media (Arabica),Heritage BEN,84.67,83.15118658670691,Premium,Premium,Sí
Arabica,ethiopia commodity exchange,Ethiopia,sidamo,300,6,Ethiopia Commodity Exchange,"June 17th, 2010",Other,Natural / Dry,7.42,7.75,7.75,8.0,8.0,7.92,7.83,84.67,0.2,0,Green,3,1750.0,Alta (Arabica),Select Harvest ETH,84.67,83.42450486407442,Premium,Premium,Sí
Arabica,jungle estate,Kenya,Other,66,60 kg,Kenya Coffee Traders Association,"January 11th, 2018",Other,Washed / Wet,7.92,7.75,7.83,7.75,7.58,7.92,7.83,84.58,0.11,0,Blue-Green,5,1754.0,Alta (Arabica),Private Reserve JUN,84.58,84.18506083598783,Premium,Premium,Sí
Arabica,racafe & cia s.c.a,Colombia,santander,250,70 kg,Almacafé,"January 10th, 2017",Other,Washed / Wet,7.83,7.67,7.58,7.92,7.67,7.83,8.08,84.58,0.0,0,Blue-Green,4,1500.0,Alta (Arabica),Heritage RAC,84.58,83.78578238501676,Premium,Premium,Sí
Arabica,racafe & cia s.c.a,Colombia,huila,125,70 kg,Almacafé,"December 28th, 2016",Caturra,Washed / Wet,7.92,7.83,7.58,8.0,7.83,7.67,7.75,84.58,0.0,0,Green,5,1750.0,Alta (Arabica),Heritage RAC,84.58,83.74125553205113,Premium,Premium,Sí
Arabica,daniel magu,Kenya,Other,100,60 kg,Kenya Coffee Traders Association,"July 21st, 2014",Other,Washed / Wet,7.83,7.83,7.83,7.75,7.58,7.83,7.92,84.58,0.1,0,Blue-Green,2,1800.0,Premium (Arabica),Heritage DAN,84.58,84.64495063948276,Premium,Premium,Sí
Arabica,juan luis alvarado romero,Guatemala,Other,250,69 kg,Asociacion Nacional Del Café,"May 29th, 2014",Pacas,Washed / Wet,7.75,7.83,7.67,7.92,7.75,7.83,7.83,84.58,0.11,0,Green,1,464.5152000000001,Baja (Arabica),Mill JUA,84.58,82.67778569162033,Premium,Premium,Sí
Arabica,juan luis alvarado romero,Guatemala,oriente,250,69 kg,Asociacion Nacional Del Café,"March 24th, 2014",Bourbon,Washed / Wet,8.0,7.92,7.67,7.58,7.58,7.67,8.17,84.58,0.09,0,Green,0,371.61216,Baja (Arabica),Mill JUA,84.58,82.88742841092788,Premium,Premium,Sí
Arabica,compañia colombiana agroindustrial s.a,Colombia,santander,250,70 kg,Almacafé,"December 20th, 2013",Caturra,Washed / Wet,7.67,7.67,7.58,7.75,7.58,8.5,7.83,84.58,0.0,0,Green,0,1550.0,Alta (Arabica),Heritage COM,84.58,83.68038280243302,Premium,Premium,Sí
Arabica,racafe & cia s.c.a,Colombia,huila,75,70 kg,Almacafé,"December 6th, 2013",Caturra,Washed / Wet,7.75,7.75,7.83,7.75,7.58,8.0,7.92,84.58,0.0,0,Green,5,1750.0,Alta (Arabica),Heritage RAC,84.58,83.74125553205113,Premium,Premium,Sí
Arabica,taylor winch (coffee) ltd.,Kenya,Other,11,660 kg,Kenya Coffee Traders Association,"August 30th, 2013",SL28,Washed / Wet,7.75,7.75,7.75,8.08,7.75,7.75,7.75,84.58,0.0,0,Green,0,1754.0,Alta (Arabica),Heritage TAY,84.58,84.16597465542436,Premium,Premium,Sí
Arabica,exportadora de cafe condor s.a,Colombia,huila,250,70 kg,Almacafé,"July 17th, 2013",Caturra,Washed / Wet,7.67,7.83,7.83,8.0,7.58,7.92,7.75,84.58,0.0,0,Green,2,1750.0,Alta (Arabica),Heritage EXP,84.58,83.70022021755713,Premium,Premium,Sí
Arabica,lusso lab,Costa Rica,Other,1,1 kg,Specialty Coffee Association,"March 12th, 2013",Bourbon,Semi-Washed / Semi-Pulped,7.75,7.83,7.75,8.0,7.83,7.67,7.75,84.58,0.12,0,Blue-Green,2,1575.0,Alta (Arabica),Mill LUS,84.58,83.99294946136183,Premium,Premium,Sí
Arabica,exportadora de cafe condor s.a,Colombia,huila,250,70 kg,Almacafé,"October 9th, 2012",Caturra,Washed / Wet,7.42,7.67,7.75,7.75,8.08,7.83,8.08,84.58,0.11,0,Green,6,1800.0,Premium (Arabica),Heritage EXP,84.58,82.98670157606013,Premium,Premium,Sí
Arabica,nucoffee,Brazil,Other,37,60 kg,NUCOFFEE,"December 23rd, 2011",Bourbon,Semi-Washed / Semi-Pulped,8.0,8.0,7.75,7.75,7.58,7.75,7.75,84.58,0.12,0,Green,2,1300.0,Media (Arabica),Heritage NUC,84.58,82.66261013818662,Premium,Premium,Sí
Arabica,nucoffee,Brazil,Other,35,60 kg,NUCOFFEE,"December 3rd, 2011",Catuai,Semi-Washed / Semi-Pulped,8.5,8.0,7.5,7.75,7.5,7.83,7.5,84.58,0.11,0,Blue-Green,1,1100.0,Media (Arabica),Heritage NUC,84.58,82.62764661720918,Premium,Premium,Sí
Arabica,max gurdian,Costa Rica,Other,275,18975 kg,Specialty Coffee Association of Costa Rica,"November 28th, 2017",Caturra,Washed / Wet,7.92,7.67,7.92,7.75,7.67,7.58,8.0,84.5,0.1,0,Blue-Green,2,1200.0,Media (Arabica),Origins MAX,84.5,83.22951037480746,Premium,Premium,Sí
Arabica,ecom japan limited,Uganda,Other,200,12000 kg,Uganda Coffee Development Authority,"March 14th, 2017",SL14,Washed / Wet,7.92,7.75,7.67,7.75,7.83,7.75,7.83,84.5,0.11,0,Green,1,1750.0,Alta (Arabica),Origins ECO,84.5,84.30962579074433,Premium,Premium,Sí
Arabica,yunnan coffee exchange,China,yunnan,3,60 kg,Yunnan Coffee Exchange,"April 6th, 2016",Catimor,Washed / Wet,7.75,7.92,7.67,7.83,7.75,7.67,7.92,84.5,0.1,0,Green,1,1680.0,Alta (Arabica),Private Reserve YUN,84.5,83.70045475724656,Premium,Premium,Sí
Arabica,fabian calderon mora,Costa Rica,tarrazu,250,1 lbs,Specialty Coffee Association of Costa Rica,"July 6th, 2015",Caturra,Washed / Wet,7.92,7.83,7.83,7.83,7.58,7.58,7.92,84.5,0.11,0,Green,0,1700.0,Alta (Arabica),Heritage FAB,84.5,83.38204964046311,Premium,Premium,Sí
Arabica,federacion nacional de cafeteros,Colombia,cauca,275,2 kg,Almacafé,"June 5th, 2015",Other,Washed / Wet,8.08,7.67,7.83,7.83,7.67,7.67,7.75,84.5,0.12,1,Green,0,1800.0,Premium (Arabica),Select Harvest FED,84.5,83.65273616810465,Premium,Premium,Sí
Arabica,eric wu,China,yunnan,1,2 kg,Specialty Coffee Association,"June 16th, 2014",Other,Washed / Wet,7.67,8.0,7.75,7.83,7.75,7.58,7.92,84.5,0.0,0,Green,2,1100.0,Media (Arabica),Mill ERI,84.5,82.90281679760466,Premium,Premium,Sí
Arabica,juan luis alvarado romero,Guatemala,oriente,250,69 kg,Asociacion Nacional Del Café,"February 26th, 2013",Bourbon,Washed / Wet,8.17,7.83,7.67,7.83,7.67,7.83,7.5,84.5,0.11,0,Green,2,399.4830720000001,Baja (Arabica),Mill JUA,84.5,82.20528852034096,Premium,Estándar,No
Arabica,dream together,Kenya,Other,235,60 kg,Specialty Coffee Institute of Asia,"September 16th, 2012",SL28,Washed / Wet,7.92,7.83,7.67,8.0,7.67,7.75,7.67,84.5,0.11,0,Blue-Green,0,2000.0,Premium (Arabica),Select Harvest DRE,84.5,84.2190056727224,Premium,Premium,Sí
Arabica,maria imelda uscanga martinez,Mexico,Other,56,1 kg,AMECAFE,"July 11th, 2012",Typica,Washed / Wet,8.0,7.92,7.42,8.08,7.5,7.67,7.92,84.5,0.12,0,Green,0,1350.0,Media (Arabica),Private Reserve MAR,84.5,81.99646466467007,Premium,Estándar,No
Arabica,alfredo bojalil,Mexico,Other,250,1 kg,AMECAFE,"June 6th, 2012",Typica,Washed / Wet,7.92,7.83,7.75,7.75,7.75,7.83,7.67,84.5,0.11,0,Green,4,1500.0,Alta (Arabica),Origins ALF,84.5,82.12181013684307,Premium,Estándar,No
Arabica,juan luis alvarado romero,Guatemala,Other,250,69 kg,Asociacion Nacional Del Café,"February 16th, 2012",Bourbon,Washed / Wet,7.67,8.0,7.67,8.0,7.5,7.83,7.83,84.5,0.11,0,Green,2,431.999136,Baja (Arabica),Mill JUA,84.5,82.8079281785579,Premium,Premium,Sí
Arabica,daniel friedlander,Brazil,Other,27,60 kg,NUCOFFEE,"March 23rd, 2011",Bourbon,Natural / Dry,7.81,7.81,7.88,7.75,7.38,8.25,8.13,84.5,0.0,0,Green,4,1000.0,Media (Arabica),Origins DAN,84.5,82.81879649843933,Premium,Premium,Sí
Arabica,alexandra katona-carroll,Brazil,Other,320,60 kg,NUCOFFEE,"March 22nd, 2011",Bourbon,Natural / Dry,8.17,7.67,7.75,7.75,7.67,7.75,7.75,84.5,0.0,2,Green,0,1000.0,Media (Arabica),Origins ALE,84.5,82.42626876677129,Premium,Estándar,No
Arabica,max gurdian,Costa Rica,tarrazu,275,69 kg,Specialty Coffee Association of Costa Rica,"March 23rd, 2017",Caturra,Washed / Wet,7.58,7.83,7.83,8.0,7.67,7.58,7.92,84.42,0.1,0,Blue-Green,3,1300.0,Media (Arabica),Origins MAX,84.42,83.3338323836168,Premium,Premium,Sí
Arabica,aulia arif syahri,Indonesia,Other,200,30 kg,Specialty Coffee Association,"March 14th, 2017",Other,Other,7.67,7.67,7.83,7.58,7.83,7.83,8.0,84.42,0.0,0,Blue-Green,3,1400.0,Media (Arabica),Origins AUL,84.42,83.27204948788413,Premium,Premium,Sí
Arabica,carcafe ltda ci,Colombia,Other,304,35 kg,Almacafé,"January 25th, 2016",Caturra,Natural / Dry,7.92,7.83,7.75,7.67,7.92,7.67,7.67,84.42,0.0,0,Green,1,1750.0,Alta (Arabica),Mill CAR,84.42,83.9239322499647,Premium,Premium,Sí
Arabica,racafe & cia s.c.a,Colombia,huila,275,70 kg,Almacafé,"July 9th, 2014",Caturra,Washed / Wet,7.92,7.75,7.67,7.92,7.67,7.75,7.75,84.42,0.0,0,Green,3,1775.0,Alta (Arabica),Heritage RAC,84.42,83.73961961639816,Premium,Premium,Sí
Arabica,kao ming lee,Taiwan,Other,2,2 kg,Specialty Coffee Association,"July 10th, 2013",Typica,Washed / Wet,7.83,7.83,7.75,8.0,7.5,7.75,7.75,84.42,0.11,0,Blue-Green,0,1200.0,Media (Arabica),Mill KAO,84.42,82.63740138116513,Premium,Premium,Sí
Arabica,kona pacific farmers cooperative,United States (Hawaii),kona,5,100 lbs,Specialty Coffee Association,"January 21st, 2013",Hawaiian Kona,Natural / Dry,7.92,7.92,7.5,7.83,7.5,7.92,7.83,84.42,0.11,0,Blue-Green,1,157.93516800000003,Baja (Arabica),Private Reserve KON,84.42,82.81242576494522,Premium,Premium,Sí
Arabica,maria amalia guadalupe toriello elorza,Mexico,Other,69,1 kg,AMECAFE,"June 6th, 2012",Other,Washed / Wet,7.75,7.92,7.75,7.67,7.83,7.67,7.83,84.42,0.12,2,Green,4,900.0,Baja (Arabica),Private Reserve MAR,84.42,81.82935490823095,Premium,Estándar,No
Arabica,ethiopia commodity exchange,Ethiopia,Other,360,6 kg,Ethiopia Commodity Exchange,"June 17th, 2010",Other,Natural / Dry,7.5,7.75,7.83,7.92,7.92,7.75,7.75,84.42,0.2,0,Green,2,1800.0,Premium (Arabica),Select Harvest ETH,84.42,83.78672878940785,Premium,Premium,Sí
Arabica,lydiah mwangi,Kenya,Other,150,60 kg,Kenya Coffee Traders Association,"August 3rd, 2017",SL28,Washed / Wet,7.33,7.58,7.83,7.75,7.75,7.92,8.17,84.33,0.11,0,Green,4,1800.0,Premium (Arabica),Select Harvest LYD,84.33,83.86911971730464,Premium,Premium,Sí
Arabica,bismarck castro,Honduras,comayagua,275,66 kg,Instituto Hondureño del Café,"May 11th, 2017",Caturra,Washed / Wet,7.92,8.0,7.75,7.67,7.67,7.75,7.58,84.33,0.1,0,Green,3,1500.0,Alta (Arabica),Heritage BIS,84.33,82.52110285806486,Premium,Premium,Sí
Arabica,raúl vargas,Colombia,huila,275,70 kg,Almacafé,"February 20th, 2017",Caturra,Washed / Wet,7.58,7.75,7.5,7.83,7.67,8.5,7.5,84.33,0.0,0,Green,5,1750.0,Alta (Arabica),Origins RAÚ,84.33,83.74125553205113,Premium,Premium,Sí
Arabica,bismarck castro,Honduras,Other,275,69 kg,Instituto Hondureño del Café,"April 4th, 2016",Catuai,Washed / Wet,7.58,7.92,7.58,7.75,7.92,7.75,7.83,84.33,0.11,0,Green,2,1500.0,Alta (Arabica),Heritage BIS,84.33,81.84769402183247,Premium,Estándar,No
Arabica,racafe & cia s.c.a,Colombia,Other,275,70 kg,Almacafé,"February 16th, 2016",Caturra,Washed / Wet,7.67,7.67,7.75,7.83,7.75,7.83,7.83,84.33,0.0,0,Green,4,1750.0,Alta (Arabica),Heritage RAC,84.33,83.62944977319441,Premium,Premium,Sí
Arabica,carcafe ltda ci,Colombia,huila,250,70 kg,Almacafé,"April 29th, 2015",Caturra,Natural / Dry,7.75,7.67,8.0,7.67,8.08,7.83,7.33,84.33,0.11,6,Green,0,442.0,Baja (Arabica),Mill CAR,84.33,82.84920307937985,Premium,Premium,Sí
Arabica,exportadora de cafe condor s.a,Colombia,huila,275,70 kg,Almacafé,"July 19th, 2013",Caturra,Washed / Wet,7.75,7.58,7.33,7.83,7.58,8.08,8.17,84.33,0.0,0,Green,0,1800.0,Premium (Arabica),Heritage EXP,84.33,83.58977284593408,Premium,Premium,Sí
Arabica,victor hugo melchor cordova,Mexico,Other,100,80 kg,AMECAFE,"July 27th, 2012",Typica,Washed / Wet,8.0,7.75,7.75,7.83,7.5,7.67,7.83,84.33,0.12,0,Blue-Green,1,1700.0,Alta (Arabica),Heritage VIC,84.33,82.68875298672891,Premium,Premium,Sí
Arabica,nucoffee,Brazil,Other,75,60 kg,NUCOFFEE,"October 28th, 2011",Yellow Bourbon,Natural / Dry,8.17,8.0,7.5,7.75,7.5,7.67,7.75,84.33,0.0,0,Green,4,1275.0,Media (Arabica),Heritage NUC,84.33,83.267864151003,Premium,Premium,Sí
Arabica,nucoffee,Brazil,south of minas,80,60 kg,NUCOFFEE,"October 28th, 2011",Bourbon,Natural / Dry,8.0,8.0,7.5,7.5,7.67,7.75,7.92,84.33,0.02,0,Green,2,1050.0,Media (Arabica),Heritage NUC,84.33,83.0013189248581,Premium,Premium,Sí
Arabica,benjamin schmerler,Ethiopia,Other,1,132 lbs,Specialty Coffee Association,"June 14th, 2011",Other,Natural / Dry,7.75,7.75,7.92,7.75,7.5,7.92,7.75,84.33,0.0,0,Green,1,455.224896,Baja (Arabica),Heritage BEN,84.33,83.29699668225182,Premium,Premium,Sí
Arabica,the coffee source inc.,Guatemala,Other,250,1,Specialty Coffee Association,"April 30th, 2010",Bourbon,Washed / Wet,7.5,7.67,7.75,7.67,7.92,7.92,7.92,84.33,0.04,1,Green,1,422.708832,Baja (Arabica),Origins THE,84.33,83.23100381463851,Premium,Premium,Sí
Arabica,"lin, che-hao krude 林哲豪",Taiwan,Other,10,5 kg,Specialty Coffee Association,"August 10th, 2017",Typica,Washed / Wet,7.92,7.75,7.75,7.67,7.67,7.83,7.67,84.25,0.12,0,Blue-Green,0,1000.0,Media (Arabica),Heritage LIN,84.25,82.26243481061464,Premium,Estándar,No
Arabica,松澤宏樹 koju matsuzawa,Thailand,Other,20,25 kg,Specialty Coffee Institute of Asia,"November 2nd, 2016",Catimor,Natural / Dry,7.83,7.75,7.75,7.42,7.83,7.67,8.0,84.25,0.12,0,Green,0,1200.0,Media (Arabica),Mill 松澤宏,84.25,82.96711632334686,Premium,Premium,Sí
Arabica,carcafe ltda ci,Colombia,Other,275,70 kg,Almacafé,"August 5th, 2016",Caturra,Natural / Dry,7.83,7.58,7.75,7.58,7.67,8.0,7.83,84.25,0.11,0,Green,2,2560.0,Premium (Arabica),Mill CAR,84.25,84.15006021791771,Premium,Premium,Sí
Arabica,juan luis alvarado romero,Guatemala,antigua,230,69 kg,Asociacion Nacional Del Café,"May 23rd, 2016",Caturra,Washed / Wet,7.75,7.75,7.58,7.92,7.75,7.75,7.75,84.25,0.11,0,Green,4,1500.0,Alta (Arabica),Mill JUA,84.25,83.0180502978306,Premium,Premium,Sí
Arabica,juan luis alvarado romero,Guatemala,huehuetenango,275,69 kg,Asociacion Nacional Del Café,"April 6th, 2016",Caturra,Washed / Wet,7.75,7.92,7.5,8.08,7.58,7.67,7.75,84.25,0.1,0,Green,1,335.10126528000006,Baja (Arabica),Mill JUA,84.25,83.56915714196249,Premium,Premium,Sí
Arabica,yunnan coffee exchange,China,yunnan,3,60 kg,Yunnan Coffee Exchange,"April 6th, 2016",Catimor,Natural / Dry,7.83,7.83,7.58,7.75,7.75,7.75,7.75,84.25,0.1,0,Green,1,1400.0,Media (Arabica),Private Reserve YUN,84.25,83.78144629523632,Premium,Premium,Sí
Arabica,racafe & cia s.c.a,Colombia,huila,275,70 kg,Almacafé,"November 19th, 2015",Caturra,Washed / Wet,7.67,7.67,7.75,7.75,7.67,7.92,7.83,84.25,0.11,0,Green,3,1775.0,Alta (Arabica),Heritage RAC,84.25,83.13434426937019,Premium,Premium,Sí
Arabica,racafe & cia s.c.a,Colombia,huila,248,70 kg,Almacafé,"October 26th, 2015",Caturra,Washed / Wet,7.83,7.67,7.75,7.58,7.92,7.75,7.75,84.25,0.12,4,Green,2,1775.0,Alta (Arabica),Heritage RAC,84.25,82.60885609136676,Premium,Premium,Sí
Arabica,federacion nacional de cafeteros,Colombia,cauca,275,2 kg,Almacafé,"June 5th, 2015",Other,Washed / Wet,7.83,7.75,7.83,7.58,7.67,7.75,7.83,84.25,0.12,0,Green,0,1800.0,Premium (Arabica),Select Harvest FED,84.25,83.78068304719558,Premium,Premium,Sí
Arabica,carcafe ltda ci,Colombia,huila,250,70 kg,Almacafé,"April 29th, 2015",Caturra,Natural / Dry,7.42,7.67,7.83,7.75,7.92,7.83,7.83,84.25,0.12,3,Green,0,442.0,Baja (Arabica),Mill CAR,84.25,83.38441446074694,Premium,Premium,Sí
Arabica,tembo coffee company ltd,"Tanzania, United Republic Of",Other,10,60 kg,Africa Fine Coffee Association,"December 12th, 2014",Other,Washed / Wet,7.83,7.67,7.75,7.83,7.67,7.67,7.83,84.25,0.12,0,Green,7,1620.0,Alta (Arabica),Heritage TEM,84.25,82.16110591652233,Premium,Estándar,No
Arabica,taylor winch (t) ltd,"Tanzania, United Republic Of",Other,65,60 kg,Africa Fine Coffee Association,"December 12th, 2014",Other,Washed / Wet,7.83,7.75,7.75,7.75,7.67,7.75,7.75,84.25,0.12,0,Green,2,1600.0,Alta (Arabica),Heritage TAY,84.25,82.37674418521581,Premium,Estándar,No
Arabica,juan luis alvarado romero,Guatemala,oriente,250,69 kg,Asociacion Nacional Del Café,"August 21st, 2014",Bourbon,Other,7.83,7.83,7.5,7.92,7.58,7.75,7.83,84.25,0.1,0,Green,1,371.61216,Baja (Arabica),Mill JUA,84.25,82.8496451045232,Premium,Premium,Sí
Arabica,exportadora de cafe condor s.a,Colombia,cauca,250,70 kg,Almacafé,"October 1st, 2013",Caturra,Washed / Wet,7.58,7.5,7.75,7.83,7.92,7.83,7.83,84.25,0.11,0,Green,2,1700.0,Alta (Arabica),Heritage EXP,84.25,83.51197106104907,Premium,Premium,Sí
Arabica,kona pacific farmers cooperative,United States (Hawaii),kona,7,100 lbs,Specialty Coffee Association,"December 11th, 2012",Hawaiian Kona,Natural / Dry,7.33,7.92,7.92,7.92,7.92,8.08,7.83,84.25,0.11,1,Blue-Green,1,157.93516800000003,Baja (Arabica),Private Reserve KON,84.25,82.4961740259808,Premium,Estándar,No
Arabica,jesus salazar velasco,Mexico,Other,10,1 kg,AMECAFE,"September 11th, 2012",Typica,Semi-Washed / Semi-Pulped,7.83,7.92,7.67,7.83,7.5,7.75,7.75,84.25,0.12,0,Green,1,1450.0,Media (Arabica),Heritage JES,84.25,82.73126750687437,Premium,Premium,Sí
Arabica,manuel herrera juarez,Mexico,veracruz,20,1 kg,AMECAFE,"April 9th, 2012",Bourbon,Washed / Wet,7.83,7.83,7.75,7.67,7.83,7.58,7.75,84.25,0.12,0,Green,0,1170.0,Media (Arabica),Mill MAN,84.25,82.05792647593107,Premium,Estándar,No
Arabica,alfredo bojalil,Mexico,"la concordia, chiapas",250,1 kg,AMECAFE,"April 2nd, 2012",Bourbon,Washed / Wet,7.83,7.92,7.67,7.75,7.5,7.75,7.83,84.25,0.1,0,Blue-Green,4,1400.0,Media (Arabica),Origins ALF,84.25,82.53052100205609,Premium,Premium,Sí
Arabica,afca,Uganda,Other,1,60 kg,Africa Fine Coffee Association,"February 13th, 2012",Other,Natural / Dry,8.17,7.75,7.58,7.67,7.83,7.58,7.67,84.25,0.13,4,Green,29,1700.0,Alta (Arabica),Private Reserve AFC,84.25,80.83687513111732,Premium,Estándar,No
Arabica,juan luis alvarado romero,Guatemala,san marcos,50,69 kg,Asociacion Nacional Del Café,"June 1st, 2017",Bourbon,Washed / Wet,7.75,7.83,7.58,7.83,7.67,7.75,7.75,84.17,0.13,0,Green,1,1700.0,Alta (Arabica),Mill JUA,84.17,82.13291894201242,Premium,Estándar,No
Arabica,racafe & cia s.c.a,Colombia,huila,250,70 kg,Almacafé,"August 19th, 2016",Caturra,Washed / Wet,7.83,7.75,7.58,7.67,7.75,7.83,7.75,84.17,0.0,0,Green,2,1750.0,Alta (Arabica),Heritage RAC,84.17,83.70022021755713,Premium,Premium,Sí
Arabica,wayner jimenez,Costa Rica,tarrazu,150,69 kg,Specialty Coffee Association of Costa Rica,"August 19th, 2016",Caturra,Washed / Wet,7.92,7.75,7.67,7.67,7.5,7.67,8.0,84.17,0.09,0,Blue-Green,2,1700.0,Alta (Arabica),Select Harvest WAY,84.17,83.657992716159,Premium,Premium,Sí
Arabica,juan luis alvarado romero,Guatemala,huehuetenango,275,69 kg,Asociacion Nacional Del Café,"June 23rd, 2016",Caturra,Washed / Wet,7.75,7.75,7.58,8.0,7.67,7.83,7.58,84.17,0.11,0,Green,6,340.39673856,Baja (Arabica),Mill JUA,84.17,82.76111073308283,Premium,Premium,Sí
Arabica,juan luis alvarado romero,Guatemala,Other,377,69 kg,Asociacion Nacional Del Café,"June 1st, 2016",Caturra,Washed / Wet,7.75,7.92,7.58,7.92,7.67,7.67,7.67,84.17,0.1,0,Green,10,1565.0,Alta (Arabica),Mill JUA,84.17,82.30058363593545,Premium,Estándar,No
Arabica,juan luis alvarado romero,Guatemala,Other,130,69 kg,Asociacion Nacional Del Café,"June 1st, 2016",Bourbon,Washed / Wet,7.58,7.83,7.58,7.83,7.83,7.67,7.83,84.17,0.1,0,Green,2,3280.0,Premium (Arabica),Mill JUA,84.17,82.48736545957918,Premium,Estándar,No
Arabica,racafe & cia s.c.a,Colombia,huila,275,70 kg,Almacafé,"August 18th, 2015",Caturra,Washed / Wet,8.0,7.5,7.5,7.67,8.0,7.83,7.67,84.17,0.0,0,Blue-Green,0,1775.0,Alta (Arabica),Heritage RAC,84.17,83.61112100759534,Premium,Premium,Sí
Arabica,cooperativa el gorrion r.l,Nicaragua,jinotega,275,2 kg,Specialty Coffee Association of Costa Rica,"August 3rd, 2015",Caturra,Natural / Dry,7.67,7.83,7.83,7.5,7.67,7.83,7.83,84.17,0.12,0,Blue-Green,0,1000.0,Media (Arabica),Private Reserve COO,84.17,82.74346931000983,Premium,Premium,Sí
Arabica,cafebras,Brazil,cerrado,305,59 kg,Brazil Specialty Coffee Association,"April 24th, 2015",Catuai,Natural / Dry,7.67,7.75,7.75,7.67,7.83,7.75,7.75,84.17,0.0,0,Green,16,1150.0,Media (Arabica),Select Harvest CAF,84.17,82.24791931629622,Premium,Estándar,No
Arabica,"ceca, s.a.",Costa Rica,tarrazu,320,69 kg,Specialty Coffee Ass,"April 10th, 2015",Caturra,Washed / Wet,7.67,7.75,7.67,7.75,7.5,8.0,7.83,84.17,0.0,0,Blue-Green,0,1850.0,Premium (Arabica),Select Harvest CEC,84.17,83.73006423255032,Premium,Premium,Sí
Arabica,asefa dukamo keroma,Ethiopia,Other,320,60 kg,METAD Agricultural Development plc,"March 26th, 2015",Gesha,Natural / Dry,7.5,7.92,7.58,7.83,7.75,7.83,7.75,84.17,0.1,0,Green,5,1606.5,Alta (Arabica),Select Harvest ASE,84.17,84.86311074353176,Premium,Premium,Sí
Arabica,selian coffee estate,"Tanzania, United Republic Of",Other,10,60 kg,Africa Fine Coffee Association,"December 12th, 2014",Other,Washed / Wet,7.92,7.75,7.75,7.75,7.75,7.58,7.67,84.17,0.13,0,Green,0,1400.0,Media (Arabica),Select Harvest SEL,84.17,81.95597895803246,Premium,Estándar,No
Arabica,olam agro colombia,Colombia,huila,250,1 kg,Almacafé,"October 15th, 2014",Other,Washed / Wet,7.67,7.5,7.67,7.42,7.83,8.58,7.5,84.17,0.12,0,Green,4,1530.0,Alta (Arabica),Private Reserve OLA,84.17,83.14690688180933,Premium,Premium,Sí
Arabica,chris finch,Guatemala,Other,275,5 lbs,Specialty Coffee Association,"July 16th, 2014",Bourbon,Washed / Wet,7.67,7.75,7.67,7.75,7.75,7.75,7.83,84.17,0.11,0,Blue-Green,0,431.999136,Baja (Arabica),Private Reserve CHR,84.17,83.25084105202393,Premium,Premium,Sí
Arabica,itochu corporation,Kenya,Other,300,18000 kg,Kenya Coffee Traders Association,"November 7th, 2013",SL28,Washed / Wet,7.58,7.75,7.75,7.75,7.75,7.83,7.75,84.17,0.08,0,Green,0,250.5,Baja (Arabica),Select Harvest ITO,84.17,83.24733931492925,Premium,Premium,Sí
Arabica,owen carver,Brazil,Other,1,2 kg,Specialty Coffee Association,"May 20th, 2013",Mundo Novo,Natural / Dry,7.58,7.83,7.75,7.67,7.67,8.0,7.67,84.17,0.11,0,Green,3,1038.5,Media (Arabica),Select Harvest OWE,84.17,82.3237385456268,Premium,Estándar,No
Arabica,juan luis alvarado romero,Guatemala,oriente,250,69 kg,Asociacion Nacional Del Café,"May 9th, 2013",Bourbon,Washed / Wet,7.92,7.75,7.67,7.67,7.83,7.92,7.42,84.17,0.11,0,Green,4,399.4830720000001,Baja (Arabica),Mill JUA,84.17,81.77414188455778,Premium,Estándar,No
Arabica,atlantic specialty coffee,El Salvador,Other,275,2 kg,Specialty Coffee Association,"March 18th, 2013",Bourbon,Natural / Dry,8.42,8.08,7.5,7.17,7.58,8.17,7.92,84.17,0.11,0,Blue-Green,2,1500.0,Alta (Arabica),Select Harvest ATL,84.17,84.0700893904817,Premium,Premium,Sí
Arabica,exportadora de cafe condor s.a,Colombia,huila,250,70 kg,Almacafé,"October 19th, 2012",Caturra,Washed / Wet,7.75,7.75,7.75,7.75,7.83,7.75,7.58,84.17,0.0,0,Green,2,1750.0,Alta (Arabica),Heritage EXP,84.17,83.70022021755713,Premium,Premium,Sí
Arabica,juan luis alvarado romero,Guatemala,Other,275,1 kg,Asociacion Nacional Del Café,"March 26th, 2012",Catuai,Natural / Dry,7.83,7.5,7.5,8.0,7.83,7.83,7.67,84.17,0.11,0,Blue-Green,2,431.999136,Baja (Arabica),Mill JUA,84.17,83.10910842021248,Premium,Premium,Sí
Arabica,afca,Uganda,Other,320,60 kg,Africa Fine Coffee Association,"February 13th, 2012",Other,Washed / Wet,7.83,7.75,7.5,7.83,7.83,7.75,7.67,84.17,0.11,0,Green,1,1600.0,Alta (Arabica),Private Reserve AFC,84.17,84.07034053933812,Premium,Premium,Sí
Arabica,pt.royal pacific indah international,Indonesia,Other,2,2 kg,Specialty Coffee Association of Indonesia,"May 24th, 2017",Other,Natural / Dry,7.81,7.88,7.56,7.75,7.63,7.75,7.75,84.13,0.12,0,Blue-Green,0,1350.0,Media (Arabica),Heritage PT.,84.13,83.23484526560556,Premium,Premium,Sí
Arabica,carcafe ltda ci,Colombia,huila,275,70 kg,Almacafé,"November 9th, 2017",Caturra,Washed / Wet,7.83,7.5,7.42,7.5,7.83,8.5,7.5,84.08,0.0,1,Green,3,442.0,Baja (Arabica),Mill CAR,84.08,83.20968290547874,Premium,Premium,Sí
Arabica,"lin, che-hao krude 林哲豪",Taiwan,Other,10,20 kg,Specialty Coffee Association,"May 18th, 2016",Typica,Washed / Wet,7.58,7.67,7.67,7.67,7.75,7.83,7.92,84.08,0.1,0,Blue-Green,4,968.0,Baja (Arabica),Heritage LIN,84.08,82.28673214199735,Premium,Estándar,No
Arabica,juan luis alvarado romero,Guatemala,oriente,50,69 kg,Asociacion Nacional Del Café,"April 27th, 2016",Bourbon,Washed / Wet,8.0,7.75,7.5,7.58,7.92,7.67,7.67,84.08,0.1,0,Green,4,431.999136,Baja (Arabica),Mill JUA,84.08,81.9599795556118,Premium,Estándar,No
Arabica,racafe & cia s.c.a,Colombia,huila,200,70 kg,Almacafé,"November 5th, 2014",Caturra,Washed / Wet,7.92,7.75,7.67,7.75,7.67,7.67,7.67,84.08,0.0,0,Green,2,1775.0,Alta (Arabica),Heritage RAC,84.08,83.70604411880196,Premium,Premium,Sí
Arabica,lusso lab,Guatemala,Other,1,2 kg,Specialty Coffee Association,"June 16th, 2014",Bourbon,Washed / Wet,7.58,7.75,7.67,8.0,7.75,7.67,7.67,84.08,0.1,0,Blue-Green,10,1550.0,Alta (Arabica),Mill LUS,84.08,82.35559896819152,Premium,Estándar,No
Arabica,kona pacific farmers cooperative,United States (Hawaii),kona,14,100 lbs,Specialty Coffee Association,"January 24th, 2013",Hawaiian Kona,Natural / Dry,7.83,7.75,7.83,7.83,7.42,8.08,8.0,84.08,0.11,1,Green,9,157.93516800000003,Baja (Arabica),Private Reserve KON,84.08,81.08505509278167,Premium,Estándar,No
Arabica,andres martinez leon,Mexico,Other,300,1 kg,AMECAFE,"September 4th, 2012",Typica,Washed / Wet,7.67,7.75,7.67,7.75,7.67,7.75,7.83,84.08,0.11,1,Green,10,1480.0,Media (Arabica),Select Harvest AND,84.08,81.6021864452173,Premium,Estándar,No
Arabica,steven kil,Ethiopia,Other,100,60 kg,Specialty Coffee Association,"August 17th, 2012",Other,Natural / Dry,7.92,7.92,7.83,8.0,7.92,7.92,7.92,84.08,0.09,0,Green,15,1800.0,Premium (Arabica),Private Reserve STE,84.08,84.04874905902568,Premium,Premium,Sí
Arabica,amanda powers,Costa Rica,Other,275,150 lbs,Specialty Coffee Association,"January 11th, 2018",Caturra,Washed / Wet,7.58,7.75,7.67,7.75,7.83,7.75,7.67,84.0,0.08,1,Green,13,1300.0,Media (Arabica),Heritage AMA,84.0,81.90276947961584,Premium,Estándar,No
Arabica,kyagalanyi coffee ltd,Ethiopia,sidamo,320,60 kg,Uganda Coffee Development Authority,"June 5th, 2017",Gesha,Natural / Dry,7.83,7.75,7.67,7.75,7.33,7.75,7.92,84.0,0.11,3,Green,1,1800.0,Premium (Arabica),Mill KYA,84.0,83.89996576047778,Premium,Premium,Sí
Arabica,bismarck castro,Honduras,comayagua,275,66 kg,Instituto Hondureño del Café,"May 11th, 2017",Caturra,Washed / Wet,7.42,7.83,7.75,7.92,7.75,7.58,7.75,84.0,0.1,0,Green,5,1500.0,Alta (Arabica),Heritage BIS,84.0,82.37583134887296,Premium,Estándar,No
Arabica,juan luis alvarado romero,Guatemala,huehuetenango,275,69 kg,Asociacion Nacional Del Café,"June 10th, 2015",Caturra,Washed / Wet,7.67,7.83,7.58,7.92,7.75,7.67,7.58,84.0,0.12,0,Green,7,520.2570240000001,Baja (Arabica),Mill JUA,84.0,82.39020208775896,Premium,Estándar,No
Arabica,olam agro colombia,Colombia,huila,250,1 kg,Almacafé,"December 18th, 2014",Other,Washed / Wet,7.67,7.67,7.83,7.58,7.58,7.83,7.83,84.0,0.11,2,Green,7,1600.0,Alta (Arabica),Private Reserve OLA,84.0,82.85602428309038,Premium,Premium,Sí
Arabica,juan luis alvarado romero,Guatemala,oriente,250,69 kg,Asociacion Nacional Del Café,"August 8th, 2014",Bourbon,Natural / Dry,7.92,7.67,7.42,7.92,7.75,7.83,7.5,84.0,0.1,0,Green,1,371.61216,Baja (Arabica),Mill JUA,84.0,83.25072973307522,Premium,Premium,Sí
Arabica,juan luis alvarado romero,Guatemala,oriente,250,69 kg,Asociacion Nacional Del Café,"June 27th, 2014",Bourbon,Other,7.75,7.83,7.5,7.83,7.58,7.67,7.83,84.0,0.1,0,Green,0,371.61216,Baja (Arabica),Mill JUA,84.0,82.97797829596432,Premium,Premium,Sí
Arabica,olam agro colombia,Colombia,huila,250,1 kg,Almacafé,"May 27th, 2014",Caturra,Washed / Wet,7.67,7.75,7.67,7.67,7.67,7.75,7.83,84.0,0.12,0,Green,0,1480.0,Media (Arabica),Private Reserve OLA,84.0,83.0191513088305,Premium,Premium,Sí
Arabica,compañia colombiana agroindustrial s.a,Colombia,santander,250,70 kg,Almacafé,"May 27th, 2014",Caturra,Natural / Dry,7.58,7.42,7.75,7.92,7.75,7.92,7.67,84.0,0.12,0,Green,0,1450.0,Media (Arabica),Heritage COM,84.0,83.89998324701708,Premium,Premium,Sí
Arabica,racafe & cia s.c.a,Colombia,huila,138,70 kg,Almacafé,"April 8th, 2014",Caturra,Washed / Wet,7.67,7.67,7.5,7.5,7.67,7.67,8.33,84.0,0.12,0,Green,3,1775.0,Alta (Arabica),Heritage RAC,84.0,83.00407264179975,Premium,Premium,Sí
Arabica,lusso lab,Ethiopia,sidamo,50,60 kg,Specialty Coffee Association,"January 17th, 2014",Other,Natural / Dry,7.75,7.75,7.5,7.58,7.67,7.92,7.83,84.0,0.09,4,Green,40,1550.0,Alta (Arabica),Mill LUS,84.0,81.5583204890873,Premium,Estándar,No
Arabica,ipanema coffees,Brazil,south of minas,320,60 kg,Specialty Coffee Association,"January 2nd, 2014",Yellow Bourbon,Natural / Dry,7.58,7.83,7.67,7.25,8.0,7.75,7.92,84.0,0.1,0,Green,0,1260.0,Media (Arabica),Private Reserve IPA,84.0,83.0196493733854,Premium,Premium,Sí
Arabica,exportadora de cafe condor s.a,Colombia,cauca,270,70 kg,Almacafé,"June 21st, 2013",Caturra,Washed / Wet,7.67,7.83,7.67,7.75,7.67,7.75,7.67,84.0,0.11,0,Green,1,1700.0,Alta (Arabica),Heritage EXP,84.0,83.52588567567973,Premium,Premium,Sí
Arabica,ibero kenya limited,Kenya,Other,300,60 kg,Kenya Coffee Traders Association,"March 8th, 2013",Other,Washed / Wet,7.67,7.83,7.5,7.75,7.92,7.67,7.67,84.0,0.0,0,Green,2,1200.0,Media (Arabica),Heritage IBE,84.0,83.89994153338341,Premium,Premium,Sí
Arabica,doi tung development project,Thailand,thailand,2,1 kg,Specialty Coffee Association,"June 21st, 2012",Other,Washed / Wet,7.92,8.17,8.17,8.42,8.08,8.17,8.42,84.0,0.12,0,Green,0,800.0,Baja (Arabica),Origins DOI,84.0,82.01009228786009,Premium,Estándar,No
Arabica,taylor winch (coffee) ltd.,Kenya,Other,150,9000 kg,Kenya Coffee Traders Association,"May 31st, 2012",SL28,Washed / Wet,7.67,7.75,7.67,7.75,7.83,7.67,7.67,84.0,0.0,0,Blue-Green,0,1650.0,Alta (Arabica),Heritage TAY,84.0,84.1003684667281,Premium,Premium,Sí
Arabica,afca,Uganda,Other,320,60 kg,Africa Fine Coffee Association,"February 13th, 2012",Other,Washed / Wet,7.92,7.75,7.58,7.67,7.67,7.83,7.58,84.0,0.1,10,Green,26,1700.0,Alta (Arabica),Private Reserve AFC,84.0,82.31475092107122,Premium,Estándar,No
Arabica,doi tung development project,Thailand,Other,1,60 kg,Specialty Coffee Association,"August 16th, 2011",Caturra,Washed / Wet,7.58,7.75,7.58,7.75,7.58,7.75,8.0,84.0,0.06,0,Blue-Green,0,800.0,Baja (Arabica),Origins DOI,84.0,83.18897801296147,Premium,Premium,Sí
Arabica,ipanema coffees,Brazil,south of minas,320,60 kg,Brazil Specialty Coffee Association,"October 20th, 2017",Bourbon,Natural / Dry,7.5,7.75,7.58,7.5,7.58,7.5,8.5,83.92,0.0,0,Green,3,890.0,Baja (Arabica),Private Reserve IPA,83.92,82.74914184175545,Premium,Premium,Sí
Arabica,cafes tomari sa de cv,Mexico,veracruz,200,69 kg,Centro Agroecológico del Café A.C.,"July 3rd, 2017",Mundo Novo,Washed / Wet,7.83,7.83,7.58,7.92,7.42,7.5,7.83,83.92,0.11,0,Green,5,1300.0,Media (Arabica),Select Harvest CAF,83.92,82.10480738188357,Premium,Estándar,No
Arabica,sarawut premjit,Thailand,Other,45,40 kg,Specialty Coffee Association,"October 18th, 2016",Catimor,Natural / Dry,7.67,7.75,7.5,7.67,7.67,7.83,7.83,83.92,0.1,0,Blue-Green,1,1350.0,Media (Arabica),Select Harvest SAR,83.92,83.76224131200561,Premium,Premium,Sí
Arabica,ipanema coffees,Brazil,south of minas,320,60 kg,Brazil Specialty Coffee Association,"August 16th, 2016",Bourbon,Natural / Dry,7.58,7.67,7.67,7.75,7.58,7.83,7.83,83.92,0.11,0,Green,7,934.0,Baja (Arabica),Private Reserve IPA,83.92,82.45995241222266,Premium,Estándar,No
Arabica,"lin, che-hao krude 林哲豪",Taiwan,Other,20,50 kg,Specialty Coffee Association,"May 18th, 2016",Typica,Washed / Wet,7.83,7.75,7.83,7.75,7.83,7.75,7.83,83.92,0.11,0,Green,3,1200.0,Media (Arabica),Heritage LIN,83.92,82.31605764483797,Premium,Estándar,No
Arabica,carcafe ltda ci,Colombia,huila,250,70 kg,Almacafé,"February 11th, 2016",Caturra,Washed / Wet,7.75,7.67,7.5,7.75,7.83,7.75,7.67,83.92,0.11,1,Green,2,442.0,Baja (Arabica),Mill CAR,83.92,83.36922439406885,Premium,Premium,Sí
Arabica,almacafe,Colombia,Other,226,70 kg,Almacafé,"January 21st, 2016",Caturra,Washed / Wet,7.75,7.58,7.5,7.83,7.75,7.92,7.58,83.92,0.0,1,Green,5,1750.0,Alta (Arabica),Mill ALM,83.92,83.48512914112777,Premium,Premium,Sí
Arabica,cqi taiwan icp cqi台灣合作夥伴,Taiwan,Other,1,2 kg,Blossom Valley International,"November 7th, 2015",Typica,Natural / Dry,7.75,7.75,7.58,7.75,7.75,7.67,7.67,83.92,0.0,0,Blue-Green,0,750.0,Baja (Arabica),Select Harvest CQI,83.92,82.12434208960569,Premium,Estándar,No
Arabica,federacion nacional de cafeteros,Colombia,huila,275,2 kg,Almacafé,"August 18th, 2015",Caturra,Washed / Wet,7.92,7.67,7.5,7.83,7.58,7.67,7.75,83.92,0.0,0,Green,0,1750.0,Alta (Arabica),Select Harvest FED,83.92,83.57984940359765,Premium,Premium,Sí
Arabica,federacion nacional de cafeteros,Colombia,huila,275,2 kg,Almacafé,"March 12th, 2015",Caturra,Washed / Wet,7.83,7.75,7.58,7.58,7.75,7.75,7.67,83.92,0.0,1,Green,1,1750.0,Alta (Arabica),Select Harvest FED,83.92,83.54064245173642,Premium,Premium,Sí
Arabica,racafe & cia s.c.a,Colombia,huila,275,70 kg,Almacafé,"December 12th, 2014",Caturra,Washed / Wet,7.75,7.58,7.67,7.83,7.83,7.67,7.58,83.92,0.0,0,Green,1,1775.0,Alta (Arabica),Heritage RAC,83.92,83.65404093529278,Premium,Premium,Sí
Arabica,cqi taiwan icp cqi台灣合作夥伴,Taiwan,Other,10,60 kg,Blossom Valley International,"November 23rd, 2014",Typica,Washed / Wet,8.0,7.92,7.92,7.92,7.67,7.33,7.17,83.92,0.06,0,Green,0,950.0,Baja (Arabica),Select Harvest CQI,83.92,82.308150933392,Premium,Estándar,No
Arabica,compañia colombiana agroindustrial s.a,Colombia,santander,250,70 kg,Almacafé,"January 17th, 2014",Caturra,Natural / Dry,7.67,7.83,7.67,7.75,7.67,7.83,7.5,83.92,0.12,0,Green,3,1550.0,Alta (Arabica),Heritage COM,83.92,83.91105972127998,Premium,Premium,Sí
Arabica,oscar ortega carballo,Mexico,Other,48,1 kg,AMECAFE,"July 3rd, 2012",Typica,Washed / Wet,7.67,7.75,7.58,7.67,7.75,7.83,7.67,83.92,0.12,10,Blue-Green,32,900.0,Baja (Arabica),Mill OSC,83.92,82.01520903423281,Premium,Estándar,No
Arabica,alfredo bojalil,Mexico,la concordia,250,1 kg,AMECAFE,"June 6th, 2012",Typica,Washed / Wet,7.5,7.67,7.58,7.83,7.75,7.75,7.83,83.92,0.11,0,Green,2,1500.0,Alta (Arabica),Origins ALF,83.92,81.94672817002376,Premium,Estándar,No
Arabica,organizaciones de productores de cafe colimense,Mexico,Other,20,1 kg,AMECAFE,"April 2nd, 2012",Typica,Washed / Wet,7.75,7.92,7.83,7.92,7.75,7.67,7.75,83.92,0.0,0,Green,2,1400.0,Media (Arabica),Origins ORG,83.92,81.57231285604409,Premium,Estándar,No
Arabica,carcafe ltda ci,Colombia,Other,275,70 kg,Almacafé,"June 30th, 2017",Caturra,Washed / Wet,7.92,7.58,7.5,7.83,7.58,7.67,7.75,83.83,0.0,1,Green,6,2527.0,Premium (Arabica),Mill CAR,83.83,83.61515594469424,Premium,Premium,Sí
Arabica,racafe & cia s.c.a,Colombia,huila,275,70 kg,Almacafé,"March 14th, 2017",Caturra,Washed / Wet,7.83,7.67,7.5,7.75,7.75,7.75,7.58,83.83,0.0,1,Green,0,1750.0,Alta (Arabica),Heritage RAC,83.83,83.4700679018991,Premium,Premium,Sí
Arabica,"ceca, s.a.",Costa Rica,tarrazu,275,69 kg,Specialty Coffee Association of Costa Rica,"June 6th, 2016",Caturra,Washed / Wet,7.67,7.67,7.75,7.67,7.5,7.75,7.83,83.83,0.0,0,Blue-Green,0,1850.0,Premium (Arabica),Select Harvest CEC,83.83,83.73006423255032,Premium,Premium,Sí
Arabica,juan luis alvarado romero,Guatemala,antigua,100,69 kg,Asociacion Nacional Del Café,"May 23rd, 2016",Bourbon,Washed / Wet,7.75,7.75,7.5,7.75,7.83,7.58,7.67,83.83,0.11,0,Green,6,1500.0,Alta (Arabica),Mill JUA,83.83,82.43942348554877,Premium,Estándar,No
Arabica,cqi taiwan icp cqi台灣合作夥伴,Taiwan,Other,167,30 kg,Blossom Valley International,"February 23rd, 2016",Typica,Washed / Wet,7.75,7.67,7.5,7.75,7.75,7.67,7.75,83.83,0.0,0,Green,0,1200.0,Media (Arabica),Select Harvest CQI,83.83,82.16736170935141,Premium,Estándar,No
Arabica,ipanema coffees,Brazil,south of minas,320,2 kg,Brazil Specialty Coffee Association,"October 8th, 2015",Yellow Bourbon,Natural / Dry,7.25,7.58,7.42,8.0,7.75,7.83,8.0,83.83,0.0,0,Green,0,1.0,Baja (Arabica),Private Reserve IPA,83.83,82.25220756981413,Premium,Estándar,No
Arabica,"lin, che-hao krude 林哲豪",Taiwan,"dongshan dist., tainan city 臺南市東山區",8,18 kg,Specialty Coffee Association,"April 30th, 2015",Typica,Washed / Wet,7.67,7.75,7.67,7.75,7.42,7.75,7.83,83.83,0.0,0,Green,1,525.0,Baja (Arabica),Heritage LIN,83.83,81.94277323976246,Premium,Estándar,No
Arabica,yasmin cofffee plantation plc,Ethiopia,Other,320,60 kg,METAD Agricultural Development plc,"March 31st, 2015",Other,Natural / Dry,7.75,7.75,7.67,7.67,7.58,7.67,7.75,83.83,0.12,0,Green,4,1676.5,Alta (Arabica),Mill YAS,83.83,85.44019701163504,Premium,Premium,Sí
Arabica,ipanema coffees,Brazil,south of minas,300,2 kg,Specialty Coffee Association,"October 16th, 2014",Bourbon,Semi-Washed / Semi-Pulped,7.67,7.67,7.58,7.5,7.83,8.17,8.08,83.83,0.0,0,Green,1,1200.0,Media (Arabica),Private Reserve IPA,83.83,82.54157849726117,Premium,Premium,Sí
Arabica,eric thormaehlen,Costa Rica,Other,250,1 kg,Specialty Coffee Association of Costa Rica,"June 9th, 2014",Catuai,Washed / Wet,7.83,7.42,7.5,7.83,7.75,7.83,7.67,83.83,0.1,0,Green,3,1300.0,Media (Arabica),Heritage ERI,83.83,82.97961667301284,Premium,Premium,Sí
Arabica,juan luis alvarado romero,Guatemala,oriente,250,69 kg,Asociacion Nacional Del Café,"May 22nd, 2014",Bourbon,Washed / Wet,7.58,7.83,7.33,8.0,7.58,7.75,7.75,83.83,0.1,0,Green,1,371.61216,Baja (Arabica),Mill JUA,83.83,82.57334353761635,Premium,Premium,Sí
Arabica,ipanema coffees,Brazil,south of minas,320,60 kg,Specialty Coffee Association,"December 26th, 2013",Yellow Bourbon,Natural / Dry,7.92,7.5,7.33,7.67,8.17,7.5,7.75,83.83,0.1,0,Green,0,1260.0,Media (Arabica),Private Reserve IPA,83.83,83.0196493733854,Premium,Premium,Sí
Arabica,garet alban,Other,Other,1,5 lbs,Specialty Coffee Association,"October 4th, 2013",Other,Natural / Dry,7.5,7.67,7.58,7.75,7.83,7.83,7.67,83.83,0.09,0,Blue-Green,0,800.0,Baja (Arabica),Heritage GAR,83.83,82.43424402255732,Premium,Estándar,No
Arabica,exportadora de cafe condor s.a,Colombia,huila,250,70 kg,Almacafé,"September 3rd, 2013",Caturra,Washed / Wet,7.67,7.58,7.58,7.83,7.58,7.67,7.92,83.83,0.11,0,Green,1,1750.0,Alta (Arabica),Heritage EXP,83.83,83.13111757525243,Premium,Premium,Sí
Arabica,juan luis alvarado romero,Guatemala,oriente,250,69 kg,Asociacion Nacional Del Café,"April 26th, 2013",Bourbon,Washed / Wet,7.5,7.83,7.5,7.83,7.83,7.67,7.67,83.83,0.11,0,Green,3,399.4830720000001,Baja (Arabica),Mill JUA,83.83,81.99920519443428,Premium,Estándar,No
Arabica,filemon mendoza campos,Mexico,Other,20,1 kg,AMECAFE,"July 26th, 2012",Bourbon,Natural / Dry,7.67,8.0,7.67,7.42,7.67,7.5,7.92,83.83,0.1,0,Green,2,1218.0,Media (Arabica),Private Reserve FIL,83.83,83.09010134064962,Premium,Premium,Sí
Arabica,alfredo bojalil,Mexico,"la concordia, chiapas",250,1 kg,AMECAFE,"June 6th, 2012",Pacas,Natural / Dry,7.67,7.58,7.5,7.75,7.75,7.75,7.83,83.83,0.11,0,Green,4,1300.0,Media (Arabica),Origins ALF,83.83,82.7546584271154,Premium,Premium,Sí
Arabica,jacques pereira carneiro,Brazil,Other,300,1 kg,NUCOFFEE,"December 21st, 2011",Yellow Bourbon,Semi-Washed / Semi-Pulped,7.83,7.83,7.58,7.67,7.5,7.58,7.83,83.83,0.12,0,Green,3,1250.0,Media (Arabica),Select Harvest JAC,83.83,82.66913051483859,Premium,Premium,Sí
Arabica,doi chaang coffee company,Thailand,Other,175,50 kg,Specialty Coffee Association,"September 20th, 2011",Caturra,Washed / Wet,7.75,7.75,7.58,8.0,7.67,7.58,7.5,83.83,0.02,0,Blue-Green,2,457.17585984,Baja (Arabica),Heritage DOI,83.83,82.97882250315484,Premium,Premium,Sí
Arabica,doi tung development project,Thailand,Other,1,60 kg,Specialty Coffee Association,"August 16th, 2011",Caturra,Washed / Wet,7.5,7.83,7.58,7.58,7.75,7.83,7.75,83.83,0.01,0,Blue-Green,0,800.0,Baja (Arabica),Origins DOI,83.83,83.11306856243256,Premium,Premium,Sí
Arabica,ethiopia commodity exchange,Ethiopia,sidamo,300,6,Ethiopia Commodity Exchange,"June 17th, 2010",Other,Natural / Dry,7.58,7.83,7.58,8.0,7.83,7.5,7.5,83.83,0.1,0,Green,3,1800.0,Premium (Arabica),Select Harvest ETH,83.83,85.31410148079918,Premium,Premium,Sí
Arabica,kennedy macharia,Kenya,Other,200,60 kg,Kenya Coffee Traders Association,"January 11th, 2018",SL28,Washed / Wet,7.75,7.58,7.5,7.58,7.75,7.75,7.83,83.75,0.11,0,Green,2,1800.0,Premium (Arabica),Select Harvest KEN,83.75,83.95712179616766,Premium,Premium,Sí
Arabica,ipanema coffees,Brazil,south of minas,320,60 kg,Brazil Specialty Coffee Association,"October 20th, 2017",Bourbon,Natural / Dry,7.67,7.67,7.58,7.75,7.67,7.67,7.75,83.75,0.11,0,Green,5,890.0,Baja (Arabica),Private Reserve IPA,83.75,82.55968362231135,Premium,Premium,Sí
Arabica,carcafe ltda ci,Colombia,huila,275,70 kg,Almacafé,"September 28th, 2017",Caturra,Washed / Wet,7.83,7.83,7.58,7.58,7.58,7.58,7.75,83.75,0.11,0,Green,1,442.0,Baja (Arabica),Mill CAR,83.75,83.44782988699357,Premium,Premium,Sí
Arabica,"lin, che-hao krude 林哲豪",Taiwan,Other,10,10 kg,Specialty Coffee Association,"June 6th, 2017",Typica,Natural / Dry,7.67,7.67,7.58,7.58,7.67,7.83,7.75,83.75,0.0,0,Green,0,750.0,Baja (Arabica),Heritage LIN,83.75,81.9147386795548,Premium,Estándar,No
Arabica,racafe & cia s.c.a,Colombia,huila,275,70 kg,Almacafé,"February 15th, 2017",Caturra,Washed / Wet,7.92,7.75,7.5,7.67,7.75,7.5,7.67,83.75,0.0,1,Green,4,1750.0,Alta (Arabica),Heritage RAC,83.75,83.65030877219057,Premium,Premium,Sí
Arabica,yunnan coffee exchange,China,yunnan,3,60 kg,Yunnan Coffee Exchange,"April 6th, 2016",Catimor,Washed / Wet,7.83,7.75,7.67,7.5,7.58,7.67,7.75,83.75,0.1,0,Green,2,1650.0,Alta (Arabica),Private Reserve YUN,83.75,83.64991638253197,Premium,Premium,Sí
Arabica,carcafe ltda ci,Colombia,huila,250,70 kg,Almacafé,"November 27th, 2015",Caturra,Natural / Dry,7.75,7.67,7.5,7.67,7.58,7.83,7.75,83.75,0.0,0,Green,0,442.0,Baja (Arabica),Mill CAR,83.75,83.12573955288,Premium,Premium,Sí
Arabica,nile highland arabica coffee farmers,Uganda,Other,320,60 kg,Uganda Coffee Development Authority,"June 30th, 2014",Bourbon,Natural / Dry,8.0,7.92,7.58,7.75,7.33,7.5,7.67,83.75,0.12,0,Green,0,1400.0,Media (Arabica),Mill NIL,83.75,83.64983214666044,Premium,Premium,Sí
Arabica,german negron,Other,Other,18,5 lbs,Specialty Coffee Association,"June 9th, 2014",Other,Washed / Wet,7.83,7.83,7.83,7.67,8.0,8.17,7.75,83.75,0.12,0,Green,1,260.12851200000006,Baja (Arabica),Origins GER,83.75,80.71299295940373,Premium,Estándar,No
Arabica,racafe & cia s.c.a,Colombia,huila,100,70 kg,Almacafé,"February 5th, 2014",Caturra,Washed / Wet,7.67,7.67,7.67,7.92,7.5,7.67,7.67,83.75,0.0,0,Green,5,1775.0,Alta (Arabica),Heritage RAC,83.75,83.74790080486181,Premium,Premium,Sí
Arabica,olam agro colombia,Colombia,huila,250,70 kg,Almacafé,"January 24th, 2014",Other,Washed / Wet,7.67,7.42,7.42,7.42,8.0,8.33,7.5,83.75,0.0,0,Green,3,1550.0,Alta (Arabica),Private Reserve OLA,83.75,83.64980444536306,Premium,Premium,Sí
Arabica,exportadora de cafe condor s.a,Colombia,huila,250,70 kg,Almacafé,"November 22nd, 2013",Caturra,Washed / Wet,7.58,7.67,7.75,7.67,7.67,7.67,7.75,83.75,0.0,0,Blue-Green,1,1750.0,Alta (Arabica),Heritage EXP,83.75,83.64998308649446,Premium,Premium,Sí
Arabica,exportadora de cafe condor s.a,Colombia,huila,275,70 kg,Almacafé,"August 27th, 2013",Caturra,Washed / Wet,7.75,7.67,7.75,7.58,7.42,8.0,7.58,83.75,0.11,0,Green,3,1750.0,Alta (Arabica),Heritage EXP,83.75,83.13470559126405,Premium,Premium,Sí
Arabica,kona pacific farmers cooperative,United States (Hawaii),kona,12,100 lbs,Specialty Coffee Association,"May 2nd, 2013",Hawaiian Kona,Natural / Dry,7.25,7.42,7.67,7.58,7.83,8.25,7.75,83.75,0.0,0,Blue-Green,0,157.93516800000003,Baja (Arabica),Private Reserve KON,83.75,83.38655935337063,Premium,Premium,Sí
Arabica,saul m. hernandez ramirez,Mexico,Other,10,1 kg,AMECAFE,"September 27th, 2012",Caturra,Natural / Dry,7.83,7.58,7.58,7.5,7.75,7.67,7.83,83.75,0.13,5,Green,5,700.0,Baja (Arabica),Origins SAU,83.75,82.11069279518013,Premium,Estándar,No
Arabica,the coffee source inc.,Guatemala,Other,250,3 lbs,Specialty Coffee Association,"May 24th, 2012",Caturra,Washed / Wet,7.67,7.58,7.58,7.67,7.75,7.75,7.75,83.75,0.11,0,Blue-Green,1,1300.0,Media (Arabica),Origins THE,83.75,83.20941989265765,Premium,Premium,Sí
Arabica,carcafe ltda ci,Colombia,cauca,275,70 kg,Almacafé,"April 20th, 2011",Caturra,Washed / Wet,7.83,7.83,7.58,7.33,7.42,7.67,8.08,83.75,0.1,0,Green,1,1600.0,Alta (Arabica),Mill CAR,83.75,83.59388177645302,Premium,Premium,Sí
Arabica,exportadora de cafe condor s.a,Colombia,cundinamarca,250,70 kg,Almacafé,"February 9th, 2011",Caturra,Washed / Wet,7.75,7.67,7.25,7.25,7.58,8.5,7.75,83.75,0.06,0,Green,1,1600.0,Alta (Arabica),Heritage EXP,83.75,83.54680995489772,Premium,Premium,Sí
Arabica,kona pacific farmers cooperative,United States (Hawaii),kona,4,1,Specialty Coffee Association,"June 29th, 2010",Hawaiian Kona,Natural / Dry,7.83,7.67,7.75,7.67,7.58,7.5,7.75,83.75,0.0,0,Blue-Green,0,157.93516800000003,Baja (Arabica),Private Reserve KON,83.75,83.38655935337063,Premium,Premium,Sí
Arabica,ipanema coffees,Brazil,south of minas,320,60 kg,Brazil Specialty Coffee Association,"October 20th, 2017",Bourbon,Natural / Dry,7.67,7.83,7.5,7.67,7.67,7.5,7.83,83.67,0.11,0,Green,2,890.0,Baja (Arabica),Private Reserve IPA,83.67,82.6326778182912,Premium,Premium,Sí
Arabica,kennedy macharia,Kenya,Other,200,60 kg,Kenya Coffee Traders Association,"September 1st, 2017",SL28,Washed / Wet,8.08,7.67,7.67,7.58,7.25,7.67,7.75,83.67,0.11,0,Blue-Green,0,1700.0,Alta (Arabica),Select Harvest KEN,83.67,84.0575478509963,Premium,Premium,Sí
Arabica,bismarck castro,Honduras,comayagua,285,69 kg,Instituto Hondureño del Café,"May 11th, 2017",Caturra,Washed / Wet,7.5,7.5,7.67,7.67,8.0,8.0,7.33,83.67,0.1,0,Green,2,1400.0,Media (Arabica),Heritage BIS,83.67,82.51977824118853,Premium,Premium,Sí
Arabica,"comercial internacional exportadora, s.a.",Nicaragua,jinotega,275,69 kg,Instituto Hondureño del Café,"May 11th, 2017",Caturra,Washed / Wet,7.67,7.75,7.67,7.67,7.83,7.58,7.5,83.67,0.1,0,Green,3,1250.0,Media (Arabica),Private Reserve COM,83.67,81.68549197500057,Premium,Estándar,No
Arabica,ipanema coffees,Brazil,south of minas,320,60 kg,Brazil Specialty Coffee Association,"August 16th, 2016",Bourbon,Natural / Dry,7.58,7.75,7.58,7.75,7.58,7.58,7.83,83.67,0.11,0,Green,3,934.0,Baja (Arabica),Private Reserve IPA,83.67,82.64793673290511,Premium,Premium,Sí
Arabica,"lin, che-hao krude 林哲豪",Taiwan,Other,20,50 kg,Specialty Coffee Association,"May 18th, 2016",Caturra,Natural / Dry,7.5,7.67,7.33,7.92,7.83,7.67,7.75,83.67,0.1,0,Blue-Green,0,1200.0,Media (Arabica),Heritage LIN,83.67,83.56978394808606,Premium,Premium,Sí
Arabica,"ceca, s.a.",Costa Rica,Other,275,69 kg,Specialty Coffee Association of Costa Rica,"March 14th, 2016",Caturra,Washed / Wet,7.33,7.67,7.67,7.5,7.67,7.5,8.33,83.67,0.11,0,Blue-Green,1,1350.0,Media (Arabica),Select Harvest CEC,83.67,83.2005055840494,Premium,Premium,Sí
Arabica,doi tung development project,Thailand,thailand,1,1 kg,Specialty Coffee Association,"June 9th, 2015",Caturra,Washed / Wet,7.5,7.75,7.58,7.83,7.67,7.58,7.75,83.67,0.12,0,Blue-Green,0,800.0,Baja (Arabica),Origins DOI,83.67,82.63069745011191,Premium,Premium,Sí
Arabica,rob stephen,Colombia,huila,100,2 lbs,Specialty Coffee Association,"November 21st, 2014",Caturra,Washed / Wet,7.5,7.75,7.5,7.75,7.67,7.67,7.83,83.67,0.11,0,Green,4,1625.0,Alta (Arabica),Heritage ROB,83.67,83.1020846213931,Premium,Premium,Sí
Arabica,juan luis alvarado romero,Guatemala,huehuetenango,275,69 kg,Asociacion Nacional Del Café,"February 27th, 2014",Bourbon,Washed / Wet,8.0,7.5,7.33,8.0,8.0,8.0,7.5,83.67,0.1,0,Green,0,413.5114310400001,Baja (Arabica),Mill JUA,83.67,83.31327738420602,Premium,Premium,Sí
Arabica,exportadora de cafe condor s.a,Colombia,Other,250,70 kg,Almacafé,"October 29th, 2013",Caturra,Washed / Wet,7.83,7.75,7.67,7.58,7.58,7.67,7.58,83.67,0.0,0,Green,3,1750.0,Alta (Arabica),Heritage EXP,83.67,83.63762784263889,Premium,Premium,Sí
Arabica,racafe & cia s.c.a,Colombia,huila,250,70 kg,Almacafé,"August 16th, 2013",Caturra,Washed / Wet,7.67,7.67,7.67,7.67,7.33,7.75,7.92,83.67,0.0,0,Green,1,1900.0,Premium (Arabica),Heritage RAC,83.67,83.674049661907,Premium,Premium,Sí
Arabica,juan luis alvarado romero,Guatemala,oriente,250,69 kg,Asociacion Nacional Del Café,"May 30th, 2013",Bourbon,Washed / Wet,7.67,7.67,7.42,7.67,8.0,7.75,7.5,83.67,0.12,1,Green,3,399.4830720000001,Baja (Arabica),Mill JUA,83.67,81.65563891583123,Premium,Estándar,No
Arabica,juan luis alvarado romero,Guatemala,oriente,250,69 kg,Asociacion Nacional Del Café,"February 26th, 2013",Bourbon,Washed / Wet,7.83,7.67,7.33,7.67,7.67,7.83,7.67,83.67,0.11,0,Green,2,399.4830720000001,Baja (Arabica),Mill JUA,83.67,82.20528852034096,Premium,Estándar,No
Arabica,exportadora de cafe condor s.a,Colombia,huila,250,70 kg,Almacafé,"November 22nd, 2012",Caturra,Washed / Wet,7.75,7.75,7.58,7.83,7.17,7.75,7.83,83.67,0.11,0,Green,1,1750.0,Alta (Arabica),Heritage EXP,83.67,83.13111757525243,Premium,Premium,Sí
Arabica,the coffee source inc.,Guatemala,oriente,250,1 kg,Specialty Coffee Association,"August 23rd, 2012",Caturra,Natural / Dry,8.17,8.17,7.83,7.67,8.08,7.75,8.0,83.67,0.11,0,Green,1,1450.0,Media (Arabica),Origins THE,83.67,83.33712127307584,Premium,Premium,Sí
Arabica,juan luis alvarado romero,Guatemala,oriente,250,1 kg,Asociacion Nacional Del Café,"July 9th, 2012",Bourbon,Washed / Wet,7.67,8.17,7.5,7.42,7.58,7.83,7.5,83.67,0.11,0,Green,13,399.4830720000001,Baja (Arabica),Mill JUA,83.67,79.60468192617934,Premium,Estándar,No
Arabica,juan luis ortega carballo,Mexico,Other,48,1 kg,AMECAFE,"July 2nd, 2012",Typica,Washed / Wet,7.67,7.5,7.5,7.33,7.83,8.25,7.58,83.67,0.12,4,Green,11,1100.0,Media (Arabica),Private Reserve JUA,83.67,81.47859939023131,Premium,Estándar,No
Arabica,ekai international company ltd.,Indonesia,Other,10,60 kg,Specialty Coffee Association of Indonesia,"May 23rd, 2012",Typica,Washed / Wet,8.17,7.67,7.58,7.58,7.42,7.67,7.58,83.67,0.12,0,Green,0,1400.0,Media (Arabica),Select Harvest EKA,83.67,82.2369932633517,Premium,Estándar,No
Arabica,juan luis alvarado romero,Guatemala,Other,250,69 kg,Asociacion Nacional Del Café,"April 30th, 2012",Caturra,Washed / Wet,7.67,7.5,7.33,8.0,7.67,7.67,7.83,83.67,0.1,0,Green,0,464.5152000000001,Baja (Arabica),Mill JUA,83.67,83.18084014067125,Premium,Premium,Sí
Arabica,kona pacific farmers cooperative,United States (Hawaii),Other,3,100 lbs,Specialty Coffee Association,"April 21st, 2011",Hawaiian Kona,Natural / Dry,7.75,8.0,7.92,8.08,7.75,8.0,8.17,83.67,0.0,0,Blue-Green,0,157.93516800000003,Baja (Arabica),Private Reserve KON,83.67,83.1156314140918,Premium,Premium,Sí
Arabica,ipanema coffees,Brazil,south of minas,320,60 kg,Brazil Specialty Coffee Association,"October 20th, 2017",Bourbon,Natural / Dry,7.58,7.67,7.58,7.58,7.67,7.58,7.92,83.58,0.11,0,Green,5,890.0,Baja (Arabica),Private Reserve IPA,83.58,82.55968362231135,Premium,Premium,Sí
Arabica,juan luis alvarado romero,Guatemala,huehuetenango,275,69 kg,Asociacion Nacional Del Café,"July 5th, 2016",Caturra,Washed / Wet,7.75,7.75,7.5,7.83,7.58,7.58,7.58,83.58,0.11,0,Green,0,343.92705408,Baja (Arabica),Mill JUA,83.58,83.4799285588867,Premium,Premium,Sí
Arabica,racafe & cia s.c.a,Colombia,huila,275,70 kg,Almacafé,"April 15th, 2016",Caturra,Washed / Wet,7.75,7.75,7.58,7.58,7.67,7.58,7.67,83.58,0.11,0,Green,4,1750.0,Alta (Arabica),Heritage RAC,83.58,83.10503763547622,Premium,Premium,Sí
Arabica,yunnan coffee exchange,China,yunnan,3,60 kg,Yunnan Coffee Exchange,"April 6th, 2016",Catimor,Washed / Wet,7.67,7.58,7.58,7.58,7.67,7.75,7.75,83.58,0.1,0,Green,4,1100.0,Media (Arabica),Private Reserve YUN,83.58,83.0574851421653,Premium,Premium,Sí
Arabica,racafe & cia s.c.a,Colombia,huila,275,70 kg,Almacafé,"November 19th, 2015",Caturra,Washed / Wet,7.67,7.75,7.58,7.67,7.75,7.58,7.58,83.58,0.12,0,Green,3,1775.0,Alta (Arabica),Heritage RAC,83.58,83.00407264179975,Premium,Premium,Sí
Arabica,andreas kussmaul,Mexico,Other,275,2 kg,Asociación Mexicana De Cafés y Cafeterías De Especialidad A.C.,"May 12th, 2015",Caturra,Washed / Wet,7.75,7.75,7.58,7.58,7.5,7.67,7.75,83.58,0.12,1,Green,13,1200.0,Media (Arabica),Private Reserve AND,83.58,80.9601653997732,Premium,Estándar,No
Arabica,essencecoffee,Ethiopia,Other,250,60 kg,Blossom Valley International,"March 25th, 2015",Other,Washed / Wet,7.75,7.67,7.58,7.67,7.5,7.67,7.75,83.58,0.0,0,Green,7,1850.0,Premium (Arabica),Private Reserve ESS,83.58,84.84075698109011,Premium,Premium,Sí
Arabica,bulamburi coffee farmers association,Uganda,Other,100,60 kg,Uganda Coffee Development Authority,"June 27th, 2014",SL14,Washed / Wet,7.67,7.67,7.42,7.75,7.75,7.67,7.67,83.58,0.12,0,Green,5,1800.0,Premium (Arabica),Origins BUL,83.58,83.94196899264338,Premium,Premium,Sí
Arabica,compañia colombiana agroindustrial s.a,Colombia,cundinamarca,250,70 kg,Almacafé,"June 24th, 2014",Caturra,Natural / Dry,7.67,7.58,7.67,7.67,7.67,7.67,7.67,83.58,0.0,0,Green,0,1600.0,Alta (Arabica),Heritage COM,83.58,83.47975001317542,Premium,Premium,Sí
Arabica,compañia colombiana agroindustrial s.a,Colombia,santander,250,70 kg,Almacafé,"March 13th, 2014",Caturra,Washed / Wet,7.67,7.58,7.67,7.58,7.67,7.75,7.67,83.58,0.12,0,Green,1,1550.0,Alta (Arabica),Heritage COM,83.58,83.36306837251432,Premium,Premium,Sí
Arabica,compañia colombiana agroindustrial s.a,Colombia,santander,250,70 kg,Almacafé,"March 21st, 2014",Caturra,Washed / Wet,7.75,7.58,7.5,7.58,7.75,7.83,7.58,83.58,0.0,0,Green,0,1550.0,Alta (Arabica),Heritage COM,83.58,83.68038280243302,Premium,Premium,Sí
Arabica,cqi taiwan icp cqi台灣合作夥伴,Taiwan,Other,10,30 kg,Blossom Valley International,"December 26th, 2013",Typica,Other,7.75,7.75,7.75,7.75,7.5,7.58,7.5,83.58,0.11,0,Green,0,1000.0,Media (Arabica),Select Harvest CQI,83.58,81.83642833518063,Premium,Estándar,No
Arabica,racafe & cia s.c.a,Colombia,huila,275,70 kg,Almacafé,"August 31st, 2012",Caturra,Washed / Wet,7.67,7.67,7.58,7.67,7.75,7.58,7.67,83.58,0.11,0,Green,3,1775.0,Alta (Arabica),Heritage RAC,83.58,83.13434426937019,Premium,Premium,Sí
Arabica,alfredo bojalil,Mexico,Other,250,1 kg,AMECAFE,"June 6th, 2012",Typica,Washed / Wet,7.83,7.67,7.58,7.58,7.67,7.58,7.67,83.58,0.12,0,Green,2,1000.0,Media (Arabica),Origins ALF,83.58,81.80165059923797,Premium,Estándar,No
Arabica,carcafe ltda ci,Colombia,cundinamarca,250,70 kg,Almacafé,"April 2nd, 2012",Caturra,Natural / Dry,7.67,7.58,7.58,7.58,7.67,7.75,7.75,83.58,0.11,0,Green,4,2136.0,Premium (Arabica),Mill CAR,83.58,83.82980065806525,Premium,Premium,Sí
Arabica,nucoffee,Brazil,south of minas,33,60 kg,NUCOFFEE,"January 23rd, 2012",Catuai,Semi-Washed / Semi-Pulped,7.83,7.75,7.5,7.75,7.5,7.58,7.67,83.58,0.12,0,Blue-Green,2,1100.0,Media (Arabica),Heritage NUC,83.58,82.6994082258589,Premium,Premium,Sí
Arabica,carcafe ltda ci,Colombia,cundinamarca,50,70 kg,Almacafé,"February 20th, 2017",Caturra,Washed / Wet,7.75,7.58,7.58,7.75,7.75,7.5,7.58,83.5,0.0,0,Blue-Green,5,1799.0,Alta (Arabica),Mill CAR,83.5,83.40046416643463,Premium,Premium,Sí
Arabica,cqi taiwan icp cqi台灣合作夥伴,Taiwan,Other,1,10 kg,Blossom Valley International,"February 13th, 2017",Typica,Washed / Wet,7.58,7.58,7.17,7.17,7.0,7.0,10.0,83.5,0.11,0,Blue-Green,0,750.0,Baja (Arabica),Select Harvest CQI,83.5,82.06945676880824,Premium,Estándar,No
Arabica,"ceca, s.a.",Costa Rica,tarrazu,245,69 kg,Specialty Coffee Association of Costa Rica,"June 6th, 2016",Caturra,Washed / Wet,7.92,7.42,7.5,7.67,7.5,7.67,7.83,83.5,0.0,0,Blue-Green,0,1850.0,Premium (Arabica),Select Harvest CEC,83.5,83.73006423255032,Premium,Premium,Sí
Arabica,carcafe ltda ci,Colombia,Other,250,70 kg,Almacafé,"April 7th, 2016",Caturra,Natural / Dry,7.75,7.58,7.58,7.5,7.75,7.75,7.58,83.5,0.0,0,Green,0,1000.0,Media (Arabica),Mill CAR,83.5,83.07015340868456,Premium,Premium,Sí
Arabica,juan luis alvarado romero,Guatemala,oriente,250,69 kg,Asociacion Nacional Del Café,"March 16th, 2016",Bourbon,Washed / Wet,7.67,7.75,7.5,7.83,7.58,7.58,7.58,83.5,0.1,0,Blue-Green,5,371.61216,Baja (Arabica),Mill JUA,83.5,82.23015684395813,Premium,Estándar,No
Arabica,racafe & cia s.c.a,Colombia,huila,180,70 kg,Almacafé,"November 19th, 2015",Caturra,Washed / Wet,7.58,7.58,7.58,7.58,7.75,7.67,7.75,83.5,0.12,0,Green,4,1775.0,Alta (Arabica),Heritage RAC,83.5,82.97386981968191,Premium,Premium,Sí
Arabica,damari absalome,"Tanzania, United Republic Of",Other,5,60 kg,Africa Fine Coffee Association,"November 16th, 2015",Other,Washed / Wet,7.75,7.67,7.58,7.67,7.67,7.58,7.58,83.5,0.13,0,Green,21,1400.0,Media (Arabica),Mill DAM,83.5,80.68497752538518,Premium,Estándar,No
Arabica,aulia arif syahri,Indonesia,Other,200,30 kg,Specialty Coffee Association,"September 14th, 2015",Other,Semi-Washed / Semi-Pulped,7.25,7.67,7.58,7.92,7.83,7.58,7.67,83.5,0.13,0,Blue-Green,8,1500.0,Alta (Arabica),Origins AUL,83.5,82.67448324371499,Premium,Premium,Sí
Arabica,debesa agro industry plc,Ethiopia,Other,320,60 kg,METAD Agricultural Development plc,"March 31st, 2015",Other,Natural / Dry,7.67,7.75,7.5,7.58,7.75,7.67,7.58,83.5,0.1,1,Green,18,1600.0,Alta (Arabica),Select Harvest DEB,83.5,82.90291841104366,Premium,Premium,Sí
Arabica,federacion nacional de cafeteros,Colombia,huila,275,2 kg,Almacafé,"March 12th, 2015",Caturra,Washed / Wet,7.67,7.42,7.67,7.83,7.58,7.67,7.67,83.5,0.0,1,Green,0,1750.0,Alta (Arabica),Select Harvest FED,83.5,83.4700679018991,Premium,Premium,Sí
Arabica,exportadora de cafe condor s.a,Colombia,huila,275,70 kg,Almacafé,"January 22nd, 2015",Caturra,Washed / Wet,8.0,7.58,7.25,7.58,7.92,7.58,7.58,83.5,0.11,0,Green,0,1850.0,Premium (Arabica),Heritage EXP,83.5,83.08981072892973,Premium,Premium,Sí
Arabica,the coffee source inc.,Guatemala,Other,250,1 kg,Specialty Coffee Association of Costa Rica,"December 18th, 2014",Caturra,Washed / Wet,7.58,7.75,7.5,7.83,7.42,7.67,7.75,83.5,0.1,0,Green,0,1400.0,Media (Arabica),Origins THE,83.5,83.25124294237222,Premium,Premium,Sí
Arabica,compañia colombiana agroindustrial s.a,Colombia,cundinamarca,250,70 kg,Almacafé,"August 11th, 2014",Caturra,Washed / Wet,7.75,7.58,7.33,7.5,7.83,7.83,7.67,83.5,0.0,2,Green,0,1650.0,Alta (Arabica),Heritage COM,83.5,82.97889349570248,Premium,Premium,Sí
Arabica,Desconocido,Honduras,comayagua,275,1 kg,Instituto Hondureño del Café,"April 8th, 2014",Caturra,Natural / Dry,7.67,7.5,7.67,7.5,7.67,7.67,7.83,83.5,0.1,0,Green,3,1350.0,Media (Arabica),Private Reserve DES,83.5,82.69175888255572,Premium,Premium,Sí
Arabica,exportadora de cafe condor s.a,Colombia,huila,250,70 kg,Almacafé,"April 26th, 2013",Caturra,Washed / Wet,7.58,7.75,7.42,7.67,7.75,7.67,7.67,83.5,0.0,1,Green,1,1750.0,Alta (Arabica),Heritage EXP,83.5,83.54064245173642,Premium,Premium,Sí
Arabica,exportadora de cafe condor s.a,Colombia,huila,250,70 kg,Almacafé,"May 24th, 2013",Caturra,Washed / Wet,7.58,7.67,7.58,7.75,7.58,7.75,7.58,83.5,0.11,0,Green,2,1750.0,Alta (Arabica),Heritage EXP,83.5,83.14310938028295,Premium,Premium,Sí
Arabica,manuel herrera juarez,Mexico,Other,10,1 kg,AMECAFE,"August 31st, 2012",Bourbon,Natural / Dry,7.83,7.58,7.25,7.5,7.5,7.42,8.42,83.5,0.13,0,Green,14,1170.0,Media (Arabica),Mill MAN,83.5,81.34637438566321,Premium,Estándar,No
Arabica,miguel cortes moreno,Mexico,Other,10,1 kg,AMECAFE,"August 30th, 2012",Typica,Semi-Washed / Semi-Pulped,7.67,7.75,7.67,7.75,7.58,7.5,7.58,83.5,0.11,0,Green,12,940.0,Baja (Arabica),Mill MIG,83.5,81.69599330436094,Premium,Estándar,No
Arabica,gabriel bernardo rivas ross,Mexico,Other,15,1 kg,AMECAFE,"July 11th, 2012",Other,Washed / Wet,7.75,7.67,7.67,7.75,7.33,7.5,7.83,83.5,0.12,0,Green,0,1400.0,Media (Arabica),Select Harvest GAB,83.5,82.70535543770521,Premium,Premium,Sí
Arabica,juan luis alvarado romero,Guatemala,Other,275,69 kg,Asociacion Nacional Del Café,"April 30th, 2012",Caturra,Washed / Wet,7.83,7.5,7.5,8.0,7.67,7.5,7.5,83.5,0.1,0,Green,5,464.5152000000001,Baja (Arabica),Mill JUA,83.5,82.69200559816055,Premium,Premium,Sí
Arabica,racafe & cia s.c.a,Colombia,huila,175,70 kg,Almacafé,"February 9th, 2012",Caturra,Washed / Wet,7.67,7.58,7.58,7.67,7.67,7.67,7.67,83.5,0.11,0,Green,0,1775.0,Alta (Arabica),Heritage RAC,83.5,83.09729895855493,Premium,Premium,Sí
Arabica,felipe isaza,Guatemala,oriente,250,2 kg,Specialty Coffee Association,"February 1st, 2012",Bourbon,Washed / Wet,7.5,7.5,7.75,7.5,8.0,7.67,7.58,83.5,0.0,3,Green,12,427.353984,Baja (Arabica),Private Reserve FEL,83.5,81.7375134321797,Premium,Estándar,No
Arabica,kona pacific farmers cooperative,United States (Hawaii),Other,14,100 lbs,Specialty Coffee Association,"March 8th, 2011",Hawaiian Kona,Natural / Dry,7.5,7.67,7.58,7.92,7.58,7.67,7.58,83.5,0.01,0,Blue-Green,0,157.93516800000003,Baja (Arabica),Private Reserve KON,83.5,83.18619078558315,Premium,Premium,Sí
Arabica,specialty coffee association of indonesia,Indonesia,Other,10,60 kg,Specialty Coffee Association of Indonesia,"November 29th, 2010",Other,Washed / Wet,7.83,7.58,7.58,7.58,7.75,7.58,7.58,83.5,0.0,0,Blue-Green,0,1600.0,Alta (Arabica),Select Harvest SPE,83.5,83.79681292331388,Premium,Premium,Sí
Arabica,carcafe ltda ci,Colombia,huila,300,29 kg,Almacafé,"November 9th, 2017",Caturra,Washed / Wet,7.5,7.58,7.58,7.5,7.75,7.83,7.67,83.42,0.0,0,Green,1,439.0,Baja (Arabica),Mill CAR,83.42,83.2707902973075,Premium,Premium,Sí
Arabica,juan luis alvarado romero,Guatemala,san marcos,50,69 kg,Asociacion Nacional Del Café,"August 23rd, 2017",Bourbon,Washed / Wet,7.67,7.75,7.5,7.58,7.58,7.67,7.67,83.42,0.1,0,Green,3,1700.0,Alta (Arabica),Mill JUA,83.42,82.45054999659368,Premium,Estándar,No
Arabica,carcafe ltda ci,Colombia,huila,600,29 kg,Almacafé,"May 10th, 2017",Caturra,Washed / Wet,7.67,7.67,7.5,7.67,7.67,7.58,7.67,83.42,0.11,0,Green,2,442.0,Baja (Arabica),Mill CAR,83.42,83.3970621754979,Premium,Premium,Sí
Arabica,"ceca, s.a.",Costa Rica,tarrazu,275,69 kg,Specialty Coffee Association of Costa Rica,"February 17th, 2017",Caturra,Washed / Wet,7.58,7.5,7.42,7.92,7.5,7.67,7.83,83.42,0.09,0,Blue-Green,4,1850.0,Premium (Arabica),Select Harvest CEC,83.42,83.54721575979005,Premium,Premium,Sí
Arabica,cqi taiwan icp cqi台灣合作夥伴,Taiwan,Other,1,10 kg,Blossom Valley International,"February 13th, 2017",Typica,Washed / Wet,7.67,7.67,7.0,7.08,7.0,7.0,10.0,83.42,0.11,0,Blue-Green,0,750.0,Baja (Arabica),Select Harvest CQI,83.42,82.06945676880824,Premium,Estándar,No
Arabica,bugisu cooperative union,Uganda,Other,20,1218 kg,Uganda Coffee Development Authority,"July 21st, 2016",SL14,Washed / Wet,7.58,7.75,7.33,7.75,7.67,7.58,7.75,83.42,0.11,0,Green,1,1800.0,Premium (Arabica),Private Reserve BUG,83.42,84.35930190854363,Premium,Premium,Sí
Arabica,松澤宏樹 koju matsuzawa,Thailand,thailand,500,25 kg,Specialty Coffee Institute of Asia,"June 27th, 2016",Catimor,Washed / Wet,7.5,7.58,7.75,7.5,7.75,7.67,7.67,83.42,0.13,0,Blue-Green,0,1200.0,Media (Arabica),Mill 松澤宏,83.42,82.66713099838302,Premium,Premium,Sí
Arabica,consejo salvadoreño del café,El Salvador,Other,275,69 kg,Salvadoran Coffee Council,"April 25th, 2016",Bourbon,Washed / Wet,7.58,7.5,7.75,7.58,7.75,7.67,7.58,83.42,0.11,0,Green,0,1330.0,Media (Arabica),Heritage CON,83.42,82.99782417635205,Premium,Premium,Sí
Arabica,carcafe ltda ci,Colombia,huila,275,70 kg,Almacafé,"April 29th, 2015",Caturra,Natural / Dry,7.58,7.67,7.58,7.67,7.58,7.67,7.67,83.42,0.12,4,Green,0,442.0,Baja (Arabica),Mill CAR,83.42,83.22695257856525,Premium,Premium,Sí
Arabica,bourbon specialty coffees,Brazil,Other,300,60 kg,Brazil Specialty Coffee Association,"January 15th, 2015",Yellow Bourbon,Semi-Washed / Semi-Pulped,7.33,7.83,7.75,7.5,7.42,7.83,7.75,83.42,0.12,0,Green,6,1000.0,Media (Arabica),Origins BOU,83.42,82.27541399667129,Premium,Estándar,No
Arabica,ngila estate ltd,"Tanzania, United Republic Of",Other,39,60 kg,Africa Fine Coffee Association,"December 12th, 2014",Bourbon,Washed / Wet,7.75,7.67,7.58,7.67,7.58,7.58,7.58,83.42,0.13,0,Green,4,1600.0,Alta (Arabica),Origins NGI,83.42,82.05097332332588,Premium,Estándar,No
Arabica,compañia colombiana agroindustrial s.a,Colombia,huila,250,70 kg,Almacafé,"October 15th, 2014",Caturra,Washed / Wet,7.58,7.58,7.25,7.75,7.75,8.58,7.58,83.42,0.12,0,Green,1,1813.0,Premium (Arabica),Heritage COM,83.42,83.00185083019186,Premium,Premium,Sí
Arabica,juan luis alvarado romero,Guatemala,oriente,250,69 kg,Asociacion Nacional Del Café,"August 21st, 2014",Bourbon,Natural / Dry,7.75,7.83,7.33,7.83,7.5,7.67,7.5,83.42,0.1,0,Green,1,371.61216,Baja (Arabica),Mill JUA,83.42,83.25072973307522,Premium,Premium,Sí
Arabica,juan luis alvarado romero,Guatemala,antigua,250,69 kg,Asociacion Nacional Del Café,"February 18th, 2014",Caturra,Washed / Wet,7.67,7.75,7.5,7.83,7.58,7.5,7.58,83.42,0.1,0,Green,2,1500.0,Alta (Arabica),Mill JUA,83.42,83.31984031409658,Premium,Premium,Sí
Arabica,juan luis alvarado romero,Guatemala,oriente,250,69 kg,Asociacion Nacional Del Café,"July 16th, 2013",Bourbon,Washed / Wet,7.67,7.5,7.75,7.42,7.75,7.75,7.58,83.42,0.11,0,Green,0,399.4830720000001,Baja (Arabica),Mill JUA,83.42,82.5482824947272,Premium,Premium,Sí
Arabica,kona pacific farmers cooperative,United States (Hawaii),kona,13,100 lbs,Specialty Coffee Association,"January 24th, 2013",Hawaiian Kona,Natural / Dry,7.42,7.75,7.67,7.58,7.67,7.67,7.67,83.42,0.0,0,Green,2,157.93516800000003,Baja (Arabica),Private Reserve KON,83.42,82.84657250308712,Premium,Premium,Sí
Arabica,exportadora de cafe condor s.a,Colombia,cundinamarca,250,70 kg,Almacafé,"June 26th, 2012",Caturra,Washed / Wet,7.5,7.75,7.58,7.5,7.67,7.75,7.67,83.42,0.11,0,Green,2,1450.0,Media (Arabica),Heritage EXP,83.42,83.1024116048697,Premium,Premium,Sí
Arabica,federacion nacional de cafeteros,Colombia,huila,250,70 kg,Almacafé,"February 1st, 2011",Caturra,Washed / Wet,7.58,7.58,7.58,7.67,7.75,7.67,7.58,83.42,0.1,1,Green,3,1750.0,Alta (Arabica),Select Harvest FED,83.42,83.17674495950097,Premium,Premium,Sí
Arabica,kona pacific farmers cooperative,United States (Hawaii),kona,12,60 kg,Specialty Coffee Association,"December 27th, 2010",Hawaiian Kona,Natural / Dry,7.5,7.92,7.42,7.67,7.83,7.58,7.5,83.42,0.01,0,Blue-Green,0,157.93516800000003,Baja (Arabica),Private Reserve KON,83.42,83.43670784812556,Premium,Premium,Sí
Arabica,doi tung development project,Thailand,Other,4,1 lbs,Specialty Coffee Association,"April 13th, 2010",Other,Washed / Wet,7.58,7.25,7.5,7.92,7.92,7.42,7.83,83.42,0.11,0,Blue-Green,0,800.0,Baja (Arabica),Origins DOI,83.42,82.35576682220507,Premium,Estándar,No
Arabica,grounds for health admin,Mexico,Other,6,6,Specialty Coffee Association,"May 26th, 2010",Typica,Washed / Wet,7.25,7.88,7.38,7.63,7.5,8.75,8.0,83.38,0.09,2,Green,4,1050.0,Media (Arabica),Mill GRO,83.38,81.85676415438371,Premium,Estándar,No
Arabica,exportadora de cafe condor s.a,Colombia,huila,275,70 kg,Almacafé,"November 8th, 2016",Caturra,Washed / Wet,7.75,7.5,7.75,7.58,7.58,7.58,7.58,83.33,0.0,0,Green,0,1650.0,Alta (Arabica),Heritage EXP,83.33,83.55564769898744,Premium,Premium,Sí
Arabica,racafe & cia s.c.a,Colombia,Other,130,70 kg,Almacafé,"June 15th, 2016",Caturra,Washed / Wet,7.67,7.58,7.58,7.42,7.67,7.75,7.67,83.33,0.0,0,Blue-Green,0,1750.0,Alta (Arabica),Heritage RAC,83.33,83.5785592586538,Premium,Premium,Sí
Arabica,racafe & cia s.c.a,Colombia,huila,275,70 kg,Almacafé,"May 5th, 2016",Caturra,Washed / Wet,7.83,7.58,7.58,7.58,7.5,7.58,7.67,83.33,0.0,1,Green,2,1750.0,Alta (Arabica),Heritage RAC,83.33,83.59514163195873,Premium,Premium,Sí
Arabica,ipanema coffees,Brazil,south of minas,10,2 kg,Specialty Coffee Association,"October 12th, 2015",Catuai,Semi-Washed / Semi-Pulped,7.5,7.83,7.33,7.58,7.58,7.92,7.58,83.33,0.1,1,Green,5,1227.0,Media (Arabica),Private Reserve IPA,83.33,82.75749673663475,Premium,Premium,Sí
Arabica,andreas kussmaul,Mexico,chiapas,275,1 kg,Asociación Mexicana De Cafés y Cafeterías De Especialidad A.C.,"July 14th, 2015",Caturra,Washed / Wet,7.75,7.75,7.5,7.67,7.5,7.58,7.58,83.33,0.12,0,Green,2,1200.0,Media (Arabica),Private Reserve AND,83.33,82.10939941705782,Premium,Estándar,No
Arabica,exportadora de cafe condor s.a,Colombia,santander,275,70 kg,Almacafé,"April 8th, 2015",Caturra,Washed / Wet,7.67,7.75,7.42,7.83,7.83,7.42,7.42,83.33,0.11,0,Green,1,1650.0,Alta (Arabica),Heritage EXP,83.33,83.52809707704016,Premium,Premium,Sí
Arabica,afca,"Tanzania, United Republic Of",Other,10,60 kg,Africa Fine Coffee Association,"December 12th, 2014",Other,Semi-Washed / Semi-Pulped,7.75,7.58,7.67,7.58,7.58,7.58,7.58,83.33,0.12,0,Green,6,1700.0,Alta (Arabica),Private Reserve AFC,83.33,83.03223723698449,Premium,Premium,Sí
Arabica,j.andrade,Mexico,veracruz,200,1 kg,AMECAFE,"July 15th, 2014",Other,Washed / Wet,7.67,7.67,7.58,7.67,7.5,7.58,7.67,83.33,0.12,0,Green,0,1100.0,Media (Arabica),Private Reserve J.A,83.33,82.16376008837908,Premium,Estándar,No
Arabica,the coffee source inc.,Costa Rica,Other,250,3 lbs,Specialty Coffee Association,"April 7th, 2014",Caturra,Washed / Wet,7.67,7.67,7.42,7.67,7.67,7.67,7.58,83.33,0.12,0,Green,3,1300.0,Media (Arabica),Origins THE,83.33,82.5800474696827,Premium,Premium,Sí
Arabica,eileen koyanagi,United States (Hawaii),kona,12,100 lbs,Specialty Coffee Association,"February 25th, 2014",Hawaiian Kona,Natural / Dry,7.83,7.58,7.83,7.67,7.92,8.0,7.83,83.33,0.11,0,Blue-Green,1,157.93516800000003,Baja (Arabica),Select Harvest EIL,83.33,82.81242576494522,Premium,Premium,Sí
Arabica,eric thormaehlen,Costa Rica,Other,250,1 kg,Specialty Coffee Association of Costa Rica,"February 14th, 2014",Catuai,Washed / Wet,7.5,7.67,7.67,7.5,7.83,7.17,8.0,83.33,0.11,0,Green,3,1200.0,Media (Arabica),Heritage ERI,83.33,82.72909377151011,Premium,Premium,Sí
Arabica,dane loraas,Peru,Other,280,5 lbs,Specialty Coffee Association,"January 21st, 2014",Caturra,Washed / Wet,7.83,7.75,7.58,7.83,7.92,7.58,7.5,83.33,0.12,0,Green,5,1300.0,Media (Arabica),Heritage DAN,83.33,82.36921200224855,Premium,Estándar,No
Arabica,itiah coffee llc,Other,Other,2,4 lbs,Specialty Coffee Association,"October 3rd, 2013",Typica,Washed / Wet,7.58,7.5,7.67,7.5,7.83,7.42,7.83,83.33,0.11,0,Green,4,390.19276800000006,Baja (Arabica),Heritage ITI,83.33,81.05708763884283,Premium,Estándar,No
Arabica,carcafe ltda ci,Colombia,Other,250,70 kg,Almacafé,"April 26th, 2013",Caturra,Natural / Dry,7.67,7.67,7.5,7.67,7.92,7.42,7.5,83.33,0.11,0,Green,1,1000.0,Media (Arabica),Mill CAR,83.33,83.14063679127477,Premium,Premium,Sí
Arabica,juan luis alvarado romero,Guatemala,oriente,250,69 kg,Asociacion Nacional Del Café,"February 26th, 2013",Bourbon,Washed / Wet,7.83,7.67,7.17,7.67,7.67,7.67,7.67,83.33,0.11,0,Green,3,399.4830720000001,Baja (Arabica),Mill JUA,83.33,81.99920519443428,Premium,Estándar,No
Arabica,kona pacific farmers cooperative,United States (Hawaii),kona,7,100 lbs,Specialty Coffee Association,"January 24th, 2013",Hawaiian Kona,Natural / Dry,7.92,7.5,7.58,7.83,7.67,7.67,7.83,83.33,0.1,0,Blue-Green,4,157.93516800000003,Baja (Arabica),Private Reserve KON,83.33,82.72246116525919,Premium,Premium,Sí
Arabica,steven kil,Other,Other,220,60 kg,Specialty Coffee Association,"August 29th, 2012",Bourbon,Washed / Wet,7.75,7.67,7.33,7.5,7.5,7.75,7.83,83.33,0.0,0,Green,5,1880.0,Premium (Arabica),Private Reserve STE,83.33,83.14660554627072,Premium,Premium,Sí
Arabica,exportadora de cafe condor s.a,Colombia,huila,250,70 kg,Almacafé,"May 30th, 2012",Caturra,Washed / Wet,7.5,7.67,7.67,7.58,7.67,7.58,7.67,83.33,0.0,0,Green,1,1750.0,Alta (Arabica),Heritage EXP,83.33,83.64853651086844,Premium,Premium,Sí
Arabica,kona pacific farmers cooperative,United States (Hawaii),kona,27,100 lbs,Specialty Coffee Association,"September 20th, 2011",Hawaiian Kona,Natural / Dry,8.08,7.83,7.83,7.75,7.67,7.58,7.92,83.33,0.01,0,Blue-Green,0,157.93516800000003,Baja (Arabica),Private Reserve KON,83.33,83.43670784812556,Premium,Premium,Sí
Arabica,kona pacific farmers cooperative,United States (Hawaii),Other,25,100 lbs,Specialty Coffee Association,"February 24th, 2011",Hawaiian Kona,Natural / Dry,7.58,7.67,7.58,7.5,7.83,7.67,7.5,83.33,0.0,0,Blue-Green,0,157.93516800000003,Baja (Arabica),Private Reserve KON,83.33,83.1156314140918,Premium,Premium,Sí
Arabica,cafe de don balbino s.c. de r.l. de c.v.,Mexico,Other,50,50 kg,Centro Agroecológico del Café A.C.,"March 7th, 2017",Typica,Washed / Wet,7.67,7.83,7.42,7.83,7.33,7.5,7.67,83.25,0.11,0,Blue-Green,0,1600.0,Alta (Arabica),Heritage CAF,83.25,82.73156659573198,Premium,Premium,Sí
Arabica,troy quimby,Costa Rica,tarrazu,29,46 kg,Specialty Coffee Association,"January 30th, 2017",Catuai,Pulped Natural / Honey,7.5,7.5,7.83,7.5,7.67,7.67,7.58,83.25,0.11,0,Green,0,1900.0,Premium (Arabica),Private Reserve TRO,83.25,83.26851001076483,Premium,Premium,Sí
Arabica,rodrigo soto,Costa Rica,tarrazu,275,69 kg,Specialty Coffee Association of Costa Rica,"September 20th, 2016",Caturra,Washed / Wet,7.83,7.5,7.42,7.67,7.5,7.67,7.67,83.25,0.11,0,Green,0,1300.0,Media (Arabica),Select Harvest ROD,83.25,83.15017710497955,Premium,Premium,Sí
Arabica,juan luis alvarado romero,Guatemala,Other,275,0 kg,Asociacion Nacional Del Café,"August 12th, 2016",Pacas,Washed / Wet,7.5,7.58,7.42,7.83,7.67,7.58,7.67,83.25,0.11,0,Green,7,2100.0,Premium (Arabica),Mill JUA,83.25,82.80037446491814,Premium,Premium,Sí
Arabica,kawacom uganda ltd,Uganda,Other,150,9000 kg,Uganda Coffee Development Authority,"May 19th, 2016",SL14,Washed / Wet,7.5,7.67,7.67,7.42,7.67,7.67,7.67,83.25,0.12,0,Green,1,1675.0,Alta (Arabica),Mill KAW,83.25,84.05842243886596,Premium,Premium,Sí
Arabica,bourbon specialty coffees,Brazil,Other,300,60 kg,Brazil Specialty Coffee Association,"January 12th, 2016",Bourbon,Natural / Dry,7.58,7.67,7.42,7.5,7.67,7.42,8.0,83.25,0.12,0,Green,4,1000.0,Media (Arabica),Origins BOU,83.25,82.11695451798319,Premium,Estándar,No
Arabica,carcafe ltda ci,Colombia,huila,304,35 kg,Almacafé,"November 27th, 2015",Caturra,Natural / Dry,7.58,7.67,7.67,7.17,7.75,7.83,7.58,83.25,0.0,0,Green,2,442.0,Baja (Arabica),Mill CAR,83.25,83.1566076161542,Premium,Premium,Sí
Arabica,productos y servicios chilindron s.a. de c.v.,Mexico,Other,11,2 kg,Asociación Mexicana De Cafés y Cafeterías De Especialidad A.C.,"July 14th, 2015",Typica,Natural / Dry,7.83,7.75,7.5,7.58,7.58,7.58,7.42,83.25,0.12,0,Blue-Green,2,1261.0,Media (Arabica),Mill PRO,83.25,83.15023632379432,Premium,Premium,Sí
Arabica,"lin, che-hao krude 林哲豪",Taiwan,Other,10,15 kg,Specialty Coffee Association,"June 18th, 2015",Bourbon,Washed / Wet,7.67,7.5,7.5,7.5,7.67,7.83,7.58,83.25,0.1,0,Blue-Green,0,1000.0,Media (Arabica),Heritage LIN,83.25,83.07410476744204,Premium,Premium,Sí
Arabica,cqi taiwan icp cqi台灣合作夥伴,Taiwan,Other,10,60 kg,Blossom Valley International,"November 23rd, 2014",Typica,Washed / Wet,7.92,7.83,7.75,7.58,7.5,7.33,7.33,83.25,0.1,0,Green,0,800.0,Baja (Arabica),Select Harvest CQI,83.25,81.9235683808163,Premium,Estándar,No
Arabica,compañia colombiana agroindustrial s.a,Colombia,Other,250,70 kg,Almacafé,"June 24th, 2014",Caturra,Natural / Dry,7.58,7.58,7.5,7.58,7.58,7.75,7.67,83.25,0.0,0,Green,0,1483.0,Media (Arabica),Heritage COM,83.25,83.5855305213586,Premium,Premium,Sí
Arabica,juan luis alvarado romero,Guatemala,antigua,26,69 kg,Asociacion Nacional Del Café,"March 7th, 2014",Caturra,Washed / Wet,7.5,7.67,7.58,7.67,7.67,7.5,7.67,83.25,0.1,0,Green,1,1500.0,Alta (Arabica),Mill JUA,83.25,83.35490013900241,Premium,Premium,Sí
Arabica,exportadora de cafe condor s.a,Colombia,huila,275,70 kg,Almacafé,"August 2nd, 2013",Caturra,Washed / Wet,7.83,7.5,7.67,7.33,7.67,7.67,7.58,83.25,0.11,0,Green,1,1750.0,Alta (Arabica),Heritage EXP,83.25,83.13111757525243,Premium,Premium,Sí
Arabica,calixto guillen vazquez,Mexico,chiapas,200,1 kg,AMECAFE,"March 29th, 2013",Bourbon,Washed / Wet,7.58,7.75,7.5,7.5,7.58,7.58,7.75,83.25,0.12,0,Green,6,1300.0,Media (Arabica),Origins CAL,83.25,81.4981053738713,Premium,Estándar,No
Arabica,kona pacific farmers cooperative,United States (Hawaii),kona,11,100 lbs,Specialty Coffee Association,"March 21st, 2013",Hawaiian Kona,Natural / Dry,7.58,7.75,7.83,8.0,8.08,7.67,7.67,83.25,0.11,0,Blue-Green,4,157.93516800000003,Baja (Arabica),Private Reserve KON,83.25,82.59317907174996,Premium,Premium,Sí
Arabica,ernesto rodriguez luna,Mexico,veracruz,10,1 kg,AMECAFE,"August 1st, 2012",Mundo Novo,Washed / Wet,7.75,7.58,7.58,7.58,7.5,7.58,7.67,83.25,0.13,0,Green,7,1250.0,Media (Arabica),Private Reserve ERN,83.25,81.79976137287828,Premium,Estándar,No
Arabica,modesto landeros flores,Mexico,Other,54,1 kg,AMECAFE,"July 11th, 2012",Caturra,Washed / Wet,7.75,7.75,7.42,7.92,7.33,7.5,7.58,83.25,0.12,0,Blue-Green,0,1000.0,Media (Arabica),Private Reserve MOD,83.25,82.58228999207216,Premium,Premium,Sí
Arabica,juan luis alvarado romero,Guatemala,oriente,250,1 kg,Asociacion Nacional Del Café,"July 9th, 2012",Bourbon,Washed / Wet,7.83,7.58,7.08,7.83,7.42,8.08,7.42,83.25,0.11,0,Green,9,399.4830720000001,Baja (Arabica),Mill JUA,83.25,80.51033543162546,Premium,Estándar,No
Arabica,nucoffee,Brazil,Other,30,60 kg,NUCOFFEE,"February 23rd, 2012",Yellow Bourbon,Semi-Washed / Semi-Pulped,7.75,7.67,7.5,7.58,7.58,7.58,7.58,83.25,0.11,0,Blue-Green,1,1200.0,Media (Arabica),Heritage NUC,83.25,83.07295388786777,Premium,Premium,Sí
Arabica,exportadora de cafe condor s.a,Colombia,huila,250,70 kg,Almacafé,"February 22nd, 2012",Caturra,Washed / Wet,7.67,7.58,7.58,7.42,7.83,7.58,7.58,83.25,0.12,0,Green,1,175.0,Baja (Arabica),Heritage EXP,83.25,83.35048168614625,Premium,Premium,Sí
Arabica,racafe & cia s.c.a,Colombia,Other,175,70 kg,Almacafé,"February 9th, 2012",Caturra,Washed / Wet,7.67,7.67,7.5,7.5,7.58,7.67,7.67,83.25,0.11,0,Green,0,1775.0,Alta (Arabica),Heritage RAC,83.25,83.14975469210928,Premium,Premium,Sí
Arabica,exportadora de cafe condor s.a,Colombia,huila,250,70 kg,Almacafé,"June 14th, 2011",Caturra,Washed / Wet,7.92,7.75,7.25,7.42,7.83,7.58,7.5,83.25,0.08,0,Green,0,1700.0,Alta (Arabica),Heritage EXP,83.25,83.425995295563,Premium,Premium,Sí
Arabica,exportadora de cafe condor s.a,Colombia,cauca,250,70 kg,Almacafé,"February 22nd, 2011",Caturra,Washed / Wet,8.0,7.67,7.67,7.25,7.67,7.5,7.5,83.25,0.13,0,Green,1,1880.0,Premium (Arabica),Heritage EXP,83.25,83.34028723479788,Premium,Premium,Sí
Arabica,exportadora de cafe condor s.a,Colombia,cundinamarca,250,70 kg,Almacafé,"January 17th, 2011",Caturra,Washed / Wet,7.92,7.75,7.5,7.42,7.42,7.67,7.58,83.25,0.04,0,Green,1,1800.0,Premium (Arabica),Heritage EXP,83.25,83.63054449510932,Premium,Premium,Sí
Arabica,ipanema coffees,Brazil,south of minas,320,60 kg,Brazil Specialty Coffee Association,"October 20th, 2017",Bourbon,Natural / Dry,7.67,7.42,7.5,7.58,7.67,7.58,7.75,83.17,0.11,0,Green,4,890.0,Baja (Arabica),Private Reserve IPA,83.17,82.59991069835688,Premium,Premium,Sí
Arabica,juan luis alvarado romero,Guatemala,oriente,275,69 kg,Asociacion Nacional Del Café,"August 24th, 2017",Bourbon,Washed / Wet,7.58,7.58,7.33,7.67,7.75,7.58,7.67,83.17,0.1,0,Green,1,1901.0,Premium (Arabica),Mill JUA,83.17,82.7166191585231,Premium,Premium,Sí
Arabica,taylor winch (t) ltd,"Tanzania, United Republic Of",Other,320,60 kg,Tanzanian Coffee Board,"June 20th, 2017",Bourbon,Washed / Wet,7.67,7.58,7.42,7.67,7.67,7.58,7.58,83.17,0.12,0,Green,3,168.0,Baja (Arabica),Heritage TAY,83.17,82.03619644484876,Premium,Estándar,No
Arabica,andrea bernal,Peru,Other,200,13800 kg,Central De Organizaciones Productoras De Café y Cacao Del Perú - Central Café & Cacao,"June 16th, 2017",Caturra,Washed / Wet,7.92,7.5,7.5,7.58,7.67,7.5,7.5,83.17,0.11,0,Green,0,1300.0,Media (Arabica),Private Reserve AND,83.17,82.77249088097444,Premium,Premium,Sí
Arabica,"sunvirtue co., ltd.",Other,Other,1,2 kg,Specialty Coffee Association,"May 8th, 2017",Catimor,Natural / Dry,7.58,7.42,7.08,7.33,7.58,8.58,7.58,83.17,0.07,0,Green,0,1550.0,Alta (Arabica),Heritage SUN,83.17,83.27027182681162,Premium,Premium,Sí
Arabica,juan luis alvarado romero,Guatemala,antigua,250,1500 kg,Asociacion Nacional Del Café,"May 23rd, 2016",Caturra,Washed / Wet,7.67,7.75,7.42,7.75,7.58,7.5,7.5,83.17,0.11,2,Green,3,1500.0,Alta (Arabica),Mill JUA,83.17,82.83976749865477,Premium,Premium,Sí
Arabica,cadexsa,Honduras,marcala,275,69 kg,Instituto Hondureño del Café,"May 2nd, 2016",Catuai,Washed / Wet,7.67,7.67,7.5,7.67,7.5,7.67,7.5,83.17,0.11,0,Blue-Green,1,1450.0,Media (Arabica),Select Harvest CAD,83.17,81.89827540038216,Premium,Estándar,No
Arabica,yunnan coffee exchange,China,yunnan,3,60 kg,Yunnan Coffee Exchange,"April 6th, 2016",Catimor,Washed / Wet,7.5,7.67,7.33,7.67,7.67,7.67,7.67,83.17,0.11,0,Green,0,1200.0,Media (Arabica),Private Reserve YUN,83.17,83.26388880658766,Premium,Premium,Sí
Arabica,yunnan coffee exchange,China,Other,3,60 kg,Yunnan Coffee Exchange,"April 5th, 2016",Catimor,Washed / Wet,7.67,7.67,7.5,7.67,7.42,7.58,7.67,83.17,0.1,0,Green,3,1600.0,Alta (Arabica),Private Reserve YUN,83.17,83.10987509030025,Premium,Premium,Sí
Arabica,consejo salvadoreño del café,El Salvador,Other,275,69 kg,Salvadoran Coffee Council,"March 29th, 2016",Bourbon,Washed / Wet,7.5,7.5,7.33,7.67,8.0,7.67,7.5,83.17,0.0,0,Green,0,1350.0,Media (Arabica),Heritage CON,83.17,83.0698307563574,Premium,Premium,Sí
Arabica,juan luis alvarado romero,Guatemala,antigua,150,69 kg,Asociacion Nacional Del Café,"October 29th, 2015",Bourbon,Washed / Wet,7.5,7.75,7.5,7.83,7.58,7.5,7.5,83.17,0.11,0,Green,1,1500.0,Alta (Arabica),Mill JUA,83.17,82.96500859962431,Premium,Premium,Sí
Arabica,juan luis alvarado romero,Guatemala,oriente,100,69 kg,Asociacion Nacional Del Café,"September 29th, 2015",Bourbon,Washed / Wet,7.92,7.67,7.42,7.75,7.5,7.5,7.42,83.17,0.12,0,Green,3,1650.0,Alta (Arabica),Mill JUA,83.17,82.08236830246952,Premium,Estándar,No
Arabica,taylor winch (coffee) ltd.,Kenya,Other,300,2 kg,Kenya Coffee Traders Association,"July 3rd, 2015",SL28,Washed / Wet,7.83,7.75,7.67,7.75,7.83,8.5,7.83,83.17,0.1,0,Blue-Green,1,250.5,Baja (Arabica),Heritage TAY,83.17,83.07004531559723,Premium,Premium,Sí
Arabica,doi tung development project,Thailand,thailand,1,1 kg,Specialty Coffee Association,"June 9th, 2015",Caturra,Washed / Wet,7.67,7.58,7.58,7.75,7.42,7.67,7.5,83.17,0.12,0,Blue-Green,0,800.0,Baja (Arabica),Origins DOI,83.17,82.63069745011191,Premium,Premium,Sí
Arabica,tutunze kahawa ltd,"Tanzania, United Republic Of",Other,180,60 kg,Africa Fine Coffee Association,"December 12th, 2014",Other,Washed / Wet,7.58,7.67,7.67,7.58,7.42,7.58,7.67,83.17,0.13,0,Blue-Green,6,1653.0,Alta (Arabica),Private Reserve TUT,83.17,82.16544107746594,Premium,Estándar,No
Arabica,racafe & cia s.c.a,Colombia,huila,232,70 kg,Almacafé,"November 5th, 2014",Caturra,Washed / Wet,7.58,7.5,7.5,7.67,7.5,7.67,7.75,83.17,0.0,0,Green,4,1775.0,Alta (Arabica),Heritage RAC,83.17,83.7537610314321,Premium,Premium,Sí
Arabica,kabum trading company,Uganda,Other,84,60 kg,Uganda Coffee Development Authority,"October 28th, 2014",SL14,Washed / Wet,8.0,7.67,7.5,7.42,7.33,7.58,7.67,83.17,0.1,0,Blue-Green,0,1800.0,Premium (Arabica),Origins KAB,83.17,84.29296794442082,Premium,Premium,Sí
Arabica,cafe politico,Colombia,Other,1,4 lbs,Specialty Coffee Association,"August 25th, 2014",Caturra,Washed / Wet,7.58,7.75,7.5,7.58,7.58,7.58,7.58,83.17,0.11,10,Green,3,1750.0,Alta (Arabica),Select Harvest CAF,83.17,82.64342872035506,Premium,Premium,Sí
Arabica,mayra yessenia torres,Honduras,san marcos,275,1 kg,Instituto Hondureño del Café,"April 12th, 2014",Catuai,Natural / Dry,7.5,7.5,7.5,7.67,7.67,7.67,7.67,83.17,0.1,0,Green,5,1450.0,Media (Arabica),Private Reserve MAY,83.17,81.92314349932134,Premium,Estándar,No
Arabica,Desconocido,Honduras,comayagua,275,1 kg,Instituto Hondureño del Café,"April 8th, 2014",Caturra,Natural / Dry,7.67,7.67,7.5,7.67,7.5,7.67,7.5,83.17,0.11,0,Green,3,1350.0,Media (Arabica),Private Reserve DES,83.17,82.54689054152742,Premium,Premium,Sí
Arabica,juan luis alvarado romero,Guatemala,san marcos,200,69 kg,Asociacion Nacional Del Café,"March 27th, 2014",Catuai,Washed / Wet,7.33,7.83,7.17,8.17,7.33,7.67,7.67,83.17,0.09,0,Green,1,464.5152000000001,Baja (Arabica),Mill JUA,83.17,82.45534027904301,Premium,Estándar,No
Arabica,eileen koyanagi,United States (Hawaii),kona,6,100 lbs,Specialty Coffee Association,"February 7th, 2014",Hawaiian Kona,Natural / Dry,7.5,7.5,7.58,7.42,7.92,7.67,7.58,83.17,0.11,0,Blue-Green,0,157.93516800000003,Baja (Arabica),Select Harvest EIL,83.17,82.85324706725767,Premium,Premium,Sí
Arabica,balam hinyula,"Tanzania, United Republic Of",Other,300,1 kg,Tanzanian Coffee Board,"January 31st, 2014",Bourbon,Washed / Wet,7.58,7.5,7.58,7.75,7.58,7.58,7.58,83.17,0.12,0,Green,1,1800.0,Premium (Arabica),Private Reserve BAL,83.17,82.44429634237684,Premium,Estándar,No
Arabica,juan luis alvarado romero,Guatemala,oriente,250,69 kg,Asociacion Nacional Del Café,"April 26th, 2013",Bourbon,Washed / Wet,7.67,7.83,7.33,7.67,7.5,7.67,7.5,83.17,0.11,0,Green,2,399.4830720000001,Baja (Arabica),Mill JUA,83.17,82.20528852034096,Premium,Estándar,No
Arabica,nestor mendez gomez,Mexico,chiapas,45,1 kg,AMECAFE,"March 29th, 2013",Typica,Washed / Wet,7.75,7.58,7.58,7.58,7.5,7.42,7.75,83.17,0.11,0,Green,2,1500.0,Alta (Arabica),Private Reserve NES,83.17,81.82744380760465,Premium,Estándar,No
Arabica,saul m. hernandez ramirez,Mexico,Other,10,1 kg,AMECAFE,"September 27th, 2012",Typica,Washed / Wet,7.75,7.67,7.58,7.5,7.42,7.58,7.67,83.17,0.12,3,Green,8,532.0,Baja (Arabica),Origins SAU,83.17,81.60205478457789,Premium,Estándar,No
Arabica,saul m. hernandez ramirez,Mexico,Other,10,1 kg,AMECAFE,"September 27th, 2012",Other,Washed / Wet,7.58,7.75,7.42,7.67,7.5,7.58,7.67,83.17,0.14,0,Green,10,1089.0,Media (Arabica),Origins SAU,83.17,81.26992176676825,Premium,Estándar,No
Arabica,racafe & cia s.c.a,Colombia,huila,275,70 kg,Almacafé,"August 31st, 2012",Caturra,Washed / Wet,7.67,7.5,7.5,7.5,7.58,8.17,7.25,83.17,0.11,1,Green,2,1775.0,Alta (Arabica),Heritage RAC,83.17,83.05960755900877,Premium,Premium,Sí
Arabica,fernando mendoza aparicio,Mexico,Other,15,1 kg,AMECAFE,"July 11th, 2012",Typica,Washed / Wet,7.75,7.5,7.42,7.75,7.58,7.58,7.58,83.17,0.13,0,Green,5,700.0,Baja (Arabica),Select Harvest FER,83.17,81.57858296479107,Premium,Estándar,No
Arabica,exportadora de cafe condor s.a,Colombia,huila,250,70 kg,Almacafé,"June 8th, 2012",Caturra,Washed / Wet,7.58,7.67,7.5,7.58,7.67,7.67,7.5,83.17,0.11,0,Blue-Green,0,1750.0,Alta (Arabica),Heritage EXP,83.17,83.06975494003973,Premium,Premium,Sí
Arabica,alfredo bojalil,Mexico,la concordia,250,1 kg,AMECAFE,"June 6th, 2012",Typica,Washed / Wet,7.5,7.75,7.58,7.58,7.67,7.5,7.58,83.17,0.11,0,Green,5,1380.0,Media (Arabica),Origins ALF,83.17,81.7293933333778,Premium,Estándar,No
Arabica,nucoffee,Brazil,south of minas,50,60 kg,NUCOFFEE,"March 19th, 2012",Mundo Novo,Natural / Dry,7.75,7.67,7.58,7.5,7.58,7.58,7.5,83.17,0.12,0,Green,1,1000.0,Media (Arabica),Heritage NUC,83.17,82.35818150614288,Premium,Estándar,No
Arabica,nucoffee,Brazil,Other,100,60 kg,NUCOFFEE,"February 17th, 2012",Mundo Novo,Natural / Dry,7.92,7.58,7.5,7.58,7.42,7.5,7.67,83.17,0.11,0,Green,4,950.0,Baja (Arabica),Heritage NUC,83.17,82.25892016819517,Premium,Estándar,No
Arabica,felipe isaza,Guatemala,oriente,250,2 kg,Specialty Coffee Association,"February 1st, 2012",Bourbon,Washed / Wet,7.75,7.5,7.67,7.5,7.92,8.0,7.5,83.17,0.0,0,Green,10,427.353984,Baja (Arabica),Private Reserve FEL,83.17,82.08901911470083,Premium,Estándar,No
Arabica,nucoffee,Brazil,south of minas,25,60 kg,NUCOFFEE,"December 3rd, 2011",Mundo Novo,Semi-Washed / Semi-Pulped,7.75,7.5,7.58,7.5,7.75,7.5,7.58,83.17,0.12,0,Blue-Green,3,1000.0,Media (Arabica),Heritage NUC,83.17,82.84395550339366,Premium,Premium,Sí
Arabica,nucoffee,Brazil,south of minas,90,60 kg,NUCOFFEE,"October 28th, 2011",Bourbon,Natural / Dry,7.58,7.75,7.67,7.5,7.67,7.58,7.42,83.17,0.02,0,Green,2,900.0,Baja (Arabica),Heritage NUC,83.17,82.91151526199077,Premium,Premium,Sí
Arabica,the coffee source inc.,El Salvador,Other,250,69 kg,Specialty Coffee Association,"August 23rd, 2011",Bourbon,Washed / Wet,7.42,7.83,8.17,8.08,7.17,7.58,7.58,83.17,0.14,0,Green,3,1200.0,Media (Arabica),Origins THE,83.17,82.31747560020786,Premium,Estándar,No
Arabica,ethiopia commodity exchange,Ethiopia,Other,300,6,Ethiopia Commodity Exchange,"June 16th, 2010",Other,Natural / Dry,7.75,8.0,7.67,8.08,7.83,7.92,7.92,83.17,0.01,0,Green,0,1850.0,Premium (Arabica),Select Harvest ETH,83.17,85.95368404890827,Premium,Premium,Sí
Arabica,carcafe ltda ci,Colombia,cundinamarca,275,70 kg,Almacafé,"February 20th, 2017",Caturra,Washed / Wet,7.58,7.67,7.33,7.67,7.75,7.58,7.5,83.08,0.0,0,Green,4,1799.0,Alta (Arabica),Mill CAR,83.08,83.49044349368705,Premium,Premium,Sí
Arabica,racafe & cia s.c.a,Colombia,huila,275,70 kg,Almacafé,"January 10th, 2017",Caturra,Washed / Wet,7.75,7.5,7.5,7.42,8.0,7.75,7.17,83.08,0.0,1,Green,5,1750.0,Alta (Arabica),Heritage RAC,83.08,83.64915331025138,Premium,Premium,Sí
Arabica,ipanema coffees,Brazil,south of minas,320,60 kg,Brazil Specialty Coffee Association,"April 25th, 2016",Yellow Bourbon,Pulped Natural / Honey,7.58,7.58,7.58,7.5,7.67,7.58,7.58,83.08,0.11,0,Blue-Green,2,905.0,Baja (Arabica),Private Reserve IPA,83.08,82.83107250297158,Premium,Premium,Sí
Arabica,ipanema coffees,Brazil,south of minas,320,2 kg,Brazil Specialty Coffee Association,"October 8th, 2015",Yellow Bourbon,Natural / Dry,7.33,7.67,7.67,7.33,7.75,7.42,7.92,83.08,0.0,0,Green,3,1.0,Baja (Arabica),Private Reserve IPA,83.08,82.28778234496333,Premium,Estándar,No
Arabica,"lin, che-hao krude 林哲豪",Taiwan,"dongshan dist., tainan city 臺南市東山區",20,60 kg,Specialty Coffee Association,"May 19th, 2015",Typica,Natural / Dry,7.83,7.92,7.5,7.83,7.67,7.25,7.75,83.08,0.0,0,Green,0,750.0,Baja (Arabica),Heritage LIN,83.08,82.34171260810479,Premium,Estándar,No
Arabica,bourbon specialty coffees,Brazil,Other,300,60 kg,Brazil Specialty Coffee Association,"April 20th, 2015",Mundo Novo,Natural / Dry,7.42,7.67,7.58,7.5,7.75,7.67,7.5,83.08,0.11,0,Green,13,1000.0,Media (Arabica),Origins BOU,83.08,81.90352212844343,Premium,Estándar,No
Arabica,ipanema coffees,Brazil,south of minas,300,2 kg,Specialty Coffee Association,"October 16th, 2014",Bourbon,Washed / Wet,7.58,7.83,7.67,7.42,7.42,7.5,7.67,83.08,0.0,0,Green,1,1200.0,Media (Arabica),Private Reserve IPA,83.08,82.56333709837172,Premium,Premium,Sí
Arabica,eric thormaehlen,Costa Rica,Other,250,1 kg,Specialty Coffee Association of Costa Rica,"July 15th, 2014",Catuai,Washed / Wet,7.83,7.33,7.5,7.67,7.58,7.67,7.5,83.08,0.1,0,Green,3,1300.0,Media (Arabica),Heritage ERI,83.08,82.97961667301284,Premium,Premium,Sí
Arabica,eileen koyanagi,United States (Hawaii),kona,16,100 lbs,Specialty Coffee Association,"February 19th, 2014",Hawaiian Kona,Natural / Dry,7.33,7.75,7.58,7.33,7.83,7.67,7.58,83.08,0.12,0,Blue-Green,8,157.93516800000003,Baja (Arabica),Select Harvest EIL,83.08,82.00495834429609,Premium,Estándar,No
Arabica,cqi taiwan icp cqi台灣合作夥伴,Taiwan,Other,50,30 kg,Blossom Valley International,"December 26th, 2013",Typica,Other,7.75,7.75,7.5,7.5,7.5,7.5,7.58,83.08,0.11,0,Green,0,1300.0,Media (Arabica),Select Harvest CQI,83.08,82.28835503238982,Premium,Estándar,No
Arabica,kona pacific farmers cooperative,United States (Hawaii),kona,6,100 lbs,Specialty Coffee Association,"March 8th, 2013",Hawaiian Kona,Natural / Dry,7.83,7.83,7.33,7.17,7.75,7.67,7.5,83.08,0.1,0,Blue-Green,0,157.93516800000003,Baja (Arabica),Private Reserve KON,83.08,82.97999135179565,Premium,Premium,Sí
Arabica,maria luisa del carmen rojas narvaez,Mexico,Other,10,1 kg,AMECAFE,"June 6th, 2012",Other,Washed / Wet,7.75,7.67,7.42,7.75,7.5,7.5,7.5,83.08,0.1,0,Green,1,1400.0,Media (Arabica),Heritage MAR,83.08,82.94283518313733,Premium,Premium,Sí
Arabica,kona pacific farmers cooperative,United States (Hawaii),kona,7,100 lbs,Specialty Coffee Association,"April 6th, 2012",Hawaiian Kona,Natural / Dry,7.67,7.58,7.5,7.67,7.92,8.0,8.08,83.08,0.0,1,Blue-Green,4,157.93516800000003,Baja (Arabica),Private Reserve KON,83.08,83.11574014927358,Premium,Premium,Sí
Arabica,kona pacific farmers cooperative,United States (Hawaii),kona,6,100 lbs,Specialty Coffee Association,"February 23rd, 2012",Hawaiian Kona,Washed / Wet,7.33,7.58,7.58,7.92,7.67,7.58,7.42,83.08,0.12,0,Green,0,157.93516800000003,Baja (Arabica),Private Reserve KON,83.08,82.1075342989967,Premium,Estándar,No
Arabica,racafe & cia s.c.a,Colombia,huila,275,70 kg,Almacafé,"July 29th, 2011",Caturra,Washed / Wet,7.33,7.33,7.33,7.58,7.25,8.08,8.17,83.08,0.01,0,Green,0,1775.0,Alta (Arabica),Heritage RAC,83.08,83.6299314963133,Premium,Premium,Sí
Arabica,exportadora de cafe condor s.a,Colombia,cauca,250,70 kg,Almacafé,"February 22nd, 2011",Caturra,Washed / Wet,7.83,7.75,7.33,7.25,7.42,7.92,7.58,83.08,0.08,1,Green,3,1880.0,Premium (Arabica),Heritage EXP,83.08,83.67172289081911,Premium,Premium,Sí
Arabica,specialty coffee association of indonesia,Indonesia,Other,10,60 kg,Specialty Coffee Association of Indonesia,"November 29th, 2010",Other,Washed / Wet,7.67,7.58,7.5,7.58,7.67,7.58,7.5,83.08,0.0,0,Blue-Green,0,1350.0,Media (Arabica),Select Harvest SPE,83.08,83.46140275609402,Premium,Premium,Sí
Arabica,chris finch,Guatemala,Other,275,69 kg,Specialty Coffee Association,"November 11th, 2010",Bourbon,Washed / Wet,7.92,7.67,7.67,7.25,7.83,7.67,7.75,83.08,0.02,0,Green,1,431.999136,Baja (Arabica),Private Reserve CHR,83.08,83.24888935299336,Premium,Premium,Sí
Arabica,ipanema coffees,Brazil,south of minas,320,60 kg,Brazil Specialty Coffee Association,"October 20th, 2017",Bourbon,Natural / Dry,7.58,7.5,7.5,7.75,7.67,7.5,7.5,83.0,0.0,0,Green,4,890.0,Baja (Arabica),Private Reserve IPA,83.0,82.77015412117206,Premium,Premium,Sí
Arabica,ipanema coffees,Brazil,south of minas,320,60 kg,Brazil Specialty Coffee Association,"August 16th, 2016",Bourbon,Natural / Dry,7.5,7.58,7.58,7.67,7.58,7.5,7.58,83.0,0.11,0,Green,5,894.0,Baja (Arabica),Private Reserve IPA,83.0,82.56199796995661,Premium,Premium,Sí
Arabica,ipanema coffees,Brazil,south of minas,320,60 kg,Brazil Specialty Coffee Association,"August 16th, 2016",Bourbon,Natural / Dry,7.5,7.67,7.58,7.67,7.58,7.42,7.58,83.0,0.11,0,Blue-Green,3,872.0,Baja (Arabica),Private Reserve IPA,83.0,82.78754304161814,Premium,Premium,Sí
Arabica,ucfa,Uganda,Other,310,60 kg,Uganda Coffee Development Authority,"July 18th, 2016",Bourbon,Washed / Wet,7.67,7.58,7.42,7.42,7.83,7.5,7.58,83.0,0.12,0,Green,6,1473.0,Media (Arabica),Private Reserve UCF,83.0,82.90025727463917,Premium,Premium,Sí
Arabica,ucfa,Uganda,Other,325,60 kg,Uganda Coffee Development Authority,"July 18th, 2016",Bourbon,Natural / Dry,7.67,7.67,7.5,7.58,7.42,7.5,7.67,83.0,0.12,0,Green,8,1645.0,Alta (Arabica),Private Reserve UCF,83.0,83.23660465855757,Premium,Premium,Sí
Arabica,carcafe ltda ci,Colombia,huila,25,70 kg,Almacafé,"February 11th, 2016",Caturra,Washed / Wet,7.67,7.67,7.33,7.67,7.5,7.58,7.58,83.0,0.11,0,Green,4,442.0,Baja (Arabica),Mill CAR,83.0,83.22375969773735,Premium,Premium,Sí
Arabica,"sunvirtue co., ltd.",Other,Other,2,2 kg,Specialty Coffee Association,"December 28th, 2015",Caturra,Other,7.75,7.67,7.58,7.58,7.42,7.67,8.0,83.0,0.0,0,Green,0,1550.0,Alta (Arabica),Heritage SUN,83.0,82.83536142318222,Premium,Premium,Sí
Arabica,juan luis alvarado romero,Guatemala,Other,275,69 kg,Asociacion Nacional Del Café,"July 8th, 2015",Catuai,Washed / Wet,7.67,7.75,7.33,7.92,7.42,7.5,7.42,83.0,0.11,0,Green,3,1550.0,Alta (Arabica),Mill JUA,83.0,82.72665719719909,Premium,Premium,Sí
Arabica,juan luis alvarado romero,Guatemala,Other,200,69 kg,Asociacion Nacional Del Café,"June 5th, 2015",Catuai,Washed / Wet,7.75,7.67,7.33,7.75,7.5,7.42,7.58,83.0,0.11,0,Green,2,418.06368,Baja (Arabica),Mill JUA,83.0,82.55853928755892,Premium,Premium,Sí
Arabica,juan luis alvarado romero,Guatemala,antigua,250,69 kg,Asociacion Nacional Del Café,"April 23rd, 2015",Bourbon,Washed / Wet,7.83,7.67,7.25,7.67,7.75,7.5,7.33,83.0,0.11,0,Green,2,1500.0,Alta (Arabica),Mill JUA,83.0,82.9002788278048,Premium,Premium,Sí
Arabica,irene alves santos,Brazil,Other,305,2 kg,Brazil Specialty Coffee Association,"February 13th, 2015",Catuai,Natural / Dry,7.67,7.67,7.67,7.5,7.42,7.5,7.58,83.0,0.0,0,Green,0,1000.0,Media (Arabica),Origins IRE,83.0,82.58266012575395,Premium,Premium,Sí
Arabica,cqi taiwan icp cqi台灣合作夥伴,Taiwan,Other,10,60 kg,Blossom Valley International,"November 23rd, 2014",Typica,Washed / Wet,7.92,7.92,7.83,7.58,7.33,7.25,7.17,83.0,0.08,0,Green,0,1200.0,Media (Arabica),Select Harvest CQI,83.0,82.6333757753622,Premium,Premium,Sí
Arabica,star cafe ltd,Uganda,Other,300,60 kg,Uganda Coffee Development Authority,"June 26th, 2014",SL14,Washed / Wet,7.83,7.58,7.5,7.5,7.58,7.5,7.5,83.0,0.12,0,Green,0,1800.0,Premium (Arabica),Mill STA,83.0,84.1915182360742,Premium,Premium,Sí
Arabica,german negron,Other,Other,17,5 lbs,Specialty Coffee Association,"June 9th, 2014",Other,Washed / Wet,7.67,7.5,7.67,7.83,7.75,7.83,7.42,83.0,0.0,0,Blue-Green,0,260.12851200000006,Baja (Arabica),Origins GER,83.0,81.72021370304726,Premium,Estándar,No
Arabica,juan luis alvarado romero,Guatemala,antigua,26,69 kg,Asociacion Nacional Del Café,"March 7th, 2014",Bourbon,Washed / Wet,7.67,7.67,7.42,7.83,7.5,7.5,7.42,83.0,0.1,1,Green,0,1500.0,Alta (Arabica),Mill JUA,83.0,83.06398889545228,Premium,Premium,Sí
Arabica,eric thormaehlen,Costa Rica,Other,250,1 kg,Specialty Coffee Association of Costa Rica,"February 14th, 2014",Catuai,Washed / Wet,7.67,7.58,7.5,7.58,7.5,7.5,7.67,83.0,0.11,0,Green,3,1200.0,Media (Arabica),Heritage ERI,83.0,82.72909377151011,Premium,Premium,Sí
Arabica,jacques pereira carneiro,Brazil,Other,250,2 kg,Specialty Coffee Association,"January 2nd, 2014",Yellow Bourbon,Semi-Washed / Semi-Pulped,7.75,7.58,7.42,7.67,7.42,7.67,7.5,83.0,0.12,0,Blue-Green,4,1250.0,Media (Arabica),Select Harvest JAC,83.0,82.90012965264802,Premium,Premium,Sí
Arabica,racafe & cia s.c.a,Colombia,huila,120,70 kg,Almacafé,"November 7th, 2013",Caturra,Washed / Wet,7.75,7.42,7.33,7.5,7.58,7.17,8.25,83.0,0.11,1,Green,1,1775.0,Alta (Arabica),Heritage RAC,83.0,83.04581448523042,Premium,Premium,Sí
Arabica,exportadora de cafe condor s.a,Colombia,huila,250,70 kg,Almacafé,"August 2nd, 2013",Caturra,Washed / Wet,7.83,7.5,7.58,7.33,7.5,7.67,7.58,83.0,0.0,0,Green,0,1750.0,Alta (Arabica),Heritage EXP,83.0,83.57984940359765,Premium,Premium,Sí
Arabica,carcafe ltda ci,Colombia,Other,250,70 kg,Almacafé,"March 15th, 2013",Caturra,Natural / Dry,7.33,7.67,7.75,7.42,7.75,7.58,7.5,83.0,0.11,0,Green,1,1000.0,Media (Arabica),Mill CAR,83.0,83.14063679127477,Premium,Premium,Sí
Arabica,carcafe ltda ci,Colombia,Other,250,70 kg,Almacafé,"April 26th, 2013",Caturra,Natural / Dry,7.58,7.75,7.42,7.67,7.58,7.42,7.58,83.0,0.0,0,Green,2,1000.0,Media (Arabica),Mill CAR,83.0,83.10357874556975,Premium,Premium,Sí
Arabica,racafe & cia s.c.a,Colombia,huila,275,70 kg,Almacafé,"October 23rd, 2012",Caturra,Washed / Wet,7.5,7.5,7.42,7.58,7.75,7.58,7.67,83.0,0.11,1,Green,2,1775.0,Alta (Arabica),Heritage RAC,83.0,83.05960755900877,Premium,Premium,Sí
Arabica,rosa aurora falcon fernandez,Mexico,coatepec,15,1 kg,AMECAFE,"July 26th, 2012",Typica,Washed / Wet,7.67,7.58,7.42,7.5,7.67,7.58,7.58,83.0,0.11,0,Green,20,750.0,Baja (Arabica),Select Harvest ROS,83.0,79.45565763062852,Premium,Estándar,No
Arabica,santiago solis ayerdi,Mexico,Other,20,1 kg,AMECAFE,"July 26th, 2012",Typica,Semi-Washed / Semi-Pulped,7.67,7.83,7.5,7.58,7.58,7.67,7.83,83.0,0.11,0,Green,7,1200.0,Media (Arabica),Origins SAN,83.0,82.3994982546284,Premium,Estándar,No
Arabica,alfredo bojalil,Mexico,coatepec,250,1 kg,AMECAFE,"July 11th, 2012",Bourbon,Washed / Wet,7.5,7.67,7.5,7.5,7.58,7.58,7.67,83.0,0.11,5,Green,8,1200.0,Media (Arabica),Origins ALF,83.0,82.03723084168696,Premium,Estándar,No
Arabica,exportadora de cafe condor s.a,Colombia,Other,250,70 kg,Almacafé,"May 22nd, 2012",Other,Natural / Dry,7.67,7.58,7.5,7.5,7.75,7.5,7.5,83.0,0.0,1,Green,4,1750.0,Alta (Arabica),Heritage EXP,83.0,84.19676351089379,Premium,Premium,Sí
Arabica,exportadora de cafe condor s.a,Colombia,huila,250,70 kg,Almacafé,"May 11th, 2012",Caturra,Washed / Wet,7.75,7.58,7.5,7.67,7.83,7.75,7.58,83.0,0.0,0,Green,4,1625.0,Alta (Arabica),Heritage EXP,83.0,83.7079232022961,Premium,Premium,Sí
Arabica,exportadora de cafe condor s.a,Colombia,huila,250,70 kg,Almacafé,"June 8th, 2012",Caturra,Washed / Wet,7.67,7.58,7.58,7.58,7.67,7.42,7.5,83.0,0.11,0,Green,0,1750.0,Alta (Arabica),Heritage EXP,83.0,83.10005873991479,Premium,Premium,Sí
Arabica,juan luis alvarado romero,Guatemala,Other,275,1 kg,Asociacion Nacional Del Café,"April 27th, 2012",Bourbon,Washed / Wet,7.5,7.67,7.5,7.67,7.5,7.83,7.33,83.0,0.1,0,Green,2,418.06368,Baja (Arabica),Mill JUA,83.0,82.96205477931198,Premium,Premium,Sí
Arabica,racafe & cia s.c.a,Colombia,Other,121,1 kg,Almacafé,"December 2nd, 2011",Caturra,Washed / Wet,7.67,7.67,7.58,7.5,7.67,7.42,7.5,83.0,0.12,0,Blue-Green,0,1775.0,Alta (Arabica),Heritage RAC,83.0,83.0067793066727,Premium,Premium,Sí
Arabica,doi tung development project,Thailand,Other,1,60 kg,Specialty Coffee Association,"August 16th, 2011",Caturra,Washed / Wet,7.33,7.67,7.58,7.5,7.75,7.67,7.5,83.0,0.28,0,Blue-Green,0,800.0,Baja (Arabica),Origins DOI,83.0,81.93767968689409,Premium,Estándar,No
Arabica,racafe & cia s.c.a,Colombia,cauca,300,70 kg,Almacafé,"May 12th, 2011",Caturra,Washed / Wet,7.33,7.67,7.58,7.33,7.58,7.92,7.58,83.0,0.08,0,Green,1,1450.0,Media (Arabica),Heritage RAC,83.0,83.68622081209791,Premium,Premium,Sí
Arabica,kona pacific farmers cooperative,United States (Hawaii),Other,23,100 lbs,Specialty Coffee Association,"April 21st, 2011",Hawaiian Kona,Natural / Dry,7.83,7.83,7.67,7.83,7.92,7.83,8.08,83.0,0.0,0,Blue-Green,0,157.93516800000003,Baja (Arabica),Private Reserve KON,83.0,83.1156314140918,Premium,Premium,Sí
Arabica,kona pacific farmers cooperative,United States (Hawaii),Other,5,100 lbs,Specialty Coffee Association,"March 9th, 2011",Hawaiian Kona,Natural / Dry,7.5,7.58,7.42,7.58,7.58,7.67,7.67,83.0,0.0,0,Blue-Green,1,157.93516800000003,Baja (Arabica),Private Reserve KON,83.0,83.10610895022262,Premium,Premium,Sí
Arabica,exportadora de cafe condor s.a,Colombia,huila,250,70 kg,Almacafé,"February 1st, 2011",Caturra,Washed / Wet,7.5,7.58,7.67,7.67,7.58,7.58,7.42,83.0,0.06,0,Green,2,1800.0,Premium (Arabica),Heritage EXP,83.0,83.65313784303122,Premium,Premium,Sí
Arabica,grounds for health admin,Nicaragua,Other,2,6,Specialty Coffee Association,"May 31st, 2010",Caturra,Washed / Wet,7.58,7.83,7.75,7.92,7.92,8.08,7.92,83.0,0.07,0,Green,0,1100.0,Media (Arabica),Mill GRO,83.0,82.47686522012137,Premium,Estándar,No
Arabica,doi tung development project,Thailand,Other,1,1 lbs,Specialty Coffee Association,"April 13th, 2010",Caturra,Washed / Wet,7.5,7.25,7.42,7.75,8.17,7.5,7.42,83.0,0.0,0,Blue-Green,0,800.0,Baja (Arabica),Origins DOI,83.0,83.01998832150167,Premium,Premium,Sí
Arabica,ipanema coffees,Brazil,south of minas,320,60 kg,Brazil Specialty Coffee Association,"October 20th, 2017",Bourbon,Natural / Dry,7.67,7.58,7.5,7.58,7.58,7.5,7.5,82.92,0.0,0,Green,0,890.0,Baja (Arabica),Private Reserve IPA,82.92,82.62950298128008,Premium,Premium,Sí
Arabica,consejo salvadoreño del café,El Salvador,Other,100,69 kg,Salvadoran Coffee Council,"August 28th, 2017",Bourbon,Washed / Wet,7.5,7.5,7.75,7.58,7.92,7.83,7.5,82.92,0.0,0,Green,1,1350.0,Media (Arabica),Heritage CON,82.92,83.05399807319421,Premium,Premium,Sí
Arabica,racafe & cia s.c.a,Colombia,Other,129,70 kg,Almacafé,"July 7th, 2017",Caturra,Washed / Wet,7.58,7.67,7.5,7.33,7.67,7.58,7.58,82.92,0.11,0,Green,1,1500.0,Alta (Arabica),Heritage RAC,82.92,82.96672114870927,Premium,Premium,Sí
Arabica,"lin, che-hao krude 林哲豪",Taiwan,"dongshan dist., tainan city 臺南市東山區",10,20 kg,Specialty Coffee Association,"June 28th, 2016",Caturra,Natural / Dry,7.17,7.83,7.25,7.67,7.67,7.58,7.75,82.92,0.09,31,Green,0,350.0,Baja (Arabica),Heritage LIN,82.92,82.44670784993497,Premium,Estándar,No
Arabica,cqi taiwan icp cqi台灣合作夥伴,Ethiopia,Other,250,60 kg,Blossom Valley International,"February 26th, 2016",Other,Washed / Wet,7.58,7.58,7.5,7.5,7.58,7.58,7.58,82.92,0.0,1,Blue-Green,20,2000.0,Premium (Arabica),Select Harvest CQI,82.92,82.82017698406878,Premium,Premium,Sí
Arabica,cqi taiwan icp cqi台灣合作夥伴,Taiwan,Other,11,2 kg,Blossom Valley International,"September 7th, 2015",Typica,Natural / Dry,7.5,7.58,7.67,7.33,7.5,7.75,7.58,82.92,0.0,0,Green,9,775.0,Baja (Arabica),Select Harvest CQI,82.92,82.10291680990919,Premium,Estándar,No
Arabica,renee a. perrine,Other,Other,250,2 kg,Torch Coffee Lab Yunnan,"July 31st, 2015",Other,Washed / Wet,7.58,7.58,7.67,7.58,7.5,7.5,7.5,82.92,0.11,0,Blue-Green,1,1200.0,Media (Arabica),Heritage REN,82.92,82.17121154145372,Premium,Estándar,No
Arabica,zarah zamora perez,Other,Other,4,2 kg,Specialty Coffee Association,"July 21st, 2015",Other,Washed / Wet,8.08,7.5,7.67,7.42,7.33,7.5,7.42,82.92,0.0,0,Blue-Green,0,1600.0,Alta (Arabica),Private Reserve ZAR,82.92,83.76408245186022,Premium,Premium,Sí
Arabica,productos y servicios chilindron s.a. de c.v.,Mexico,Other,11,2 kg,Asociación Mexicana De Cafés y Cafeterías De Especialidad A.C.,"July 14th, 2015",Typica,Natural / Dry,7.83,7.67,7.25,7.58,7.5,7.5,7.58,82.92,0.13,0,Blue-Green,3,1059.0,Media (Arabica),Mill PRO,82.92,82.87792467241991,Premium,Premium,Sí
Arabica,andrew bowman,Mexico,chiapas,275,2 kg,Specialty Coffee Association,"June 11th, 2015",Bourbon,Washed / Wet,7.75,7.67,7.42,7.42,7.75,7.5,7.42,82.92,0.12,2,Blue-Green,8,1300.0,Media (Arabica),Mill AND,82.92,81.97025988769585,Premium,Estándar,No
Arabica,kawacom uganda ltd,Uganda,Other,1,60 kg,Uganda Coffee Development Authority,"June 27th, 2014",SL14,Washed / Wet,8.0,7.5,7.5,7.58,7.33,7.42,7.58,82.92,0.12,0,Green,0,1650.0,Alta (Arabica),Mill KAW,82.92,84.03299087498246,Premium,Premium,Sí
Arabica,nyapea coffee farmers association,Uganda,Other,1,60 kg,Uganda Coffee Development Authority,"June 27th, 2014",SL14,Washed / Wet,7.75,7.58,7.58,7.5,7.5,7.5,7.5,82.92,0.12,0,Green,4,1400.0,Media (Arabica),Heritage NYA,82.92,83.54979477400138,Premium,Premium,Sí
Arabica,juan luis alvarado romero,Guatemala,antigua,250,69 kg,Asociacion Nacional Del Café,"April 3rd, 2014",Bourbon,Washed / Wet,7.75,7.5,7.42,7.58,7.67,7.5,7.5,82.92,0.1,0,Green,1,1500.0,Alta (Arabica),Mill JUA,82.92,83.10145735051616,Premium,Premium,Sí
Arabica,juan luis alvarado romero,Guatemala,antigua,26,69 kg,Asociacion Nacional Del Café,"March 7th, 2014",Caturra,Natural / Dry,7.67,7.83,7.42,7.5,7.33,7.5,7.67,82.92,0.1,0,Green,2,1500.0,Alta (Arabica),Mill JUA,82.92,83.69622741237943,Premium,Premium,Sí
Arabica,rob tuttle,Guatemala,Other,1,2 kg,Specialty Coffee Association,"December 27th, 2013",Bourbon,Washed / Wet,7.58,7.58,7.25,7.58,7.58,7.58,7.75,82.92,0.1,0,Green,4,431.999136,Baja (Arabica),Heritage ROB,82.92,82.68286808841157,Premium,Premium,Sí
Arabica,racafe & cia s.c.a,Colombia,huila,250,70 kg,Almacafé,"September 13th, 2013",Caturra,Washed / Wet,7.58,7.5,7.75,7.33,7.58,7.58,7.58,82.92,0.11,0,Green,2,1900.0,Premium (Arabica),Heritage RAC,82.92,83.135961881316,Premium,Premium,Sí
Arabica,exportadora de cafe condor s.a,Colombia,huila,250,70 kg,Almacafé,"March 20th, 2013",Caturra,Natural / Dry,7.75,7.5,7.25,7.5,7.75,7.5,7.67,82.92,0.0,0,Blue-Green,0,1750.0,Alta (Arabica),Heritage EXP,82.92,83.73539227725838,Premium,Premium,Sí
Arabica,juan luis alvarado romero,Guatemala,huehuetenango,250,69 kg,Asociacion Nacional Del Café,"March 11th, 2013",Bourbon,Washed / Wet,7.83,7.75,7.25,7.92,7.5,7.17,7.5,82.92,0.11,0,Green,2,520.2570240000001,Baja (Arabica),Mill JUA,82.92,82.94444683350308,Premium,Premium,Sí
Arabica,olam agro colombia,Colombia,Other,250,70 kg,Almacafé,"January 22nd, 2013",Other,Washed / Wet,7.83,7.67,7.42,7.42,7.5,7.58,7.5,82.92,0.11,3,Green,5,1450.0,Media (Arabica),Private Reserve OLA,82.92,82.73799827755137,Premium,Premium,Sí
Arabica,maria guadalupe gomez anzo,Mexico,Other,15,1 kg,AMECAFE,"July 26th, 2012",Typica,Natural / Dry,7.58,7.58,7.33,7.25,7.58,7.75,7.83,82.92,0.1,0,Green,4,1248.0,Media (Arabica),Private Reserve MAR,82.92,82.7719425229473,Premium,Premium,Sí
Arabica,royal base corporation,Other,Other,1,2 kg,Specialty Coffee Association,"July 20th, 2012",Other,Natural / Dry,7.67,7.33,7.17,7.58,8.08,7.42,7.67,82.92,0.0,0,Green,17,1040.0,Media (Arabica),Select Harvest ROY,82.92,82.65330612224297,Premium,Premium,Sí
Arabica,veronica lopez castillejos,Mexico,Other,100,1 kg,AMECAFE,"March 5th, 2012",Typica,Washed / Wet,8.0,7.92,7.67,7.17,7.67,7.42,7.75,82.92,0.14,1,Green,4,1400.0,Media (Arabica),Origins VER,82.92,81.71095230148971,Premium,Estándar,No
Arabica,kona pacific farmers cooperative,United States (Hawaii),kona,8,100 lbs,Specialty Coffee Association,"February 23rd, 2012",Hawaiian Kona,Washed / Wet,7.5,7.5,7.5,7.42,7.67,7.83,7.5,82.92,0.1,0,Green,0,157.93516800000003,Baja (Arabica),Private Reserve KON,82.92,82.32995805498227,Premium,Estándar,No
Arabica,racafe & cia s.c.a,Colombia,cauca,250,70 kg,Almacafé,"July 19th, 2011",Caturra,Washed / Wet,7.5,7.75,7.33,7.75,7.08,7.83,7.67,82.92,0.15,0,Green,0,1450.0,Media (Arabica),Heritage RAC,82.92,82.94027642340812,Premium,Premium,Sí
Arabica,doi tung development project,Thailand,Other,2,1 lbs,Specialty Coffee Association,"April 13th, 2010",Caturra,Washed / Wet,7.42,7.58,7.5,7.17,7.5,8.0,7.75,82.92,0.0,0,Blue-Green,0,800.0,Baja (Arabica),Origins DOI,82.92,83.01998832150167,Premium,Premium,Sí
Arabica,jungle estate,Kenya,Other,27,50 kg,Kenya Coffee Traders Association,"October 13th, 2017",SL28,Washed / Wet,7.75,7.58,7.42,7.58,7.5,7.5,7.5,82.83,0.1,0,Green,3,1754.0,Alta (Arabica),Private Reserve JUN,82.83,84.06430823835703,Premium,Premium,Sí
Arabica,juan luis alvarado romero,Guatemala,san marcos,50,69 kg,Asociacion Nacional Del Café,"June 22nd, 2017",Bourbon,Washed / Wet,7.5,7.58,7.33,7.67,7.58,7.58,7.58,82.83,0.11,1,Green,2,1700.0,Alta (Arabica),Mill JUA,82.83,82.33229227734508,Premium,Estándar,No
Arabica,ipanema coffees,Brazil,south of minas,320,60 kg,Brazil Specialty Coffee Association,"February 6th, 2017",Yellow Bourbon,Pulped Natural / Honey,7.67,7.58,7.58,7.5,7.5,7.42,7.58,82.83,0.11,0,Blue-Green,2,905.0,Baja (Arabica),Private Reserve IPA,82.83,82.83107250297158,Premium,Premium,Sí
Arabica,consejo salvadoreño del café,El Salvador,Other,275,69 kg,Salvadoran Coffee Council,"April 8th, 2016",Pacas,Washed / Wet,7.33,7.67,7.67,7.83,7.33,7.67,7.33,82.83,0.0,0,Green,4,1250.0,Media (Arabica),Heritage CON,82.83,82.73157769702927,Premium,Premium,Sí
Arabica,samuel muhirwa,Other,Other,150,60 kg,Specialty Coffee Association,"March 25th, 2016",Bourbon,Washed / Wet,7.83,7.92,7.75,7.83,7.75,7.75,8.0,82.83,0.11,0,Blue-Green,0,1900.0,Premium (Arabica),Origins SAM,82.83,82.93001253745577,Premium,Premium,Sí
Arabica,"sunvirtue co., ltd.",Other,Other,3,2 kg,Specialty Coffee Association,"January 19th, 2016",Other,Other,7.25,7.58,7.5,7.42,7.75,7.42,7.92,82.83,0.11,11,Green,0,1040.0,Media (Arabica),Heritage SUN,82.83,82.40537445637146,Premium,Estándar,No
Arabica,juan luis alvarado romero,Guatemala,oriente,80,69 kg,Asociacion Nacional Del Café,"July 20th, 2015",Bourbon,Washed / Wet,7.58,7.58,7.33,7.67,7.67,7.5,7.5,82.83,0.11,0,Green,2,371.61216,Baja (Arabica),Mill JUA,82.83,82.20971329266021,Premium,Estándar,No
Arabica,cafebras,Brazil,cerrado,300,60 kg,Brazil Specialty Coffee Association,"May 26th, 2015",Catuai,Natural / Dry,7.58,7.83,7.33,7.67,7.42,7.33,7.67,82.83,0.12,2,Green,6,900.0,Baja (Arabica),Select Harvest CAF,82.83,81.63135138544776,Premium,Estándar,No
Arabica,essencecoffee,Colombia,huila,100,24 kg,Blossom Valley International,"March 21st, 2015",Other,Washed / Wet,7.83,7.67,7.5,7.58,7.5,7.67,7.08,82.83,0.0,0,Green,1,1600.0,Alta (Arabica),Private Reserve ESS,82.83,83.62575331229078,Premium,Premium,Sí
Arabica,joshua marsceau,Other,Other,300,60 kg,Specialty Coffee Association,"February 20th, 2015",Other,Other,7.42,7.58,7.25,7.5,7.75,7.75,7.58,82.83,0.0,0,Other,9,1200.0,Media (Arabica),Private Reserve JOS,82.83,82.73022350306707,Premium,Premium,Sí
Arabica,juan luis alvarado romero,Guatemala,antigua,250,69 kg,Asociacion Nacional Del Café,"March 24th, 2014",Bourbon,Washed / Wet,7.67,7.67,7.75,7.67,7.42,7.17,7.5,82.83,0.1,0,Green,4,1500.0,Alta (Arabica),Mill JUA,82.83,82.84797680214034,Premium,Premium,Sí
Arabica,"coffeebythebag.com , inc",Colombia,santander,40,1 kg,Almacafé,"January 20th, 2014",Typica,Natural / Dry,7.5,7.42,7.58,7.5,7.58,7.58,7.67,82.83,0.0,4,Green,4,1800.0,Premium (Arabica),Select Harvest COF,82.83,82.72973265842849,Premium,Premium,Sí
Arabica,racafe & cia s.c.a,Colombia,huila,125,70 kg,Almacafé,"May 10th, 2013",Caturra,Washed / Wet,7.83,7.5,7.5,7.42,7.5,7.5,7.58,82.83,0.11,0,Green,3,1775.0,Alta (Arabica),Heritage RAC,82.83,83.13434426937019,Premium,Premium,Sí
Arabica,edwin agasso,"Tanzania, United Republic Of",Other,300,2 kg,Tanzanian Coffee Board,"April 19th, 2013",Other,Washed / Wet,7.67,7.5,7.33,7.25,7.58,7.75,7.75,82.83,0.11,0,Green,5,1400.0,Media (Arabica),Origins EDW,82.83,82.12564587745221,Premium,Estándar,No
Arabica,armando luis pohlenz martinez,Mexico,la concordia,250,1 kg,AMECAFE,"August 30th, 2012",Caturra,Washed / Wet,7.58,7.67,7.5,7.58,7.5,7.5,7.5,82.83,0.12,2,Green,10,1550.0,Alta (Arabica),Select Harvest ARM,82.83,81.21209229176841,Premium,Estándar,No
Arabica,alfredo bojalil,Mexico,veracruz,250,1 kg,AMECAFE,"July 11th, 2012",Bourbon,Washed / Wet,7.67,7.58,7.42,7.75,7.42,7.42,7.58,82.83,0.12,0,Blue-Green,7,1250.0,Media (Arabica),Origins ALF,82.83,81.95545982786207,Premium,Estándar,No
Arabica,juan luis alvarado romero,Guatemala,oriente,250,1 kg,Asociacion Nacional Del Café,"July 9th, 2012",Bourbon,Washed / Wet,7.67,7.67,7.33,7.5,7.33,7.92,7.42,82.83,0.11,0,Green,10,399.4830720000001,Baja (Arabica),Mill JUA,82.83,80.26217582437837,Premium,Estándar,No
Arabica,alfredo bojalil,Mexico,la concordia,250,1 kg,AMECAFE,"June 6th, 2012",Typica,Washed / Wet,7.58,7.58,7.5,7.42,7.67,7.58,7.5,82.83,0.11,0,Green,2,1380.0,Media (Arabica),Origins ALF,82.83,81.89684001510723,Premium,Estándar,No
Arabica,the coffee source inc.,El Salvador,Other,250,69 kg,Specialty Coffee Association,"August 23rd, 2011",Bourbon,Washed / Wet,7.75,7.58,7.75,7.75,7.25,7.5,7.25,82.83,0.0,1,Green,3,1200.0,Media (Arabica),Origins THE,82.83,82.7264785353701,Premium,Premium,Sí
Arabica,juan luis alvarado romero,Guatemala,santa rosa,275,69 kg,Asociacion Nacional Del Café,"January 9th, 2018",Caturra,Washed / Wet,7.5,7.58,7.42,7.67,7.58,7.5,7.5,82.75,0.1,0,Green,3,1100.0,Media (Arabica),Mill JUA,82.75,82.64989332169586,Premium,Premium,Sí
Arabica,juan luis alvarado romero,Guatemala,santa rosa,275,69 kg,Asociacion Nacional Del Café,"October 17th, 2017",Caturra,Washed / Wet,7.58,7.67,7.5,7.58,7.5,7.42,7.5,82.75,0.11,0,Green,8,1800.0,Premium (Arabica),Mill JUA,82.75,82.36353498709325,Premium,Estándar,No
Arabica,juan luis alvarado romero,Guatemala,san marcos,50,69 kg,Asociacion Nacional Del Café,"September 19th, 2017",Bourbon,Washed / Wet,7.5,7.67,7.17,7.67,7.67,7.58,7.5,82.75,0.11,0,Green,4,1700.0,Alta (Arabica),Mill JUA,82.75,82.21769883252703,Premium,Estándar,No
Arabica,juan luis alvarado romero,Guatemala,santa rosa,50,69 kg,Asociacion Nacional Del Café,"September 8th, 2017",Bourbon,Washed / Wet,7.5,7.5,7.42,7.58,7.67,7.5,7.58,82.75,0.1,0,Green,1,371.61216,Baja (Arabica),Mill JUA,82.75,82.25283868419183,Premium,Estándar,No
Arabica,juan luis alvarado romero,Guatemala,oriente,25,69 kg,Asociacion Nacional Del Café,"August 22nd, 2017",Bourbon,Washed / Wet,7.42,7.58,7.42,7.67,7.5,7.5,7.67,82.75,0.1,0,Green,1,371.61216,Baja (Arabica),Mill JUA,82.75,82.57334353761635,Premium,Premium,Sí
Arabica,sanjava coffee,Indonesia,Other,2,1 kg,Specialty Coffee Association of Indonesia,"August 8th, 2017",Other,Other,7.5,7.58,7.42,7.58,7.58,7.5,7.58,82.75,0.12,0,Blue-Green,15,1500.0,Alta (Arabica),Select Harvest SAN,82.75,81.66777677526136,Premium,Estándar,No
Arabica,juan luis alvarado romero,Guatemala,Other,25,69 kg,Asociacion Nacional Del Café,"June 1st, 2017",Bourbon,Washed / Wet,7.58,7.58,7.33,7.58,7.33,7.67,7.67,82.75,0.12,0,Green,0,48.12377472000001,Baja (Arabica),Mill JUA,82.75,82.85035175826344,Premium,Premium,Sí
Arabica,"lin, che-hao krude 林哲豪",Taiwan,Other,8,10 kg,Specialty Coffee Association,"June 1st, 2017",Yellow Bourbon,Natural / Dry,7.83,7.67,7.33,7.67,7.58,7.67,7.67,82.75,0.0,0,Green,0,650.0,Baja (Arabica),Heritage LIN,82.75,82.56998823599385,Premium,Premium,Sí
Arabica,consejo salvadoreño del café,El Salvador,Other,275,69 kg,Salvadoran Coffee Council,"May 8th, 2017",Bourbon,Washed / Wet,7.67,7.67,7.17,7.33,7.58,7.67,7.67,82.75,0.0,0,Green,4,1250.0,Media (Arabica),Heritage CON,82.75,82.84557968278521,Premium,Premium,Sí
Arabica,"ceca, s.a.",Costa Rica,tarrazu,250,69 kg,Specialty Coffee Association of Costa Rica,"April 28th, 2017",Caturra,Washed / Wet,7.58,7.5,7.42,7.67,7.42,7.5,7.67,82.75,0.09,0,Blue-Green,1,1850.0,Premium (Arabica),Select Harvest CEC,82.75,83.7077349455997,Premium,Premium,Sí
Arabica,bismarck castro,Honduras,comayagua,275,69 kg,Instituto Hondureño del Café,"April 6th, 2017",Caturra,Natural / Dry,7.58,7.5,7.42,7.58,7.5,7.5,7.67,82.75,0.09,0,Green,6,1400.0,Media (Arabica),Heritage BIS,82.75,82.65026821305702,Premium,Premium,Sí
Arabica,ipanema coffees,Brazil,south of minas,320,60 kg,Brazil Specialty Coffee Association,"April 25th, 2016",Yellow Bourbon,Pulped Natural / Honey,7.5,7.5,7.58,7.5,7.58,7.58,7.5,82.75,0.11,0,Blue-Green,1,905.0,Baja (Arabica),Private Reserve IPA,82.75,82.84974613306247,Premium,Premium,Sí
Arabica,yunnan coffee exchange,China,yunnan,3,60 kg,Yunnan Coffee Exchange,"April 6th, 2016",Catimor,Natural / Dry,7.67,7.5,7.33,7.33,7.67,7.67,7.58,82.75,0.1,0,Green,0,1100.0,Media (Arabica),Private Reserve YUN,82.75,83.47703221029198,Premium,Premium,Sí
Arabica,yunnan coffee exchange,China,Other,3,60 kg,Yunnan Coffee Exchange,"April 5th, 2016",Catimor,Washed / Wet,7.5,7.67,7.42,7.67,7.5,7.5,7.5,82.75,0.11,0,Green,2,1500.0,Alta (Arabica),Private Reserve YUN,82.75,82.92889946849455,Premium,Premium,Sí
Arabica,racafe & cia s.c.a,Colombia,huila,250,70 kg,Almacafé,"November 7th, 2014",Caturra,Washed / Wet,7.5,7.58,7.58,7.75,7.33,7.5,7.5,82.75,0.0,0,Blue-Green,2,1775.0,Alta (Arabica),Heritage RAC,82.75,83.67202446112474,Premium,Premium,Sí
Arabica,afca,Malawi,Other,29,60 kg,Africa Fine Coffee Association,"November 4th, 2014",Gesha,Washed / Wet,7.75,7.58,7.42,7.5,7.33,7.5,7.67,82.75,0.12,0,Blue-Green,0,1442.0,Media (Arabica),Private Reserve AFC,82.75,82.49680350365472,Premium,Estándar,No
Arabica,juan luis alvarado romero,Guatemala,Other,250,69 kg,Asociacion Nacional Del Café,"June 16th, 2014",Pacas,Washed / Wet,7.75,7.42,7.25,7.75,7.5,7.67,7.42,82.75,0.13,0,Green,2,464.5152000000001,Baja (Arabica),Mill JUA,82.75,82.28355713103414,Premium,Estándar,No
Arabica,coffee export,Colombia,huila,275,1 kg,Almacafé,"May 27th, 2014",Typica,Washed / Wet,7.67,7.42,7.42,7.58,7.33,7.67,7.67,82.75,0.12,0,Green,0,165.0,Baja (Arabica),Private Reserve COF,82.75,82.65020801082495,Premium,Premium,Sí
Arabica,eileen koyanagi,United States (Hawaii),kona,10,80 lbs,Specialty Coffee Association,"February 5th, 2014",Hawaiian Kona,Natural / Dry,7.67,7.58,7.42,7.83,7.33,7.5,7.42,82.75,0.1,6,Blue-Green,0,157.93516800000003,Baja (Arabica),Select Harvest EIL,82.75,81.27966732015476,Premium,Estándar,No
Arabica,eileen koyanagi,United States (Hawaii),kona,6,100 lbs,Specialty Coffee Association,"February 4th, 2014",Hawaiian Kona,Natural / Dry,7.58,7.83,7.75,7.75,7.42,8.0,7.75,82.75,0.1,0,Green,0,157.93516800000003,Baja (Arabica),Select Harvest EIL,82.75,82.38757308104506,Premium,Estándar,No
Arabica,the coffee source inc.,Colombia,Other,250,1 kg,Specialty Coffee Association of Costa Rica,"January 21st, 2014",Caturra,Washed / Wet,7.58,7.33,7.17,7.33,7.25,8.58,7.5,82.75,0.1,0,Green,2,1300.0,Media (Arabica),Origins THE,82.75,82.97144516316492,Premium,Premium,Sí
Arabica,nestor mendez gomez,Mexico,chiapas,32,1 kg,AMECAFE,"March 29th, 2013",Typica,Washed / Wet,7.58,7.58,7.5,7.5,7.5,7.5,7.58,82.75,0.12,0,Green,6,1550.0,Alta (Arabica),Private Reserve NES,82.75,81.55291835706561,Premium,Estándar,No
Arabica,sergio de la vequia bernardi,Mexico,veracruz,250,1 kg,AMECAFE,"July 11th, 2012",Typica,Washed / Wet,7.58,7.58,7.33,7.75,7.25,7.58,7.67,82.75,0.12,0,Green,0,1200.0,Media (Arabica),Origins SER,82.75,81.76018856836649,Premium,Estándar,No
Arabica,romulo bello flores,Mexico,Other,21,1 kg,AMECAFE,"June 6th, 2012",Typica,Natural / Dry,8.08,8.17,8.0,8.0,7.83,7.92,8.08,82.75,0.12,1,Green,4,1200.0,Media (Arabica),Heritage ROM,82.75,82.46337737682653,Premium,Estándar,No
Arabica,Desconocido,Colombia,Other,250,70 kg,Almacafé,"April 11th, 2012",Caturra,Washed / Wet,7.5,7.58,7.42,7.67,7.5,7.58,7.5,82.75,0.0,0,Blue-Green,0,1625.0,Alta (Arabica),Private Reserve DES,82.75,83.50732005739204,Premium,Premium,Sí
Arabica,racafe & cia s.c.a,Colombia,huila,100,70 kg,Almacafé,"March 5th, 2012",Caturra,Washed / Wet,7.67,7.58,7.58,7.58,7.5,7.42,7.42,82.75,0.11,0,Green,3,1775.0,Alta (Arabica),Heritage RAC,82.75,83.13434426937019,Premium,Premium,Sí
Arabica,kona pacific farmers cooperative,United States (Hawaii),kona,6,100 lbs,Specialty Coffee Association,"February 23rd, 2012",Hawaiian Kona,Washed / Wet,7.25,7.75,7.5,7.83,7.67,7.67,7.75,82.75,0.12,0,Green,0,157.93516800000003,Baja (Arabica),Private Reserve KON,82.75,82.1075342989967,Premium,Estándar,No
Arabica,rachel peterson,Other,Other,300,2 kg,Specialty Coffee Association,"February 23rd, 2012",Catuai,Washed / Wet,7.42,7.42,7.5,7.58,7.5,7.75,7.58,82.75,0.0,0,Green,4,1100.0,Media (Arabica),Origins RAC,82.75,82.24449512788806,Premium,Estándar,No
Arabica,kona pacific farmers cooperative,United States (Hawaii),kona,14,1,Specialty Coffee Association,"June 29th, 2010",Hawaiian Kona,Natural / Dry,7.75,7.67,7.5,7.83,7.17,7.42,7.42,82.75,0.0,0,Blue-Green,2,157.93516800000003,Baja (Arabica),Private Reserve KON,82.75,83.36078210660311,Premium,Premium,Sí
Arabica,ipanema coffees,Brazil,south of minas,320,60 kg,Brazil Specialty Coffee Association,"October 20th, 2017",Bourbon,Natural / Dry,7.5,7.58,7.25,7.75,7.58,7.5,7.5,82.67,0.0,0,Green,4,890.0,Baja (Arabica),Private Reserve IPA,82.67,82.77015412117206,Premium,Premium,Sí
Arabica,ipanema coffees,Brazil,south of minas,320,60 kg,Brazil Specialty Coffee Association,"August 16th, 2016",Bourbon,Natural / Dry,7.5,7.58,7.5,7.67,7.5,7.42,7.5,82.67,0.11,0,Blue-Green,3,934.0,Baja (Arabica),Private Reserve IPA,82.67,82.82138643129694,Premium,Premium,Sí
Arabica,cqi taiwan icp cqi台灣合作夥伴,Other,Other,60,50 kg,Blossom Valley International,"June 2nd, 2016",Catimor,Washed / Wet,7.67,7.67,7.42,7.42,7.42,7.5,7.58,82.67,0.13,0,Blue-Green,0,1300.0,Media (Arabica),Select Harvest CQI,82.67,82.12256797228339,Premium,Estándar,No
Arabica,consejo salvadoreño del café,El Salvador,Other,275,69 kg,Salvadoran Coffee Council,"March 29th, 2016",Pacas,Washed / Wet,7.67,7.67,7.67,7.67,7.5,7.67,7.5,82.67,0.0,0,Green,7,1200.0,Media (Arabica),Heritage CON,82.67,82.52242135408272,Premium,Premium,Sí
Arabica,josé luis rojas yeo,Mexico,veracruz,8,8 kg,Centro Agroecológico del Café A.C.,"February 25th, 2016",Typica,Washed / Wet,7.5,7.67,7.42,7.75,7.42,7.17,7.75,82.67,0.11,0,Green,3,1300.0,Media (Arabica),Select Harvest JOS,82.67,81.8233881648054,Premium,Estándar,No
Arabica,federacion nacional de cafeteros,Colombia,huila,1,2 kg,Almacafé,"November 3rd, 2015",Caturra,Washed / Wet,7.75,7.5,7.33,7.58,7.33,7.75,7.42,82.67,0.0,1,Green,9,1750.0,Alta (Arabica),Select Harvest FED,82.67,83.45211313839867,Premium,Premium,Sí
Arabica,ipanema coffees,Brazil,south of minas,320,2 kg,Brazil Specialty Coffee Association,"October 8th, 2015",Yellow Bourbon,Natural / Dry,7.58,7.5,7.42,7.67,7.5,7.5,7.5,82.67,0.0,0,Green,0,1.0,Baja (Arabica),Private Reserve IPA,82.67,82.25220756981413,Premium,Estándar,No
Arabica,bourbon specialty coffees,Brazil,Other,300,60 kg,Brazil Specialty Coffee Association,"January 15th, 2015",Catuai,Natural / Dry,7.33,7.5,7.58,7.58,7.67,7.5,7.5,82.67,0.12,0,Green,9,1000.0,Media (Arabica),Origins BOU,82.67,81.59446391851083,Premium,Estándar,No
Arabica,nitin coffee estate,"Tanzania, United Republic Of",Other,93,60 kg,Africa Fine Coffee Association,"December 18th, 2014",Other,Washed / Wet,7.5,7.5,7.5,7.5,7.5,7.58,7.58,82.67,0.12,0,Green,0,1700.0,Alta (Arabica),Origins NIT,82.67,82.55844451590801,Premium,Premium,Sí
Arabica,taylor winch (t) ltd,"Tanzania, United Republic Of",Other,77,60 kg,Africa Fine Coffee Association,"December 15th, 2014",Bourbon,Washed / Wet,7.58,7.5,7.5,7.58,7.33,7.58,7.58,82.67,0.12,0,Green,4,1550.0,Alta (Arabica),Heritage TAY,82.67,82.14951145252972,Premium,Estándar,No
Arabica,cqi taiwan icp cqi台灣合作夥伴,Taiwan,Other,10,60 kg,Blossom Valley International,"November 23rd, 2014",Typica,Washed / Wet,8.0,7.83,7.83,7.42,7.25,7.25,7.08,82.67,0.08,0,Green,0,1200.0,Media (Arabica),Select Harvest CQI,82.67,82.6333757753622,Premium,Premium,Sí
Arabica,productos y servicios chilindron s.a. de c.v.,Mexico,Other,11,1 kg,AMECAFE,"August 15th, 2014",Typica,Natural / Dry,7.67,7.58,7.42,7.5,7.42,7.5,7.58,82.67,0.11,0,Green,0,1296.0,Media (Arabica),Mill PRO,82.67,82.74516140249366,Premium,Premium,Sí
Arabica,kawacom uganda ltd,Uganda,Other,1,60 kg,Uganda Coffee Development Authority,"June 25th, 2014",SL14,Washed / Wet,7.67,7.5,7.33,7.67,7.5,7.5,7.5,82.67,0.12,0,Green,0,1650.0,Alta (Arabica),Mill KAW,82.67,84.03299087498246,Premium,Premium,Sí
Arabica,cqi taiwan icp cqi台灣合作夥伴,Taiwan,Other,10,30 kg,Blossom Valley International,"December 26th, 2013",Typica,Washed / Wet,7.67,7.5,7.5,7.5,7.5,7.5,7.5,82.67,0.11,0,Green,0,1240.0,Media (Arabica),Select Harvest CQI,82.67,82.41315937933945,Premium,Estándar,No
Arabica,松澤宏樹 koju matsuzawa,Thailand,Other,300,60 kg,Specialty Coffee Institute of Asia,"September 3rd, 2013",Caturra,Washed / Wet,7.42,7.5,7.5,7.67,7.58,7.5,7.5,82.67,0.11,0,Blue-Green,0,1500.0,Alta (Arabica),Mill 松澤宏,82.67,82.78944174048898,Premium,Premium,Sí
Arabica,exportadora de cafe condor s.a,Colombia,huila,250,70 kg,Almacafé,"January 22nd, 2013",Caturra,Washed / Wet,7.75,7.58,7.67,7.25,7.58,7.42,7.42,82.67,0.11,0,Blue-Green,3,1800.0,Premium (Arabica),Heritage EXP,82.67,83.04636153310362,Premium,Premium,Sí
Arabica,adam kline,El Salvador,Other,288,1 kg,Specialty Coffee Association,"August 17th, 2012",Other,Washed / Wet,7.92,8.0,7.5,6.75,7.92,7.58,7.67,82.67,0.0,0,Green,17,1350.0,Media (Arabica),Select Harvest ADA,82.67,82.53496608103097,Premium,Premium,Sí
Arabica,juan luis alvarado romero,Guatemala,antigua,275,69 kg,Asociacion Nacional Del Café,"July 17th, 2012",Caturra,Washed / Wet,7.67,7.67,7.17,7.67,7.5,7.5,7.5,82.67,0.11,0,Green,0,1500.0,Alta (Arabica),Mill JUA,82.67,83.21236335166078,Premium,Premium,Sí
Arabica,doi tung development project,Thailand,thailand,2,1 kg,Specialty Coffee Association,"June 13th, 2012",Other,Washed / Wet,7.83,7.33,7.83,7.33,7.58,7.83,7.58,82.67,0.12,0,Blue-Green,0,800.0,Baja (Arabica),Origins DOI,82.67,82.29313707467188,Premium,Estándar,No
Arabica,montegrande,Mexico,Other,36,1 kg,AMECAFE,"June 6th, 2012",Other,Washed / Wet,7.58,7.58,7.42,7.58,7.42,7.5,7.58,82.67,0.11,0,Green,2,1100.0,Media (Arabica),Mill MON,82.67,82.36859943938498,Premium,Estándar,No
Arabica,grupo cafetalero los brujos spr de rl,Mexico,Other,23,1 kg,AMECAFE,"June 6th, 2012",Typica,Washed / Wet,7.5,7.58,7.58,7.58,7.42,7.42,7.58,82.67,0.12,0,Green,0,950.0,Baja (Arabica),Mill GRU,82.67,81.81184263768621,Premium,Estándar,No
Arabica,george a. fernandez,Colombia,Other,1,1 kg,Specialty Coffee Association,"November 16th, 2011",Caturra,Washed / Wet,7.33,7.58,7.42,7.42,7.67,7.67,7.58,82.67,0.11,0,Green,0,3850.0,Premium (Arabica),Private Reserve GEO,82.67,82.51501287194841,Premium,Premium,Sí
Arabica,kona pacific farmers cooperative,United States (Hawaii),kona,37,100 lbs,Specialty Coffee Association,"September 20th, 2011",Hawaiian Kona,Natural / Dry,7.83,7.67,7.5,7.67,7.5,7.58,7.58,82.67,0.03,2,Blue-Green,0,157.93516800000003,Baja (Arabica),Private Reserve KON,82.67,82.84872519642381,Premium,Premium,Sí
Arabica,young kim,Mexico,Other,1,1 kg,Specialty Coffee Association,"April 6th, 2011",Other,Washed / Wet,7.75,7.58,7.25,7.75,7.67,7.58,7.08,82.67,0.0,0,Green,1,1400.0,Media (Arabica),Mill YOU,82.67,82.77015456998986,Premium,Premium,Sí
Arabica,exportadora de cafe condor s.a,Colombia,huila,250,70 kg,Almacafé,"February 9th, 2011",Caturra,Washed / Wet,8.08,7.67,7.67,7.33,7.33,7.17,7.42,82.67,0.08,0,Green,3,1800.0,Premium (Arabica),Heritage EXP,82.67,83.48760834277992,Premium,Premium,Sí
Arabica,racafe & cia s.c.a,Colombia,Other,270,70 kg,Almacafé,"September 3rd, 2010",Caturra,Washed / Wet,7.5,7.42,7.33,7.33,7.67,7.83,7.58,82.67,0.21,0,Green,2,1750.0,Alta (Arabica),Heritage RAC,82.67,81.85811152300808,Premium,Estándar,No
Arabica,juan luis alvarado romero,Guatemala,oriente,25,69 kg,Asociacion Nacional Del Café,"September 8th, 2017",Bourbon,Washed / Wet,7.5,7.42,7.42,7.75,7.5,7.5,7.5,82.58,0.1,0,Green,2,371.61216,Baja (Arabica),Mill JUA,82.58,82.39334351182515,Premium,Estándar,No
Arabica,"lin, che-hao krude 林哲豪",Taiwan,Other,6,5 kg,Specialty Coffee Association,"August 22nd, 2017",Typica,Pulped Natural / Honey,7.67,7.42,7.5,7.42,7.58,7.5,7.5,82.58,0.11,0,Green,0,1050.0,Media (Arabica),Heritage LIN,82.58,82.4798641231129,Premium,Estándar,No
Arabica,gabriel barbara,Brazil,south of minas,198,59 kg,Brazil Specialty Coffee Association,"April 19th, 2017",Bourbon,Pulped Natural / Honey,7.5,7.58,7.42,7.5,7.75,7.33,7.5,82.58,0.11,0,Green,7,1000.0,Media (Arabica),Private Reserve GAB,82.58,82.2887117578682,Premium,Estándar,No
Arabica,cqi taiwan icp cqi台灣合作夥伴,Taiwan,Other,1,10 kg,Blossom Valley International,"February 13th, 2017",Typica,Washed / Wet,7.25,7.25,7.0,7.08,7.0,7.0,10.0,82.58,0.11,0,Blue-Green,0,200.0,Baja (Arabica),Select Harvest CQI,82.58,81.64991540559284,Premium,Estándar,No
Arabica,bourbon specialty coffees,Brazil,Other,300,60 kg,Brazil Specialty Coffee Association,"December 28th, 2015",Bourbon,Natural / Dry,7.42,7.42,7.5,7.33,7.25,7.67,8.0,82.58,0.0,1,Green,2,1000.0,Media (Arabica),Origins BOU,82.58,82.67991463710727,Premium,Premium,Sí
Arabica,andry simarmata,Indonesia,Other,150,2 kg,Torch Coffee Lab Yunnan,"September 15th, 2015",Typica,Semi-Washed / Semi-Pulped,7.83,7.58,7.42,7.33,7.42,7.5,7.5,82.58,0.13,0,Blue-Green,6,1250.0,Media (Arabica),Mill AND,82.58,82.47997035939628,Premium,Estándar,No
Arabica,doi tung development project,Thailand,thailand,1,1 kg,Specialty Coffee Association,"June 9th, 2015",Caturra,Washed / Wet,7.75,7.33,7.42,7.67,7.42,7.5,7.5,82.58,0.12,0,Green,0,800.0,Baja (Arabica),Origins DOI,82.58,82.39969865628896,Premium,Estándar,No
Arabica,松澤宏樹 koju matsuzawa,Thailand,Other,50,20 kg,Specialty Coffee Institute of Asia,"February 15th, 2015",Caturra,Washed / Wet,7.42,7.58,7.58,7.42,7.58,7.5,7.5,82.58,0.12,0,Blue-Green,1,1450.0,Media (Arabica),Mill 松澤宏,82.58,82.58740332288365,Premium,Premium,Sí
Arabica,tembo coffee company ltd,"Tanzania, United Republic Of",Other,10,60 kg,Africa Fine Coffee Association,"December 12th, 2014",Other,Washed / Wet,7.75,7.42,7.33,7.5,7.58,7.5,7.5,82.58,0.12,0,Green,1,1317.0,Media (Arabica),Heritage TEM,82.58,81.98643377198114,Premium,Estándar,No
Arabica,kawacom uganda ltd,Uganda,Other,1,60 kg,Uganda Coffee Development Authority,"June 30th, 2014",SL14,Natural / Dry,7.83,7.5,7.42,7.58,7.42,7.42,7.42,82.58,0.12,0,Green,0,1650.0,Alta (Arabica),Mill KAW,82.58,84.27165427237877,Premium,Premium,Sí
Arabica,eric thormaehlen,Costa Rica,Other,250,1 kg,Specialty Coffee Association of Costa Rica,"May 9th, 2014",Catuai,Washed / Wet,7.67,7.42,7.5,7.67,7.0,7.75,7.58,82.58,0.11,0,Green,3,1300.0,Media (Arabica),Heritage ERI,82.58,82.83186135543693,Premium,Premium,Sí
Arabica,dane loraas,Mexico,veracruz,320,5 lbs,Specialty Coffee Association,"April 18th, 2014",Typica,Washed / Wet,7.58,7.58,7.42,7.75,7.67,7.67,7.58,82.58,0.0,0,Green,11,1250.0,Media (Arabica),Heritage DAN,82.58,81.4134384686054,Premium,Estándar,No
Arabica,brent hall,Guatemala,Other,1,2 kg,Specialty Coffee Association,"December 10th, 2013",Bourbon,Natural / Dry,7.5,7.58,7.42,7.58,7.42,7.58,7.5,82.58,0.0,0,Blue-Green,4,431.999136,Baja (Arabica),Select Harvest BRE,82.58,83.00083073546766,Premium,Premium,Sí
Arabica,exportadora de cafe condor s.a,Colombia,huila,250,70 kg,Almacafé,"April 16th, 2013",Caturra,Washed / Wet,7.75,7.25,7.33,7.42,7.5,7.83,7.5,82.58,0.11,0,Blue-Green,3,1750.0,Alta (Arabica),Heritage EXP,82.58,83.05381748865616,Premium,Premium,Sí
Arabica,exportadora de cafe condor s.a,Colombia,huila,250,70 kg,Almacafé,"October 9th, 2012",Caturra,Washed / Wet,7.75,7.5,7.75,7.25,7.33,7.58,7.42,82.58,0.11,0,Green,3,1750.0,Alta (Arabica),Heritage EXP,82.58,83.13470559126405,Premium,Premium,Sí
Arabica,exportadora de cafe condor s.a,Colombia,huila,250,70 kg,Almacafé,"February 27th, 2013",Caturra,Washed / Wet,7.58,7.5,7.42,7.58,7.67,7.42,7.42,82.58,0.11,0,Green,0,1750.0,Alta (Arabica),Heritage EXP,82.58,83.10005873991479,Premium,Premium,Sí
Arabica,guillermo rojas saldana,Mexico,Other,50,1 kg,AMECAFE,"September 4th, 2012",Typica,Washed / Wet,7.5,7.58,7.5,7.5,7.42,7.5,7.58,82.58,0.1,0,Green,6,1250.0,Media (Arabica),Private Reserve GUI,82.58,81.88334635329701,Premium,Estándar,No
Arabica,organizaciones de productores de cafe colimense,Mexico,Other,70,1 kg,AMECAFE,"July 2nd, 2012",Typica,Washed / Wet,7.67,7.58,7.58,7.75,7.67,6.83,7.5,82.58,0.12,0,Green,0,1150.0,Media (Arabica),Origins ORG,82.58,81.8815109574037,Premium,Estándar,No
Arabica,racafe & cia s.c.a,Colombia,huila,275,70 kg,Almacafé,"June 13th, 2012",Caturra,Washed / Wet,7.33,7.42,7.58,7.42,7.67,7.5,7.67,82.58,0.11,2,Green,2,1775.0,Alta (Arabica),Heritage RAC,82.58,82.93057895878434,Premium,Premium,Sí
Arabica,nucoffee,Brazil,south of minas,42,60 kg,NUCOFFEE,"October 28th, 2011",Mundo Novo,Natural / Dry,7.58,7.5,7.33,7.75,7.5,7.5,7.42,82.58,0.0,0,Green,4,975.0,Baja (Arabica),Heritage NUC,82.58,82.52902519995433,Premium,Premium,Sí
Arabica,ipanema coffees,Brazil,south of minas,320,60 kg,Brazil Specialty Coffee Association,"October 20th, 2017",Bourbon,Natural / Dry,7.5,7.5,7.5,7.5,7.58,7.5,7.42,82.5,0.11,0,Green,4,890.0,Baja (Arabica),Private Reserve IPA,82.5,82.59991069835688,Premium,Premium,Sí
Arabica,sanjava coffee,Indonesia,Other,2,1 kg,Specialty Coffee Association of Indonesia,"September 4th, 2017",Other,Washed / Wet,7.83,7.75,7.25,7.5,7.42,7.33,7.42,82.5,0.11,0,Green,5,1250.0,Media (Arabica),Select Harvest SAN,82.5,82.40006963996447,Premium,Estándar,No
Arabica,elsy reyes,Honduras,comayagua,275,69 kg,Instituto Hondureño del Café,"June 3rd, 2017",Caturra,Washed / Wet,7.58,7.58,7.33,7.5,7.5,7.5,7.5,82.5,0.1,0,Green,4,1400.0,Media (Arabica),Mill ELS,82.5,82.39979635743865,Premium,Estándar,No
Arabica,juan luis alvarado romero,Guatemala,oriente,50,69 kg,Asociacion Nacional Del Café,"March 16th, 2016",Bourbon,Washed / Wet,7.5,7.5,7.33,7.5,7.67,7.5,7.5,82.5,0.1,0,Green,2,371.61216,Baja (Arabica),Mill JUA,82.5,82.39334351182515,Premium,Estándar,No
Arabica,doi tung development project,Thailand,thailand,1,1 kg,Specialty Coffee Association,"June 9th, 2015",Caturra,Washed / Wet,7.5,7.83,7.5,7.75,7.33,7.42,7.83,82.5,0.12,0,Green,0,800.0,Baja (Arabica),Origins DOI,82.5,82.39969865628896,Premium,Estándar,No
Arabica,松澤宏樹 koju matsuzawa,Thailand,Other,50,20 kg,Specialty Coffee Institute of Asia,"February 15th, 2015",Caturra,Washed / Wet,7.33,7.5,7.5,7.5,7.67,7.5,7.5,82.5,0.11,0,Blue-Green,0,1450.0,Media (Arabica),Mill 松澤宏,82.5,82.76965725668299,Premium,Premium,Sí
Arabica,shah plantations,"Tanzania, United Republic Of",Other,37,60 kg,Africa Fine Coffee Association,"December 18th, 2014",Other,Washed / Wet,7.67,7.42,7.33,7.58,7.5,7.5,7.5,82.5,0.12,0,Green,1,1600.0,Alta (Arabica),Mill SHA,82.5,82.40016938014895,Premium,Estándar,No
Arabica,amkeni gourmet coffee group,"Tanzania, United Republic Of",Other,5,60 kg,Africa Fine Coffee Association,"December 12th, 2014",Other,Washed / Wet,7.75,7.0,7.42,7.58,7.58,7.58,7.58,82.5,0.12,0,Blue-Green,3,1600.0,Alta (Arabica),Select Harvest AMK,82.5,82.40859644613539,Premium,Estándar,No
Arabica,lusso lab,Mexico,chiapas,2,2 kg,Specialty Coffee Association,"April 14th, 2014",Other,Washed / Wet,7.42,7.58,7.5,7.67,7.25,7.5,7.58,82.5,0.0,0,Green,1,1600.0,Alta (Arabica),Mill LUS,82.5,82.59978076939116,Premium,Premium,Sí
Arabica,ipanema coffees,Brazil,south of minas,69,60 kg,Specialty Coffee Association,"January 14th, 2014",Yellow Bourbon,Semi-Washed / Semi-Pulped,7.42,7.5,7.67,7.33,7.42,7.67,7.5,82.5,0.11,0,Blue-Green,0,1260.0,Media (Arabica),Private Reserve IPA,82.5,83.12015888046693,Premium,Premium,Sí
Arabica,juan luis alvarado romero,Guatemala,oriente,250,69 kg,Asociacion Nacional Del Café,"May 30th, 2013",Bourbon,Washed / Wet,7.83,7.42,7.33,7.67,7.42,7.5,7.33,82.5,0.12,0,Green,4,399.4830720000001,Baja (Arabica),Mill JUA,82.5,81.58522938628123,Premium,Estándar,No
Arabica,exportadora de cafe condor s.a,Colombia,huila,250,70 kg,Almacafé,"May 7th, 2013",Caturra,Washed / Wet,7.5,7.5,7.42,7.42,7.58,7.58,7.5,82.5,0.11,0,Green,1,1750.0,Alta (Arabica),Heritage EXP,82.5,83.13111757525243,Premium,Premium,Sí
Arabica,juan luis alvarado romero,Guatemala,oriente,250,69 kg,Asociacion Nacional Del Café,"February 26th, 2013",Bourbon,Washed / Wet,7.83,7.67,7.17,7.33,7.5,7.67,7.33,82.5,0.11,0,Green,0,399.4830720000001,Baja (Arabica),Mill JUA,82.5,82.5482824947272,Premium,Premium,Sí
Arabica,saul m. hernandez ramirez,Mexico,Other,10,1 kg,AMECAFE,"September 27th, 2012",Typica,Washed / Wet,7.5,7.58,7.5,7.5,7.42,7.42,7.58,82.5,0.13,0,Green,10,1679.0,Alta (Arabica),Origins SAU,82.5,81.5897343130244,Premium,Estándar,No
Arabica,enrique mitre lopez,Mexico,Other,10,1 kg,AMECAFE,"July 26th, 2012",Typica,Washed / Wet,7.67,7.5,7.33,7.67,7.5,7.33,7.5,82.5,0.12,0,Green,5,1100.0,Media (Arabica),Select Harvest ENR,82.5,81.72384831428415,Premium,Estándar,No
Arabica,enrique eduardo lopez aguilar,Mexico,la concordia,28,1 kg,AMECAFE,"June 7th, 2012",Typica,Semi-Washed / Semi-Pulped,7.92,7.5,7.33,7.58,7.25,7.42,7.5,82.5,0.11,0,Green,2,1650.0,Alta (Arabica),Origins ENR,82.5,82.6004593981973,Premium,Premium,Sí
Arabica,juan luis alvarado romero,Guatemala,oriente,275,1 kg,Asociacion Nacional Del Café,"March 26th, 2012",Caturra,Natural / Dry,7.67,7.33,7.33,7.33,7.5,7.83,7.5,82.5,0.11,0,Green,5,431.999136,Baja (Arabica),Mill JUA,82.5,82.52049583609079,Premium,Premium,Sí
Arabica,jacques pereira carneiro,Brazil,Other,300,60 kg,NUCOFFEE,"March 16th, 2012",Bourbon,Semi-Washed / Semi-Pulped,7.67,7.42,7.33,7.67,7.5,7.5,7.42,82.5,0.0,0,Blue-Green,4,1250.0,Media (Arabica),Select Harvest JAC,82.5,82.60014324743993,Premium,Premium,Sí
Arabica,racafe & cia s.c.a,Colombia,huila,275,70 kg,Almacafé,"March 5th, 2012",Caturra,Washed / Wet,7.67,7.5,7.33,7.5,7.25,7.67,7.58,82.5,0.11,1,Green,3,1775.0,Alta (Arabica),Heritage RAC,82.5,83.05360561575773,Premium,Premium,Sí
Arabica,kona pacific farmers cooperative,United States (Hawaii),kona,7,100 lbs,Specialty Coffee Association,"February 23rd, 2012",Hawaiian Kona,Washed / Wet,7.33,7.42,7.33,7.75,7.42,7.67,7.58,82.5,0.12,2,Green,3,157.93516800000003,Baja (Arabica),Private Reserve KON,82.5,81.2163319400033,Premium,Estándar,No
Arabica,adam kline,Guatemala,huehuetenango,245,1,Specialty Coffee Association,"July 23rd, 2010",Bourbon,Washed / Wet,7.75,7.58,7.67,7.67,7.58,7.58,7.33,82.5,0.01,1,Green,14,1600.0,Alta (Arabica),Select Harvest ADA,82.5,82.33003014087349,Premium,Estándar,No
Arabica,brian beck,Honduras,Other,1,2 kg,Specialty Coffee Association,"September 27th, 2017",Other,Washed / Wet,7.42,7.67,7.17,7.58,7.58,7.5,7.5,82.42,0.12,0,Green,6,1500.0,Alta (Arabica),Mill BRI,82.42,81.9180534784693,Estándar,Estándar,Sí
Arabica,juan luis alvarado romero,Guatemala,san marcos,50,69 kg,Asociacion Nacional Del Café,"September 8th, 2017",Bourbon,Washed / Wet,7.58,7.5,7.33,7.75,7.33,7.5,7.42,82.42,0.1,0,Green,2,1700.0,Alta (Arabica),Mill JUA,82.42,82.51962899668163,Estándar,Premium,No
Arabica,juan luis alvarado romero,Guatemala,san marcos,50,69 kg,Asociacion Nacional Del Café,"June 1st, 2017",Bourbon,Washed / Wet,7.67,7.58,7.25,7.67,7.42,7.33,7.5,82.42,0.12,0,Green,0,1700.0,Alta (Arabica),Mill JUA,82.42,82.31995249141696,Estándar,Estándar,Sí
Arabica,juan luis alvarado romero,Guatemala,Other,20,69 kg,Asociacion Nacional Del Café,"June 1st, 2017",Bourbon,Washed / Wet,7.58,7.5,7.25,7.67,7.5,7.5,7.42,82.42,0.12,0,Green,0,48.12377472000001,Baja (Arabica),Mill JUA,82.42,82.85035175826344,Estándar,Premium,No
Arabica,juan luis alvarado romero,Guatemala,santa rosa,275,69 kg,Asociacion Nacional Del Café,"January 20th, 2017",Caturra,Washed / Wet,7.5,7.42,7.08,7.75,7.67,7.5,7.5,82.42,0.11,0,Green,3,431.999136,Baja (Arabica),Mill JUA,82.42,82.36635487012623,Estándar,Estándar,Sí
Arabica,racafe & cia s.c.a,Colombia,Other,43,70 kg,Almacafé,"August 5th, 2016",Caturra,Washed / Wet,5.08,7.75,7.83,7.75,7.83,8.08,8.08,82.42,0.11,0,Green,1,1600.0,Alta (Arabica),Heritage RAC,82.42,83.03305284108598,Estándar,Premium,No
Arabica,yunnan coffee exchange,China,yunnan,3,60 kg,Yunnan Coffee Exchange,"April 6th, 2016",Catimor,Washed / Wet,7.67,7.42,7.42,7.5,7.42,7.42,7.58,82.42,0.1,0,Green,0,1600.0,Alta (Arabica),Private Reserve YUN,82.42,83.66098715065358,Estándar,Premium,No
Arabica,bourbon specialty coffees,Brazil,Other,300,60 kg,Brazil Specialty Coffee Association,"January 12th, 2016",Bourbon,Natural / Dry,7.42,7.5,7.33,7.5,7.25,7.42,8.0,82.42,0.11,0,Green,0,1000.0,Media (Arabica),Origins BOU,82.42,82.3631240060658,Estándar,Estándar,Sí
Arabica,gladness obed pallangyo,"Tanzania, United Republic Of",Other,10,60 kg,Africa Fine Coffee Association,"November 16th, 2015",Other,Washed / Wet,7.67,7.25,7.42,7.42,7.67,7.42,7.58,82.42,0.13,0,Green,7,2285.0,Premium (Arabica),Heritage GLA,82.42,82.68381566885537,Estándar,Premium,No
Arabica,ipanema coffees,Brazil,south of minas,320,2 kg,Brazil Specialty Coffee Association,"October 8th, 2015",Yellow Bourbon,Natural / Dry,7.17,7.83,7.33,7.5,7.75,7.42,7.42,82.42,0.0,0,Green,0,1.0,Baja (Arabica),Private Reserve IPA,82.42,82.25220756981413,Estándar,Estándar,Sí
Arabica,the coffee source inc.,Guatemala,Other,250,1 kg,Specialty Coffee Association of Costa Rica,"December 18th, 2014",Caturra,Washed / Wet,7.5,7.5,7.5,7.67,7.42,7.5,7.33,82.42,0.1,0,Green,0,1400.0,Media (Arabica),Origins THE,82.42,83.25124294237222,Estándar,Premium,No
Arabica,productos y servicios chilindron s.a. de c.v.,Mexico,Other,10,1 kg,AMECAFE,"August 14th, 2014",Typica,Washed / Wet,7.42,7.5,7.42,7.58,7.42,7.5,7.58,82.42,0.11,0,Green,0,1296.0,Media (Arabica),Mill PRO,82.42,82.06148246268556,Estándar,Estándar,Sí
Arabica,nucoffee,Brazil,south of minas,39,60 kg,NUCOFFEE,"May 8th, 2014",Catuai,Semi-Washed / Semi-Pulped,7.58,7.67,7.33,7.5,7.5,7.42,7.42,82.42,0.12,0,Blue-Green,1,1000.0,Media (Arabica),Heritage NUC,82.42,82.62784493791425,Estándar,Premium,No
Arabica,dane loraas,Peru,Other,320,5 lbs,Specialty Coffee Association,"January 21st, 2014",Caturra,Washed / Wet,7.58,7.58,7.58,7.75,7.5,7.58,7.5,82.42,0.0,0,Green,3,1300.0,Media (Arabica),Heritage DAN,82.42,83.15118658670691,Estándar,Premium,No
Arabica,ipanema coffees,Brazil,south of minas,220,60 kg,Specialty Coffee Association,"December 30th, 2013",Yellow Bourbon,Natural / Dry,7.25,7.33,7.25,7.5,7.42,7.5,8.17,82.42,0.0,0,Green,0,1260.0,Media (Arabica),Private Reserve IPA,82.42,82.8930383354125,Estándar,Premium,No
Arabica,manuel herrera juarez,Mexico,veracruz,10,1 kg,AMECAFE,"December 12th, 2013",Bourbon,Washed / Wet,7.5,7.58,7.5,7.92,7.42,7.67,7.5,82.42,0.12,0,Green,0,1170.0,Media (Arabica),Mill MAN,82.42,82.05792647593107,Estándar,Estándar,Sí
Arabica,brent hall,Honduras,Other,1,2 kg,Specialty Coffee Association,"December 10th, 2013",Caturra,Washed / Wet,7.25,7.67,7.42,7.17,7.75,7.5,7.67,82.42,0.09,0,Green,2,1400.0,Media (Arabica),Select Harvest BRE,82.42,82.24545488736086,Estándar,Estándar,Sí
Arabica,racafe & cia s.c.a,Colombia,huila,250,70 kg,Almacafé,"May 31st, 2013",Caturra,Washed / Wet,7.67,7.42,7.33,7.5,7.58,7.5,7.42,82.42,0.11,0,Green,9,1775.0,Alta (Arabica),Heritage RAC,82.42,82.65003153010983,Estándar,Premium,No
Arabica,nestor mendez gomez,Mexico,chiapas,49,1 kg,AMECAFE,"March 29th, 2013",Typica,Washed / Wet,7.5,7.42,7.42,7.67,7.42,7.58,7.42,82.42,0.12,0,Green,5,1560.0,Alta (Arabica),Private Reserve NES,82.42,81.62591762993152,Estándar,Estándar,Sí
Arabica,jesus salazar velasco,Mexico,Other,20,1 kg,AMECAFE,"September 11th, 2012",Typica,Semi-Washed / Semi-Pulped,7.42,7.58,7.5,7.42,7.58,7.5,7.42,82.42,0.13,0,Green,2,1400.0,Media (Arabica),Heritage JES,82.42,82.59088567941117,Estándar,Premium,No
Arabica,"el equimite, cafetal biodinámico",Mexico,coatepec,35,1 kg,AMECAFE,"September 10th, 2012",Typica,Washed / Wet,7.42,7.58,7.33,7.58,7.5,7.5,7.5,82.42,0.14,0,Green,9,1300.0,Media (Arabica),Origins EL ,82.42,80.84217160848786,Estándar,Estándar,Sí
Arabica,manuel herrera juarez,Mexico,Other,10,1 kg,AMECAFE,"August 31st, 2012",Caturra,Washed / Wet,7.75,7.33,7.25,7.58,7.58,7.33,7.58,82.42,0.13,0,Green,1,1170.0,Media (Arabica),Mill MAN,82.42,82.01699493959065,Estándar,Estándar,Sí
Arabica,dario cesar galeana sanchez,Mexico,Other,74,1 kg,AMECAFE,"July 25th, 2012",Typica,Washed / Wet,7.5,7.58,7.33,7.5,7.5,7.5,7.5,82.42,0.11,0,Green,0,1300.0,Media (Arabica),Heritage DAR,82.42,82.06412419862838,Estándar,Estándar,Sí
Arabica,jose daniel cobilt castro,Mexico,veracruz,26,1 kg,AMECAFE,"July 11th, 2012",Other,Washed / Wet,7.58,7.58,7.17,7.5,7.5,7.5,7.58,82.42,0.14,0,Green,6,1350.0,Media (Arabica),Select Harvest JOS,82.42,81.74660542566363,Estándar,Estándar,Sí
Arabica,alvaro quiros perez,Mexico,Other,10,1 kg,AMECAFE,"July 3rd, 2012",Caturra,Washed / Wet,7.58,7.33,7.33,7.58,7.5,7.5,7.58,82.42,0.11,0,Green,0,1150.0,Media (Arabica),Heritage ALV,82.42,82.31956219238987,Estándar,Estándar,Sí
Arabica,olivia hernandez virves,Mexico,Other,1,1 kg,AMECAFE,"June 6th, 2012",Bourbon,Washed / Wet,7.67,7.58,7.33,7.42,7.58,7.33,7.5,82.42,0.13,0,Green,4,1250.0,Media (Arabica),Select Harvest OLI,82.42,81.95469650405154,Estándar,Estándar,Sí
Arabica,finca las nieves,Mexico,Other,10,1 kg,AMECAFE,"April 9th, 2012",Typica,Washed / Wet,7.83,7.5,7.42,7.67,7.17,7.33,7.5,82.42,0.12,0,Blue-Green,0,1450.0,Media (Arabica),Mill FIN,82.42,82.51952171702663,Estándar,Premium,No
Arabica,carcafe ltda ci,Colombia,huila,250,70 kg,Almacafé,"January 31st, 2012",Caturra,Natural / Dry,7.67,7.33,7.25,7.42,7.5,7.67,7.58,82.42,0.0,0,Green,2,442.0,Baja (Arabica),Mill CAR,82.42,83.1566076161542,Estándar,Premium,No
Arabica,nucoffee,Brazil,south of minas,51,60 kg,NUCOFFEE,"January 23rd, 2012",Other,Natural / Dry,7.75,7.5,7.42,7.42,7.5,7.42,7.42,82.42,0.11,0,Blue-Green,2,1000.0,Media (Arabica),Heritage NUC,82.42,82.66447360269805,Estándar,Premium,No
Arabica,exportadora de cafe condor s.a,Colombia,huila,250,70 kg,Almacafé,"December 22nd, 2011",Caturra,Washed / Wet,7.33,7.58,7.17,7.58,7.42,7.58,7.75,82.42,0.0,0,Green,2,1750.0,Alta (Arabica),Heritage EXP,82.42,83.70022021755713,Estándar,Premium,No
Arabica,exportadora de cafe condor s.a,Colombia,huila,0,70 kg,Almacafé,"September 22nd, 2011",Caturra,Washed / Wet,7.58,7.25,7.42,7.25,7.58,7.83,7.5,82.42,0.02,0,Green,1,1750.0,Alta (Arabica),Heritage EXP,82.42,83.71950153202684,Estándar,Premium,No
Arabica,bismarck castro,Honduras,comayagua,275,69 kg,Instituto Hondureño del Café,"April 6th, 2017",Caturra,Washed / Wet,7.5,7.58,7.33,7.5,7.42,7.42,7.58,82.33,0.1,0,Green,8,1396.0,Media (Arabica),Heritage BIS,82.33,81.97579690017224,Estándar,Estándar,Sí
Arabica,pedro santos e silva,Brazil,cerrado,320,2 kg,Brazil Specialty Coffee Association,"February 9th, 2017",Catuai,Natural / Dry,7.33,7.5,7.5,7.33,7.5,7.5,7.67,82.33,0.11,0,Green,11,982.0,Baja (Arabica),Mill PED,82.33,81.67625773989036,Estándar,Estándar,Sí
Arabica,gabriel barbara,Brazil,cerrado,305,59 kg,Brazil Specialty Coffee Association,"October 13th, 2016",Bourbon,Natural / Dry,7.42,7.42,7.42,7.5,7.5,7.58,7.5,82.33,0.11,0,Green,14,1000.0,Media (Arabica),Private Reserve GAB,82.33,81.43009470511193,Estándar,Estándar,Sí
Arabica,ipanema coffees,Brazil,south of minas,320,60 kg,Brazil Specialty Coffee Association,"August 16th, 2016",Bourbon,Natural / Dry,7.5,7.5,7.42,7.5,7.42,7.5,7.5,82.33,0.11,0,Blue-Green,3,934.0,Baja (Arabica),Private Reserve IPA,82.33,82.82138643129694,Estándar,Premium,No
Arabica,"ceca, s.a.",Costa Rica,tarrazu,100,69 kg,Specialty Coffee Association of Costa Rica,"July 15th, 2016",Caturra,Washed / Wet,7.75,7.5,7.25,7.25,7.42,7.67,7.5,82.33,0.1,6,Blue-Green,3,1850.0,Premium (Arabica),Select Harvest CEC,82.33,82.23883238805003,Estándar,Estándar,Sí
Arabica,rodrigo soto,Costa Rica,tarrazu,130,69 kg,Specialty Coffee Association of Costa Rica,"May 17th, 2016",Catuai,Washed / Wet,7.75,7.33,7.5,7.5,7.33,7.58,7.33,82.33,0.0,0,Green,0,1550.0,Alta (Arabica),Select Harvest ROD,82.33,82.7541637106469,Estándar,Premium,No
Arabica,yunnan coffee exchange,China,Other,3,60 kg,Yunnan Coffee Exchange,"April 5th, 2016",Catimor,Pulped Natural / Honey,7.5,7.58,7.42,7.5,7.42,7.42,7.5,82.33,0.12,0,Green,2,1580.0,Alta (Arabica),Private Reserve YUN,82.33,82.83241922030349,Estándar,Premium,No
Arabica,ipanema coffees,Brazil,south of minas,12,2 kg,Specialty Coffee Association,"October 8th, 2015",Bourbon,Natural / Dry,8.25,7.83,7.25,8.33,8.17,8.08,7.75,82.33,0.07,0,Green,0,1268.0,Media (Arabica),Private Reserve IPA,82.33,83.14124060870277,Estándar,Premium,No
Arabica,bourbon specialty coffees,Brazil,Other,300,60 kg,Brazil Specialty Coffee Association,"April 20th, 2015",Mundo Novo,Natural / Dry,7.42,7.5,7.5,7.42,7.5,7.58,7.42,82.33,0.11,0,Green,10,1000.0,Media (Arabica),Origins BOU,82.33,82.12393266146248,Estándar,Estándar,Sí
Arabica,juan luis alvarado romero,Guatemala,huehuetenango,275,69 kg,Asociacion Nacional Del Café,"March 10th, 2015",Bourbon,Washed / Wet,7.5,7.42,7.17,7.83,7.5,7.5,7.42,82.33,0.1,0,Green,6,510.96672000000007,Baja (Arabica),Mill JUA,82.33,82.43030931395167,Estándar,Estándar,Sí
Arabica,afca,Malawi,Other,10,60 kg,Africa Fine Coffee Association,"November 4th, 2014",Gesha,Washed / Wet,7.33,7.58,7.42,7.58,7.33,7.5,7.58,82.33,0.12,0,Green,0,1450.0,Media (Arabica),Private Reserve AFC,82.33,82.23028353910846,Estándar,Estándar,Sí
Arabica,ipanema coffees,Brazil,south of minas,10,2 kg,Specialty Coffee Association,"October 15th, 2014",Bourbon,Natural / Dry,7.75,8.08,7.67,8.08,8.08,8.0,8.0,82.33,0.11,0,Blue-Green,0,1100.0,Media (Arabica),Private Reserve IPA,82.33,82.90162825026987,Estándar,Premium,No
Arabica,juan luis alvarado romero,Guatemala,Other,250,69 kg,Asociacion Nacional Del Café,"June 10th, 2014",Pacas,Washed / Wet,7.58,7.67,7.5,7.58,7.75,7.5,7.42,82.33,0.12,0,Green,3,464.5152000000001,Baja (Arabica),Mill JUA,82.33,82.3329583621077,Estándar,Estándar,Sí
Arabica,dane loraas,Mexico,veracruz,320,5 lbs,Specialty Coffee Association,"April 2nd, 2014",Typica,Washed / Wet,7.33,7.58,7.42,7.5,7.5,7.5,7.5,82.33,0.11,0,Green,0,1250.0,Media (Arabica),Heritage DAN,82.33,81.8797478492863,Estándar,Estándar,Sí
Arabica,the coffee source inc.,Colombia,Other,250,3 kg,Specialty Coffee Association of Costa Rica,"January 21st, 2014",Caturra,Washed / Wet,7.42,7.33,7.5,7.17,7.08,8.33,7.5,82.33,0.1,0,Green,2,1300.0,Media (Arabica),Origins THE,82.33,82.97144516316492,Estándar,Premium,No
Arabica,cqi taiwan icp cqi台灣合作夥伴,Taiwan,Other,10,20 kg,Blossom Valley International,"December 26th, 2013",Typica,Semi-Washed / Semi-Pulped,7.5,7.5,7.5,7.5,7.5,7.5,7.33,82.33,0.11,0,Green,0,200.0,Baja (Arabica),Select Harvest CQI,82.33,81.76764941232805,Estándar,Estándar,Sí
Arabica,cqi taiwan icp cqi台灣合作夥伴,Taiwan,Other,10,30 kg,Blossom Valley International,"December 26th, 2013",Typica,Washed / Wet,7.5,7.5,7.5,7.5,7.5,7.5,7.33,82.33,0.11,0,Green,0,600.0,Baja (Arabica),Select Harvest CQI,82.33,81.63285033425021,Estándar,Estándar,Sí
Arabica,juan luis alvarado romero,Guatemala,oriente,250,69 kg,Asociacion Nacional Del Café,"July 16th, 2013",Bourbon,Washed / Wet,7.5,7.42,7.58,7.5,7.5,7.58,7.25,82.33,0.12,2,Green,1,399.4830720000001,Baja (Arabica),Mill JUA,82.33,81.87651311039893,Estándar,Estándar,Sí
Arabica,exportadora de cafe condor s.a,Colombia,huila,250,70 kg,Almacafé,"June 21st, 2013",Caturra,Washed / Wet,7.5,7.42,7.5,7.5,7.5,7.58,7.33,82.33,0.0,0,Green,1,1750.0,Alta (Arabica),Heritage EXP,82.33,83.64853651086844,Estándar,Premium,No
Arabica,alfredo bojalil,Mexico,"la concordia, chiapas",250,1 kg,AMECAFE,"March 15th, 2013",Typica,Washed / Wet,7.67,7.5,7.42,7.5,7.42,7.42,7.42,82.33,0.12,0,Green,3,1300.0,Media (Arabica),Origins ALF,82.33,81.70191006222773,Estándar,Estándar,Sí
Arabica,michael gavina,Costa Rica,Other,275,1 kg,Specialty Coffee Association,"October 9th, 2012",Caturra,Washed / Wet,7.92,7.58,7.25,7.75,7.92,7.58,7.67,82.33,0.0,0,Green,14,1300.0,Media (Arabica),Private Reserve MIC,82.33,82.65623906661703,Estándar,Premium,No
Arabica,juan luis alvarado romero,Guatemala,Other,275,69 kg,Asociacion Nacional Del Café,"October 5th, 2012",Bourbon,Washed / Wet,7.67,7.5,7.33,7.67,7.5,7.33,7.33,82.33,0.11,0,Green,3,534.19248,Baja (Arabica),Mill JUA,82.33,82.67208568140568,Estándar,Premium,No
Arabica,saul m. hernandez ramirez,Mexico,Other,10,1 kg,AMECAFE,"September 27th, 2012",Typica,Natural / Dry,7.58,7.67,7.58,7.33,7.0,7.58,7.58,82.33,0.15,1,Green,8,441.0,Baja (Arabica),Origins SAU,82.33,81.80260830487306,Estándar,Estándar,Sí
Arabica,manuel herrera juarez,Mexico,veracruz,10,1 kg,AMECAFE,"August 31st, 2012",Bourbon,Washed / Wet,7.67,7.58,7.5,7.58,7.5,7.5,7.0,82.33,0.13,0,Green,9,1170.0,Media (Arabica),Mill MAN,82.33,81.09140873839767,Estándar,Estándar,Sí
Arabica,juan luis alvarado romero,Guatemala,oriente,250,1 kg,Asociacion Nacional Del Café,"May 23rd, 2012",Bourbon,Washed / Wet,7.5,7.67,7.33,7.5,7.33,7.5,7.5,82.33,0.1,2,Green,5,399.4830720000001,Baja (Arabica),Mill JUA,82.33,81.45061465268877,Estándar,Estándar,Sí
Arabica,nucoffee,Brazil,Other,16,60 kg,NUCOFFEE,"April 11th, 2012",Mundo Novo,Natural / Dry,7.58,7.5,7.42,7.5,7.5,7.42,7.42,82.33,0.12,0,Green,2,1100.0,Media (Arabica),Heritage NUC,82.33,82.23014344659549,Estándar,Estándar,Sí
Arabica,maria luisa del carmen rojas narvaez,Mexico,Other,10,1 kg,AMECAFE,"March 5th, 2012",Typica,Washed / Wet,8.0,7.75,7.33,7.33,7.08,7.67,7.83,82.33,0.11,0,Green,0,1300.0,Media (Arabica),Heritage MAR,82.33,82.06412419862838,Estándar,Estándar,Sí
Arabica,nucoffee,Brazil,south of minas,44,60 kg,NUCOFFEE,"February 17th, 2012",Mundo Novo,Washed / Wet,7.58,7.58,7.25,7.58,7.42,7.5,7.42,82.33,0.11,0,Green,2,950.0,Baja (Arabica),Heritage NUC,82.33,82.10492444284048,Estándar,Estándar,Sí
Arabica,carcafe ltda ci,Colombia,huila,250,70 kg,Almacafé,"January 31st, 2012",Caturra,Natural / Dry,7.83,7.58,7.33,7.25,7.58,7.42,7.33,82.33,0.0,0,Green,0,442.0,Baja (Arabica),Mill CAR,82.33,83.12573955288,Estándar,Premium,No
Arabica,klem organics,Brazil,Other,1062,5 kg,Specialty Coffee Association,"November 15th, 2017",Catuai,Washed / Wet,7.58,7.5,7.25,7.42,7.67,7.33,7.5,82.25,0.09,2,Green,10,1100.0,Media (Arabica),Mill KLE,82.25,81.6107203274728,Estándar,Estándar,Sí
Arabica,cqi taiwan icp cqi台灣合作夥伴,Taiwan,Other,1,10 kg,Blossom Valley International,"February 13th, 2017",Typica,Washed / Wet,7.0,7.08,7.0,7.17,7.0,7.0,10.0,82.25,0.1,0,Blue-Green,0,750.0,Baja (Arabica),Select Harvest CQI,82.25,82.15021460335382,Estándar,Estándar,Sí
Arabica,juan luis alvarado romero,Guatemala,Other,275,69 kg,Asociacion Nacional Del Café,"August 31st, 2016",Pacas,Washed / Wet,7.67,7.5,7.25,7.67,7.42,7.42,7.33,82.25,0.11,0,Green,2,1450.0,Media (Arabica),Mill JUA,82.25,82.87271188593816,Estándar,Premium,No
Arabica,ipanema coffees,Brazil,south of minas,180,2 kg,Brazil Specialty Coffee Association,"October 8th, 2015",Yellow Bourbon,Natural / Dry,7.42,7.67,7.5,7.08,7.5,7.42,7.67,82.25,0.0,0,Green,9,1.0,Baja (Arabica),Private Reserve IPA,82.25,82.1879135816577,Estándar,Estándar,Sí
Arabica,consejo salvadoreño del café,El Salvador,Other,275,1 kg,Salvadoran Coffee Council,"July 8th, 2015",Bourbon,Washed / Wet,7.58,7.67,7.5,7.67,7.83,8.42,7.58,82.25,0.12,0,Green,0,1500.0,Alta (Arabica),Heritage CON,82.25,82.97204350103878,Estándar,Premium,No
Arabica,cadexsa,Honduras,marcala,275,1 kg,Instituto Hondureño del Café,"April 15th, 2015",Catuai,Washed / Wet,7.58,7.5,7.42,7.58,7.42,7.42,7.33,82.25,0.11,0,Green,2,1350.0,Media (Arabica),Select Harvest CAD,82.25,81.61540372900213,Estándar,Estándar,Sí
Arabica,afca,Malawi,Other,10,60 kg,Africa Fine Coffee Association,"November 4th, 2014",Gesha,Washed / Wet,7.58,7.42,7.33,7.42,7.58,7.5,7.42,82.25,0.13,0,Blue-Green,0,1180.0,Media (Arabica),Private Reserve AFC,82.25,82.14975312374115,Estándar,Estándar,Sí
Arabica,ipanema coffees,Brazil,south of minas,320,2 kg,Specialty Coffee Association,"October 16th, 2014",Bourbon,Natural / Dry,7.75,7.58,7.42,7.42,7.33,7.33,7.42,82.25,0.11,0,Green,0,1100.0,Media (Arabica),Private Reserve IPA,82.25,82.70830009032487,Estándar,Premium,No
Arabica,cqi taiwan icp cqi台灣合作夥伴,Taiwan,Other,35,60 kg,Blossom Valley International,"December 26th, 2013",Typica,Washed / Wet,7.5,7.5,7.5,7.5,7.5,7.5,7.25,82.25,0.11,0,Green,0,650.0,Baja (Arabica),Select Harvest CQI,82.25,81.67501097078674,Estándar,Estándar,Sí
Arabica,jesus carlos cardenas valdivia,Mexico,veracruz,150,1 kg,AMECAFE,"July 19th, 2013",Mundo Novo,Washed / Wet,7.58,7.58,7.42,7.42,7.42,7.42,7.42,82.25,0.12,0,Blue-Green,4,1338.0,Media (Arabica),Mill JES,82.25,82.3500106058976,Estándar,Estándar,Sí
Arabica,kona pacific farmers cooperative,United States (Hawaii),kona,6,100 lbs,Specialty Coffee Association,"May 3rd, 2013",Hawaiian Kona,Natural / Dry,7.33,7.42,7.5,7.67,7.5,7.42,7.42,82.25,0.0,0,Blue-Green,1,157.93516800000003,Baja (Arabica),Private Reserve KON,82.25,83.38244128495745,Estándar,Premium,No
Arabica,saul m. hernandez ramirez,Mexico,Other,10,1 kg,AMECAFE,"September 27th, 2012",Bourbon,Washed / Wet,7.58,7.58,7.5,7.17,7.42,7.42,7.58,82.25,0.16,3,Green,8,533.0,Baja (Arabica),Origins SAU,82.25,81.71803668689327,Estándar,Estándar,Sí
Arabica,juan luis alvarado romero,Guatemala,antigua,275,69 kg,Asociacion Nacional Del Café,"September 19th, 2012",Bourbon,Washed / Wet,7.5,7.5,7.33,7.58,7.67,7.33,7.33,82.25,0.11,0,Green,2,423.9165715200001,Baja (Arabica),Mill JUA,82.25,82.63217692220647,Estándar,Premium,No
Arabica,manuel herrera juarez,Mexico,veracruz,10,1 kg,AMECAFE,"August 31st, 2012",Bourbon,Washed / Wet,7.5,7.58,7.42,7.67,7.33,7.42,7.33,82.25,0.13,0,Green,3,1170.0,Media (Arabica),Mill MAN,82.25,81.78070141276244,Estándar,Estándar,Sí
Arabica,guillermo rojas saldana,Mexico,Other,40,1 kg,AMECAFE,"August 30th, 2012",Typica,Washed / Wet,7.67,7.58,7.33,7.5,7.42,7.42,7.33,82.25,0.12,0,Green,13,1250.0,Media (Arabica),Private Reserve GUI,82.25,80.95228052555204,Estándar,Estándar,Sí
Arabica,adam kline,El Salvador,Other,288,1 kg,Specialty Coffee Association,"August 21st, 2012",Other,Washed / Wet,7.75,7.33,7.33,7.5,7.5,7.5,7.33,82.25,0.0,2,Green,5,1350.0,Media (Arabica),Select Harvest ADA,82.25,82.8283980922295,Estándar,Premium,No
Arabica,sergio de la vequia bernardi,Mexico,veracruz,250,1 kg,AMECAFE,"July 11th, 2012",Typica,Washed / Wet,7.33,7.58,7.42,7.67,7.33,7.5,7.42,82.25,0.11,0,Green,0,1100.0,Media (Arabica),Origins SER,82.25,81.85729692934277,Estándar,Estándar,Sí
Arabica,organizaciones de productores de cafe colimense,Mexico,Other,250,1 kg,AMECAFE,"April 2nd, 2012",Typica,Washed / Wet,7.42,7.5,7.42,7.58,7.42,7.5,7.42,82.25,0.1,0,Green,3,900.0,Baja (Arabica),Origins ORG,82.25,81.88695839544837,Estándar,Estándar,Sí
Arabica,exportadora de cafe condor s.a,Colombia,huila,250,70 kg,Almacafé,"February 22nd, 2012",Caturra,Washed / Wet,7.5,7.42,7.67,7.33,7.58,7.33,7.42,82.25,0.12,0,Green,1,1750.0,Alta (Arabica),Heritage EXP,82.25,83.0058912615207,Estándar,Premium,No
Arabica,racafe & cia s.c.a,Colombia,huila,100,70 kg,Almacafé,"February 9th, 2012",Caturra,Washed / Wet,7.67,7.33,7.33,7.33,7.5,7.5,7.58,82.25,0.11,0,Green,0,1775.0,Alta (Arabica),Heritage RAC,82.25,83.09729895855493,Estándar,Premium,No
Arabica,nucoffee,Brazil,Other,84,60 kg,NUCOFFEE,"January 23rd, 2012",Other,Natural / Dry,7.67,7.58,7.42,7.0,7.5,7.58,7.5,82.25,0.12,0,Green,1,1000.0,Media (Arabica),Heritage NUC,82.25,82.1499940543793,Estándar,Estándar,Sí
Arabica,racafe & cia s.c.a,Colombia,cauca,149,70 kg,Almacafé,"March 1st, 2011",Caturra,Washed / Wet,7.17,7.25,7.58,7.25,7.58,7.67,7.75,82.25,0.22,0,Green,2,1750.0,Alta (Arabica),Heritage RAC,82.25,82.21491270856446,Estándar,Estándar,Sí
Arabica,ipanema coffees,Brazil,south of minas,320,60 kg,Brazil Specialty Coffee Association,"August 16th, 2016",Bourbon,Natural / Dry,7.42,7.42,7.5,7.42,7.42,7.5,7.5,82.17,0.11,0,Green,5,934.0,Baja (Arabica),Private Reserve IPA,82.17,82.58560374800088,Estándar,Premium,No
Arabica,bismarck castro,Honduras,comayagua,200,69 kg,Instituto Hondureño del Café,"June 9th, 2016",Caturra,Washed / Wet,7.5,7.5,7.17,7.42,7.5,7.5,7.58,82.17,0.11,0,Blue-Green,2,1500.0,Alta (Arabica),Heritage BIS,82.17,82.27023119086972,Estándar,Estándar,Sí
Arabica,"bencafe, s. a.",Nicaragua,jinotega,275,69 kg,Instituto Hondureño del Café,"March 15th, 2016",Caturra,Washed / Wet,7.5,7.5,7.33,7.42,7.5,7.42,7.5,82.17,0.1,0,Green,1,1000.0,Media (Arabica),Origins BEN,82.17,81.75766204736942,Estándar,Estándar,Sí
Arabica,langiro farm group,"Tanzania, United Republic Of",Other,30,80 kg,Africa Fine Coffee Association,"November 16th, 2015",Bourbon,Washed / Wet,7.58,7.42,7.42,7.33,7.5,7.42,7.5,82.17,0.13,1,Green,6,1650.0,Alta (Arabica),Select Harvest LAN,82.17,81.98714565244491,Estándar,Estándar,Sí
Arabica,ibero coffee trading co (t) ltd,"Tanzania, United Republic Of",Other,300,60 kg,Tanzanian Coffee Board,"October 20th, 2015",Other,Washed / Wet,7.42,7.42,7.42,7.5,7.5,7.33,7.58,82.17,0.12,0,Green,1,1600.0,Alta (Arabica),Heritage IBE,82.17,82.40016938014895,Estándar,Estándar,Sí
Arabica,ipanema coffees,Brazil,south of minas,320,2 kg,Brazil Specialty Coffee Association,"October 8th, 2015",Yellow Bourbon,Natural / Dry,6.92,7.58,7.42,7.33,7.83,7.5,7.58,82.17,0.0,0,Green,1,1.0,Baja (Arabica),Private Reserve IPA,82.17,82.27002024592107,Estándar,Estándar,Sí
Arabica,doi tung development project,Thailand,thailand,1,1 kg,Specialty Coffee Association,"June 9th, 2015",Caturra,Washed / Wet,7.42,7.42,7.17,7.75,7.25,7.67,7.5,82.17,0.12,0,Blue-Green,0,800.0,Baja (Arabica),Origins DOI,82.17,82.63069745011191,Estándar,Premium,No
Arabica,cadexsa,Honduras,marcala,275,1 kg,Instituto Hondureño del Café,"April 15th, 2015",Catuai,Washed / Wet,7.67,7.5,7.25,7.42,7.58,7.42,7.33,82.17,0.11,0,Green,2,1350.0,Media (Arabica),Select Harvest CAD,82.17,81.61540372900213,Estándar,Estándar,Sí
Arabica,essencecoffee,Guatemala,Other,250,69 kg,Blossom Valley International,"March 21st, 2015",Bourbon,Washed / Wet,7.42,7.42,7.5,7.5,7.42,7.5,7.42,82.17,0.09,0,Blue-Green,4,1500.0,Alta (Arabica),Private Reserve ESS,82.17,83.42633321363581,Estándar,Premium,No
Arabica,bourbon specialty coffees,Brazil,cerrado,300,60 kg,Brazil Specialty Coffee Association,"January 15th, 2015",Mundo Novo,Natural / Dry,7.58,7.5,7.42,7.25,7.5,7.42,7.5,82.17,0.12,0,Green,1,1000.0,Media (Arabica),Origins BOU,82.17,81.90304752194025,Estándar,Estándar,Sí
Arabica,tembo coffee company ltd,"Tanzania, United Republic Of",Other,10,60 kg,Africa Fine Coffee Association,"December 15th, 2014",Other,Washed / Wet,7.75,7.42,7.42,7.58,7.33,7.42,7.25,82.17,0.12,0,Green,1,1700.0,Alta (Arabica),Heritage TEM,82.17,82.54551348606984,Estándar,Premium,No
Arabica,j.andrade,Mexico,veracruz,200,1 kg,AMECAFE,"July 15th, 2014",Other,Washed / Wet,7.42,7.33,7.17,7.42,7.33,8.17,7.33,82.17,0.12,0,Green,0,1100.0,Media (Arabica),Private Reserve J.A,82.17,82.16376008837908,Estándar,Estándar,Sí
Arabica,lusso lab,Mexico,"la concordia, chiapas",2,2 kg,Specialty Coffee Association,"April 10th, 2014",Other,Washed / Wet,7.5,7.5,7.33,7.42,7.5,7.42,7.5,82.17,0.1,1,Green,1,1400.0,Media (Arabica),Mill LUS,82.17,82.3931869332703,Estándar,Estándar,Sí
Arabica,cqi taiwan icp cqi台灣合作夥伴,Taiwan,Other,60,60 kg,Blossom Valley International,"December 26th, 2013",Typica,Other,7.5,7.5,7.5,7.5,7.5,7.5,7.17,82.17,0.11,0,Green,0,1200.0,Media (Arabica),Select Harvest CQI,82.17,82.13010525067097,Estándar,Estándar,Sí
Arabica,"lin, che-hao krude 林哲豪",Taiwan,"dongshan dist., tainan city 臺南市東山區",80,10 kg,Specialty Coffee Association,"May 29th, 2013",Typica,Washed / Wet,7.67,7.5,7.5,7.17,7.17,7.58,7.58,82.17,0.0,0,Green,0,800.0,Baja (Arabica),Heritage LIN,82.17,82.09040375948086,Estándar,Estándar,Sí
Arabica,exportadora de cafe condor s.a,Colombia,huila,250,70 kg,Almacafé,"March 20th, 2013",Caturra,Washed / Wet,7.33,7.25,7.25,7.58,7.75,7.5,7.5,82.17,0.0,0,Blue-Green,1,1750.0,Alta (Arabica),Heritage EXP,82.17,83.64998308649446,Estándar,Premium,No
Arabica,saul m. hernandez ramirez,Mexico,Other,10,1 kg,AMECAFE,"September 27th, 2012",Typica,Washed / Wet,7.5,7.67,7.0,7.5,7.33,7.5,7.67,82.17,0.15,1,Green,9,1144.0,Media (Arabica),Origins SAU,82.17,81.23538463843175,Estándar,Estándar,Sí
Arabica,the coffee source inc.,Guatemala,oriente,250,1 kg,Specialty Coffee Association,"August 2nd, 2012",Caturra,Washed / Wet,7.25,7.75,7.0,7.75,8.17,7.75,7.17,82.17,0.12,0,Green,2,1350.0,Media (Arabica),Origins THE,82.17,82.24030723758615,Estándar,Estándar,Sí
Arabica,salvador caro carrion,Mexico,Other,200,1 kg,AMECAFE,"July 11th, 2012",Typica,Washed / Wet,7.5,7.58,7.25,7.5,7.5,7.33,7.5,82.17,0.12,0,Green,4,1000.0,Media (Arabica),Private Reserve SAL,82.17,81.7375417765255,Estándar,Estándar,Sí
Arabica,organizaciones de productores de cafe colimense,Mexico,Other,60,1 kg,AMECAFE,"July 2nd, 2012",Typica,Washed / Wet,7.0,7.67,7.5,7.5,7.42,7.5,7.58,82.17,0.1,0,Green,1,1200.0,Media (Arabica),Origins ORG,82.17,82.06986524335454,Estándar,Estándar,Sí
Arabica,exportadora de cafe condor s.a,Colombia,huila,250,70 kg,Almacafé,"February 9th, 2011",Caturra,Washed / Wet,7.58,7.67,7.42,7.17,7.17,7.75,7.42,82.17,0.08,0,Green,0,1800.0,Premium (Arabica),Heritage EXP,82.17,83.4144118694287,Estándar,Premium,No
Arabica,sanjava coffee,Indonesia,Other,2,1 kg,Specialty Coffee Association of Indonesia,"August 3rd, 2017",Bourbon,Washed / Wet,7.5,7.5,7.42,7.42,7.5,7.42,7.33,82.08,0.15,0,Blue-Green,3,1300.0,Media (Arabica),Select Harvest SAN,82.08,82.15608291220354,Estándar,Estándar,Sí
Arabica,raúl vargas,Colombia,huila,275,70 kg,Almacafé,"February 20th, 2017",Caturra,Washed / Wet,7.75,7.58,7.42,7.67,7.83,7.58,7.58,82.08,0.0,0,Green,6,1750.0,Alta (Arabica),Origins RAÚ,82.08,83.71506735253743,Estándar,Premium,No
Arabica,ipanema coffees,Brazil,south of minas,320,60 kg,Brazil Specialty Coffee Association,"August 16th, 2016",Bourbon,Natural / Dry,7.42,7.58,7.42,7.5,7.42,7.25,7.5,82.08,0.11,0,Green,3,894.0,Baja (Arabica),Private Reserve IPA,82.08,82.62629892259149,Estándar,Premium,No
Arabica,ipanema coffees,Brazil,south of minas,320,2 kg,Brazil Specialty Coffee Association,"October 8th, 2015",Yellow Bourbon,Natural / Dry,7.25,7.25,7.58,7.58,7.25,7.92,7.25,82.08,0.0,0,Green,1,1.0,Baja (Arabica),Private Reserve IPA,82.08,82.27002024592107,Estándar,Estándar,Sí
Arabica,"cafetalera internacional cafinter, s.a.",Costa Rica,Other,275,350 kg,Specialty Coffee Association of Costa Rica,"April 10th, 2015",Caturra,Washed / Wet,7.75,7.42,7.42,7.25,7.17,7.42,7.67,82.08,0.0,0,Blue-Green,0,1300.0,Media (Arabica),Select Harvest CAF,82.08,83.8586087920595,Estándar,Premium,No
Arabica,balam hinyula,"Tanzania, United Republic Of",Other,300,2 kg,Tanzanian Coffee Board,"March 25th, 2015",Bourbon,Washed / Wet,7.42,7.33,7.42,7.42,7.5,7.58,7.42,82.08,0.12,0,Green,5,1500.0,Alta (Arabica),Private Reserve BAL,82.08,82.04930698110137,Estándar,Estándar,Sí
Arabica,ngorogoro convenant estate,"Tanzania, United Republic Of",Other,1,60 kg,Africa Fine Coffee Association,"January 8th, 2015",Other,Washed / Wet,7.42,7.5,7.5,7.33,7.33,7.5,7.5,82.08,0.12,0,Green,3,1600.0,Alta (Arabica),Mill NGO,82.08,82.34436876804409,Estándar,Estándar,Sí
Arabica,cafe politico,Colombia,Other,1,5 lbs,Specialty Coffee Association,"September 12th, 2014",Caturra,Washed / Wet,7.5,7.42,7.42,7.42,7.67,7.42,7.25,82.08,0.11,1,Green,0,1750.0,Alta (Arabica),Select Harvest CAF,82.08,83.02149009304922,Estándar,Premium,No
Arabica,"ceca, s.a.",Costa Rica,Other,150,69 kg,Specialty Coffee Association of Costa Rica,"March 21st, 2014",Caturra,Washed / Wet,7.58,7.33,7.33,7.33,7.5,7.67,7.33,82.08,0.11,0,Green,2,13.0,Baja (Arabica),Select Harvest CEC,82.08,82.18029786047379,Estándar,Estándar,Sí
Arabica,kona pacific farmers cooperative,United States (Hawaii),kona,4,100 lbs,Specialty Coffee Association,"November 26th, 2012",Hawaiian Kona,Natural / Dry,7.25,7.58,7.58,7.25,7.5,7.42,7.5,82.08,0.11,0,Blue-Green,0,157.93516800000003,Baja (Arabica),Private Reserve KON,82.08,82.85324706725767,Estándar,Premium,No
Arabica,"el equimite, cafetal biodinámico",Mexico,coatepec,35,1 kg,AMECAFE,"September 10th, 2012",Typica,Washed / Wet,7.42,7.58,7.5,7.33,7.42,7.42,7.42,82.08,0.13,0,Green,7,1300.0,Media (Arabica),Origins EL ,82.08,81.14550625226406,Estándar,Estándar,Sí
Arabica,julio perez hernandez,Mexico,Other,250,1 kg,AMECAFE,"August 30th, 2012",Typica,Washed / Wet,7.5,7.42,7.42,7.5,7.25,7.5,7.5,82.08,0.13,3,Green,13,1800.0,Premium (Arabica),Heritage JUL,82.08,81.35110847526738,Estándar,Estándar,Sí
Arabica,rosa aurora falcon fernandez,Mexico,coatepec,15,1 kg,AMECAFE,"July 26th, 2012",Typica,Washed / Wet,7.67,7.5,7.25,7.58,7.42,7.33,7.33,82.08,0.11,0,Green,11,1250.0,Media (Arabica),Select Harvest ROS,82.08,80.82248097489331,Estándar,Estándar,Sí
Arabica,royal base corporation,Other,Other,1,2 kg,Specialty Coffee Association,"July 23rd, 2012",Other,Natural / Dry,7.67,8.0,7.17,7.08,7.67,7.08,7.42,82.08,0.12,0,Green,2,1040.0,Media (Arabica),Select Harvest ROY,82.08,81.97983854742206,Estándar,Estándar,Sí
Arabica,sergio de la vequia bernardi,Mexico,veracruz,250,1 kg,AMECAFE,"July 11th, 2012",Typica,Washed / Wet,7.58,7.42,7.25,7.75,7.33,7.42,7.33,82.08,0.11,0,Green,1,1250.0,Media (Arabica),Origins SER,82.08,81.86698981470431,Estándar,Estándar,Sí
Arabica,kona pacific farmers cooperative,United States (Hawaii),kona,10,100 lbs,Specialty Coffee Association,"February 23rd, 2012",Hawaiian Kona,Washed / Wet,7.33,7.5,7.33,7.58,7.08,7.83,7.42,82.08,0.1,0,Green,2,157.93516800000003,Baja (Arabica),Private Reserve KON,82.08,82.18014814252953,Estándar,Estándar,Sí
Arabica,carcafe ltda ci,Colombia,cauca,275,70 kg,Almacafé,"April 18th, 2011",Caturra,Washed / Wet,7.67,7.42,7.67,7.33,7.25,7.58,7.17,82.08,0.08,1,Green,5,1600.0,Alta (Arabica),Mill CAR,82.08,83.45114439369875,Estándar,Premium,No
Arabica,bismarck castro,Honduras,Other,275,69 kg,Instituto Hondureño del Café,"June 1st, 2017",Caturra,Washed / Wet,7.5,7.5,7.17,7.5,7.5,7.42,7.42,82.0,0.12,0,Green,1,1600.0,Alta (Arabica),Heritage BIS,82.0,81.89987462751799,Estándar,Estándar,Sí
Arabica,bismarck castro,Honduras,Other,275,69 kg,Instituto Hondureño del Café,"April 6th, 2017",Caturra,Natural / Dry,7.5,7.5,7.25,7.33,7.42,7.5,7.5,82.0,0.1,0,Green,7,1600.0,Alta (Arabica),Heritage BIS,82.0,82.2054630174013,Estándar,Estándar,Sí
Arabica,ipanema coffees,Brazil,south of minas,230,60 kg,Brazil Specialty Coffee Association,"August 16th, 2016",Bourbon,Natural / Dry,7.5,7.33,7.42,7.5,7.33,7.42,7.5,82.0,0.11,0,Green,3,944.0,Baja (Arabica),Private Reserve IPA,82.0,82.65348518183792,Estándar,Premium,No
Arabica,didas,"Tanzania, United Republic Of",Other,2,80 kg,Africa Fine Coffee Association,"November 16th, 2015",Other,Washed / Wet,7.67,7.33,7.33,7.42,7.42,7.42,7.42,82.0,0.13,0,Green,20,1650.0,Alta (Arabica),Private Reserve DID,82.0,80.96362163695345,Estándar,Estándar,Sí
Arabica,minwook ku,Other,Other,1,2 kg,Specialty Coffee Institute of Asia,"November 5th, 2015",Other,Washed / Wet,7.42,7.5,7.25,7.33,7.5,7.5,7.5,82.0,0.12,0,Blue-Green,0,1250.0,Media (Arabica),Heritage MIN,82.0,82.12097049217452,Estándar,Estándar,Sí
Arabica,finca estate,"Tanzania, United Republic Of",Other,1,60 kg,Africa Fine Coffee Association,"December 18th, 2014",Other,Washed / Wet,7.42,7.42,7.33,7.58,7.33,7.42,7.5,82.0,0.12,0,Green,3,1350.0,Media (Arabica),Private Reserve FIN,82.0,81.97406095693486,Estándar,Estándar,Sí
Arabica,afca,Malawi,Other,16,60 kg,Africa Fine Coffee Association,"October 31st, 2014",Gesha,Washed / Wet,7.5,7.42,7.33,7.58,7.33,7.5,7.33,82.0,0.13,0,Blue-Green,1,2500.0,Premium (Arabica),Private Reserve AFC,82.0,82.80391755799343,Estándar,Premium,No
Arabica,"lin, che-hao krude 林哲豪",Taiwan,"dongshan dist., tainan city 臺南市東山區",50,20 kg,Specialty Coffee Association,"July 22nd, 2014",Typica,Washed / Wet,7.33,7.5,7.17,7.42,7.5,7.33,7.75,82.0,0.09,0,Green,0,600.0,Baja (Arabica),Heritage LIN,82.0,81.89985232777849,Estándar,Estándar,Sí
Arabica,doi tung development project,Thailand,thailand,1,1 kg,Specialty Coffee Association,"June 20th, 2014",Caturra,Washed / Wet,7.58,7.5,7.42,7.42,7.33,7.42,7.33,82.0,0.11,0,Green,0,800.0,Baja (Arabica),Origins DOI,82.0,82.49377413584658,Estándar,Estándar,Sí
Arabica,eric thormaehlen,Costa Rica,Other,250,1 kg,Specialty Coffee Association of Costa Rica,"June 9th, 2014",Catuai,Washed / Wet,7.5,7.25,7.33,7.33,7.75,7.5,7.33,82.0,0.1,0,Green,4,1300.0,Media (Arabica),Heritage ERI,82.0,82.92245194604736,Estándar,Premium,No
Arabica,beneficio santa rosa,Honduras,Other,275,69 kg,Instituto Hondureño del Café,"April 30th, 2014",Caturra,Washed / Wet,7.33,7.33,7.33,7.5,7.5,7.83,7.17,82.0,0.11,0,Green,5,1400.0,Media (Arabica),Private Reserve BEN,82.0,81.67404564169188,Estándar,Estándar,Sí
Arabica,racafe & cia s.c.a,Colombia,huila,250,70 kg,Almacafé,"September 13th, 2013",Caturra,Washed / Wet,7.33,7.33,7.58,7.5,7.5,7.58,7.17,82.0,0.11,0,Green,1,1900.0,Premium (Arabica),Heritage RAC,82.0,83.11982358171151,Estándar,Premium,No
Arabica,"lin, che-hao krude 林哲豪",Taiwan,"dongshan dist., tainan city 臺南市東山區",30,10 kg,Specialty Coffee Association,"June 3rd, 2013",Typica,Washed / Wet,7.42,7.58,7.33,7.42,8.0,7.5,7.42,82.0,0.12,0,Blue-Green,0,650.0,Baja (Arabica),Heritage LIN,82.0,81.7563551464559,Estándar,Estándar,Sí
Arabica,owen carver,Brazil,Other,1,2 kg,Specialty Coffee Association,"May 21st, 2013",Mundo Novo,Natural / Dry,7.33,7.67,7.42,7.17,7.33,7.42,7.67,82.0,0.11,0,Blue-Green,0,1038.5,Media (Arabica),Select Harvest OWE,82.0,82.60857349469377,Estándar,Premium,No
Arabica,jorge octavio escamilla prado,Mexico,Other,15,1 kg,AMECAFE,"July 11th, 2012",Typica,Washed / Wet,7.67,7.33,7.25,7.5,7.42,7.42,7.42,82.0,0.12,0,Green,1,940.0,Baja (Arabica),Origins JOR,82.0,81.80247144273322,Estándar,Estándar,Sí
Arabica,nucoffee,Brazil,south of minas,50,60 kg,NUCOFFEE,"June 4th, 2012",Mundo Novo,Natural / Dry,7.42,7.5,7.33,7.5,7.33,7.5,7.42,82.0,0.12,0,Green,1,1000.0,Media (Arabica),Heritage NUC,82.0,82.35818150614288,Estándar,Estándar,Sí
Arabica,nucoffee,Brazil,cerrado,75,60 kg,NUCOFFEE,"April 11th, 2012",Catuai,Semi-Washed / Semi-Pulped,7.42,7.5,7.25,7.5,7.5,7.42,7.42,82.0,0.11,0,Blue-Green,1,1050.0,Media (Arabica),Heritage NUC,82.0,82.46740805488416,Estándar,Estándar,Sí
Arabica,juan luis alvarado romero,Guatemala,san marcos,250,1 kg,Asociacion Nacional Del Café,"March 26th, 2012",Bourbon,Natural / Dry,7.33,7.33,7.33,7.5,7.67,7.67,7.17,82.0,0.11,0,Green,3,431.999136,Baja (Arabica),Mill JUA,82.0,82.52555442100379,Estándar,Premium,No
Arabica,nucoffee,Brazil,south of minas,53,60 kg,NUCOFFEE,"February 17th, 2012",Mundo Novo,Semi-Washed / Semi-Pulped,7.58,7.5,7.17,7.5,7.5,7.42,7.33,82.0,0.12,0,Green,2,950.0,Baja (Arabica),Heritage NUC,82.0,82.68418722448241,Estándar,Premium,No
Arabica,felipe isaza,Guatemala,oriente,250,2 kg,Specialty Coffee Association,"February 1st, 2012",Bourbon,Washed / Wet,7.75,7.33,7.33,7.42,7.75,7.67,7.42,82.0,0.0,0,Green,10,427.353984,Baja (Arabica),Private Reserve FEL,82.0,82.08901911470083,Estándar,Estándar,Sí
Arabica,racafe & cia s.c.a,Colombia,huila,150,70 kg,Almacafé,"July 29th, 2011",Caturra,Washed / Wet,7.33,7.0,7.08,7.42,7.5,7.67,8.0,82.0,0.07,0,Green,2,1775.0,Alta (Arabica),Heritage RAC,82.0,83.57773025971031,Estándar,Premium,No
Arabica,juan luis alvarado romero,Guatemala,oriente,25,69 kg,Asociacion Nacional Del Café,"August 22nd, 2017",Bourbon,Washed / Wet,7.58,7.5,7.25,7.58,7.58,7.5,7.58,81.92,0.1,0,Green,1,1901.0,Premium (Arabica),Mill JUA,81.92,82.7166191585231,Estándar,Premium,No
Arabica,juan luis alvarado romero,Guatemala,santa rosa,50,69 kg,Asociacion Nacional Del Café,"June 22nd, 2017",Bourbon,Washed / Wet,7.5,7.5,7.25,7.42,7.42,7.42,7.42,81.92,0.11,0,Green,0,371.61216,Baja (Arabica),Mill JUA,81.92,82.1954526164794,Estándar,Estándar,Sí
Arabica,bismarck castro,Honduras,comayagua,274,67 kg,Instituto Hondureño del Café,"June 1st, 2017",Caturra,Washed / Wet,7.58,7.5,7.25,7.33,7.42,7.5,7.33,81.92,0.12,0,Green,1,1400.0,Media (Arabica),Heritage BIS,81.92,82.23869503389432,Estándar,Estándar,Sí
Arabica,gabriel barbara,Brazil,Other,305,59 kg,Brazil Specialty Coffee Association,"October 26th, 2016",Catuai,Natural / Dry,7.42,7.33,7.33,7.5,7.5,7.33,7.5,81.92,0.11,0,Green,4,1020.0,Media (Arabica),Private Reserve GAB,81.92,81.8824829080065,Estándar,Estándar,Sí
Arabica,consejo salvadoreño del café,El Salvador,Other,275,69 kg,Salvadoran Coffee Council,"May 5th, 2015",Bourbon,Washed / Wet,7.67,7.58,7.33,7.5,7.5,7.67,7.33,81.92,0.11,0,Green,2,1250.0,Media (Arabica),Heritage CON,81.92,82.85498265433661,Estándar,Premium,No
Arabica,juan luis alvarado romero,Guatemala,Other,275,69 kg,Asociacion Nacional Del Café,"April 20th, 2015",Catuai,Washed / Wet,7.58,7.58,7.17,7.83,7.17,7.33,7.25,81.92,0.11,0,Green,7,1550.0,Alta (Arabica),Mill JUA,81.92,82.33122118753684,Estándar,Estándar,Sí
Arabica,mcomafa co ltd,"Tanzania, United Republic Of",Other,114,60 kg,Africa Fine Coffee Association,"January 6th, 2015",Other,Washed / Wet,7.33,7.33,7.33,7.42,7.5,7.58,7.42,81.92,0.12,0,Green,4,1877.0,Premium (Arabica),Mill MCO,81.92,82.68432884982654,Estándar,Premium,No
Arabica,chris finch,Nicaragua,Other,275,5 lbs,Specialty Coffee Association,"July 29th, 2014",Caturra,Washed / Wet,7.58,7.42,7.25,7.17,7.5,7.67,7.33,81.92,0.12,3,Green,4,1100.0,Media (Arabica),Private Reserve CHR,81.92,81.52869361861944,Estándar,Estándar,Sí
Arabica,lusso lab,Other,Other,13,2 kg,Specialty Coffee Association,"June 20th, 2014",SL28,Washed / Wet,7.67,7.08,7.42,7.33,7.75,7.42,7.25,81.92,0.0,1,Other,3,1250.0,Media (Arabica),Mill LUS,81.92,82.90203122431065,Estándar,Premium,No
Arabica,rob tuttle,Honduras,Other,1,2 kg,Specialty Coffee Association,"January 17th, 2014",Caturra,Washed / Wet,7.42,7.33,7.33,7.58,7.33,7.5,7.42,81.92,0.11,0,Green,0,1400.0,Media (Arabica),Heritage ROB,81.92,81.95333907560556,Estándar,Estándar,Sí
Arabica,cqi taiwan icp cqi台灣合作夥伴,Taiwan,Other,35,30 kg,Blossom Valley International,"December 26th, 2013",Typica,Other,7.5,7.5,7.42,7.25,7.5,7.5,7.25,81.92,0.11,0,Green,0,1000.0,Media (Arabica),Select Harvest CQI,81.92,81.83642833518063,Estándar,Estándar,Sí
Arabica,calixto guillen vazquez,Mexico,chiapas,450,1 kg,AMECAFE,"March 29th, 2013",Bourbon,Washed / Wet,7.58,7.5,7.25,7.58,7.5,7.25,7.25,81.92,0.12,0,Green,6,1300.0,Media (Arabica),Origins CAL,81.92,81.4981053738713,Estándar,Estándar,Sí
Arabica,saul m. hernandez ramirez,Mexico,Other,10,1 kg,AMECAFE,"September 27th, 2012",Typica,Semi-Washed / Semi-Pulped,7.5,7.5,7.25,7.25,7.5,7.5,7.42,81.92,0.13,2,Green,7,981.0,Baja (Arabica),Origins SAU,81.92,82.0201492699123,Estándar,Estándar,Sí
Arabica,saul m. hernandez ramirez,Mexico,Other,10,1 kg,AMECAFE,"September 27th, 2012",Mundo Novo,Washed / Wet,7.5,7.42,7.25,7.5,7.33,7.33,7.58,81.92,0.14,2,Green,8,690.0,Baja (Arabica),Origins SAU,81.92,81.8194898044535,Estándar,Estándar,Sí
Arabica,juan hermilio sampieri carcamo,Mexico,veracruz,30,1 kg,AMECAFE,"July 11th, 2012",Other,Washed / Wet,7.33,7.58,7.17,7.58,7.42,7.33,7.5,81.92,0.12,0,Green,4,1650.0,Alta (Arabica),Mill JUA,81.92,82.42692303469265,Estándar,Estándar,Sí
Arabica,modesto landeros flores,Mexico,Other,62,1 kg,AMECAFE,"July 11th, 2012",Bourbon,Washed / Wet,7.67,7.42,7.33,7.83,7.5,7.5,7.33,81.92,0.12,0,Green,0,1000.0,Media (Arabica),Private Reserve MOD,81.92,82.26315974602079,Estándar,Estándar,Sí
Arabica,nucoffee,Brazil,Other,8,60 kg,NUCOFFEE,"February 29th, 2012",Mundo Novo,Natural / Dry,7.42,7.58,7.25,7.5,7.33,7.5,7.33,81.92,0.12,0,Green,3,1100.0,Media (Arabica),Heritage NUC,81.92,82.24629124691376,Estándar,Estándar,Sí
Arabica,exportadora de cafe condor s.a,Colombia,cundinamarca,250,70 kg,Almacafé,"February 1st, 2011",Caturra,Washed / Wet,7.67,7.33,7.33,7.58,7.33,7.33,7.33,81.92,0.09,0,Green,1,1600.0,Alta (Arabica),Heritage EXP,81.92,83.36380532773313,Estándar,Premium,No
Arabica,juan luis alvarado romero,Guatemala,oriente,25,69 kg,Asociacion Nacional Del Café,"August 22nd, 2017",Bourbon,Washed / Wet,7.42,7.5,7.25,7.5,7.33,7.42,7.42,81.83,0.1,1,Green,1,48.12377472000001,Baja (Arabica),Mill JUA,81.83,82.40421834577208,Estándar,Estándar,Sí
Arabica,troy quimby,Costa Rica,tarrazu,15,46 kg,Specialty Coffee Association,"February 13th, 2017",Catuai,Pulped Natural / Honey,7.25,7.33,7.5,7.33,7.67,7.42,7.33,81.83,0.0,1,Green,4,1900.0,Premium (Arabica),Private Reserve TRO,81.83,82.55431484391731,Estándar,Premium,No
Arabica,gabriel barbara,Brazil,Other,200,59 kg,Brazil Specialty Coffee Association,"January 20th, 2017",Mundo Novo,Natural / Dry,7.42,7.5,7.42,7.5,7.42,7.25,7.33,81.83,0.11,0,Green,3,973.0,Baja (Arabica),Private Reserve GAB,81.83,82.27016542202087,Estándar,Estándar,Sí
Arabica,aulia arif syahri,Indonesia,Other,166,30 kg,Specialty Coffee Association,"January 19th, 2017",Other,Other,7.75,7.83,7.58,7.75,7.92,7.83,5.17,81.83,0.11,0,Green,0,1250.0,Media (Arabica),Origins AUL,81.83,82.23274010774512,Estándar,Estándar,Sí
Arabica,juan luis alvarado romero,Guatemala,Other,130,69 kg,Asociacion Nacional Del Café,"August 2nd, 2016",Bourbon,Washed / Wet,7.58,7.5,7.33,7.42,7.58,7.25,7.17,81.83,0.1,2,Green,6,3280.0,Premium (Arabica),Mill JUA,81.83,81.93002576642958,Estándar,Estándar,Sí
Arabica,ipanema coffees,Brazil,south of minas,320,2 kg,Brazil Specialty Coffee Association,"October 8th, 2015",Yellow Bourbon,Natural / Dry,7.17,7.58,6.83,7.5,7.75,7.25,7.75,81.83,0.0,0,Green,1,1.0,Baja (Arabica),Private Reserve IPA,81.83,82.27002024592107,Estándar,Estándar,Sí
Arabica,ipanema coffees,Brazil,south of minas,300,2 kg,Brazil Specialty Coffee Association,"October 8th, 2015",Yellow Bourbon,Natural / Dry,7.58,7.0,6.92,6.92,7.67,7.5,8.25,81.83,0.0,0,Green,0,1.0,Baja (Arabica),Private Reserve IPA,81.83,82.25220756981413,Estándar,Estándar,Sí
Arabica,viridiana,Mexico,chiapas,250,2 kg,Asociación Mexicana De Cafés y Cafeterías De Especialidad A.C.,"June 25th, 2015",Catuai,Washed / Wet,7.58,7.5,7.33,7.5,7.17,7.33,7.42,81.83,0.11,0,Green,7,1425.0,Media (Arabica),Heritage VIR,81.83,81.72991362390083,Estándar,Estándar,Sí
Arabica,cadexsa,Honduras,marcala,275,1 kg,Instituto Hondureño del Café,"May 12th, 2015",Catuai,Washed / Wet,7.5,7.5,7.33,7.5,7.42,7.25,7.33,81.83,0.12,0,Green,1,1400.0,Media (Arabica),Select Harvest CAD,81.83,81.53995945832192,Estándar,Estándar,Sí
Arabica,"cafetalera internacional cafinter, s.a.",Costa Rica,Other,275,18975 kg,Specialty Coffee Association of Costa Rica,"May 7th, 2015",Caturra,Washed / Wet,7.67,7.5,7.5,7.25,7.08,7.42,7.42,81.83,0.09,0,Green,0,1300.0,Media (Arabica),Select Harvest CAF,81.83,83.22086586955447,Estándar,Premium,No
Arabica,"lin, che-hao krude 林哲豪",Taiwan,"dongshan dist., tainan city 臺南市東山區",8,5 kg,Specialty Coffee Association,"April 30th, 2015",Typica,Washed / Wet,7.67,7.33,7.17,7.25,7.75,7.33,7.33,81.83,0.0,0,Green,0,700.0,Baja (Arabica),Heritage LIN,81.83,82.0288109019924,Estándar,Estándar,Sí
Arabica,essencecoffee,Indonesia,Other,300,10 kg,Blossom Valley International,"March 21st, 2015",Typica,Other,7.42,7.42,7.42,7.33,7.42,7.42,7.42,81.83,0.11,2,Blue-Green,6,1300.0,Media (Arabica),Private Reserve ESS,81.83,81.94912671479956,Estándar,Estándar,Sí
Arabica,afca,Malawi,Other,24,60 kg,Africa Fine Coffee Association,"October 31st, 2014",Gesha,Washed / Wet,7.58,7.42,7.33,7.33,7.33,7.42,7.42,81.83,0.13,0,Green,0,1556.0,Alta (Arabica),Private Reserve AFC,81.83,82.16871998516056,Estándar,Estándar,Sí
Arabica,ipanema coffees,Brazil,south of minas,320,2 kg,Specialty Coffee Association,"October 15th, 2014",Bourbon,Natural / Dry,7.33,7.58,7.25,7.17,7.83,7.33,7.33,81.83,0.11,0,Green,0,1100.0,Media (Arabica),Private Reserve IPA,81.83,82.70830009032487,Estándar,Premium,No
Arabica,Desconocido,Honduras,comayagua,275,1 kg,Instituto Hondureño del Café,"May 16th, 2014",Caturra,Natural / Dry,7.5,7.5,7.33,7.33,7.33,7.33,7.5,81.83,0.1,0,Green,4,1350.0,Media (Arabica),Private Reserve DES,81.83,82.6323463762705,Estándar,Premium,No
Arabica,kurt kappeli,Mexico,Other,280,2 kg,Specialty Coffee Association,"April 26th, 2014",Typica,Washed / Wet,7.42,7.42,7.25,7.5,7.33,7.42,7.5,81.83,0.11,0,Green,0,1550.0,Alta (Arabica),Origins KUR,81.83,82.25475043945656,Estándar,Estándar,Sí
Arabica,racafe & cia s.c.a,Colombia,huila,50,70 kg,Almacafé,"July 19th, 2013",Caturra,Washed / Wet,7.5,7.5,7.0,7.42,7.5,7.58,7.33,81.83,0.0,2,Blue-Green,0,1775.0,Alta (Arabica),Heritage RAC,81.83,83.18768015819632,Estándar,Premium,No
Arabica,kona pacific farmers cooperative,United States (Hawaii),kona,19,100 lbs,Specialty Coffee Association,"March 6th, 2013",Hawaiian Kona,Natural / Dry,7.83,7.83,7.83,8.0,7.83,7.83,8.0,81.83,0.0,1,Blue-Green,1,157.93516800000003,Baja (Arabica),Private Reserve KON,81.83,83.19047116570215,Estándar,Premium,No
Arabica,jacques pereira carneiro,Brazil,Other,300,60 kg,Specialty Coffee Association,"March 2nd, 2013",Bourbon,Semi-Washed / Semi-Pulped,7.75,7.75,7.5,7.42,7.83,7.75,7.83,81.83,0.12,0,Blue-Green,0,1250.0,Media (Arabica),Select Harvest JAC,81.83,82.94796925790864,Estándar,Premium,No
Arabica,juan luis alvarado romero,Guatemala,oriente,250,69 kg,Asociacion Nacional Del Café,"February 26th, 2013",Bourbon,Washed / Wet,7.83,7.67,7.33,7.33,7.67,7.83,7.5,81.83,0.11,0,Green,1,399.4830720000001,Baja (Arabica),Mill JUA,81.83,82.38916444056733,Estándar,Estándar,Sí
Arabica,christina dusing,Mexico,veracruz,302,1 kg,AMECAFE,"August 31st, 2012",Bourbon,Washed / Wet,7.83,7.33,7.25,7.58,7.25,7.33,7.25,81.83,0.12,0,Green,2,1500.0,Alta (Arabica),Origins CHR,81.83,81.97910758295475,Estándar,Estándar,Sí
Arabica,jorge francisco martinez hachity,Mexico,coatepec,15,1 kg,AMECAFE,"July 11th, 2012",Typica,Semi-Washed / Semi-Pulped,7.33,7.33,7.25,7.5,7.5,7.5,7.42,81.83,0.12,0,Green,10,1250.0,Media (Arabica),Select Harvest JOR,81.83,81.73004895826293,Estándar,Estándar,Sí
Arabica,nucoffee,Brazil,cerrado,58,60 kg,NUCOFFEE,"October 28th, 2011",Mundo Novo,Natural / Dry,7.33,7.67,7.25,7.5,7.5,7.25,7.33,81.83,0.02,0,Green,2,925.0,Baja (Arabica),Heritage NUC,81.83,82.25620926594321,Estándar,Estándar,Sí
Arabica,exportadora de cafe condor s.a,Colombia,huila,250,70 kg,Almacafé,"June 14th, 2011",Caturra,Washed / Wet,7.58,7.5,7.17,7.58,7.33,7.33,7.33,81.83,0.05,0,Green,0,1700.0,Alta (Arabica),Heritage EXP,81.83,83.62153545258677,Estándar,Premium,No
Arabica,kona pacific farmers cooperative,United States (Hawaii),kona,30,0 lbs,Specialty Coffee Association,"May 24th, 2010",Hawaiian Kona,Natural / Dry,7.25,7.58,7.83,7.67,7.75,7.75,7.33,81.83,0.02,3,Blue-Green,12,157.93516800000003,Baja (Arabica),Private Reserve KON,81.83,81.92988432834163,Estándar,Estándar,Sí
Arabica,juan luis alvarado romero,Guatemala,san marcos,50,69 kg,Asociacion Nacional Del Café,"June 22nd, 2017",Bourbon,Washed / Wet,7.5,7.5,7.25,7.42,7.42,7.33,7.33,81.75,0.11,0,Green,1,1700.0,Alta (Arabica),Mill JUA,81.75,82.42786539714204,Estándar,Estándar,Sí
Arabica,"sunvirtue co., ltd.",Other,Other,1,2 kg,Specialty Coffee Association,"December 21st, 2015",Caturra,Washed / Wet,7.0,7.08,7.33,7.5,7.5,7.33,8.0,81.75,0.12,0,Blue-Green,0,1040.0,Media (Arabica),Heritage SUN,81.75,81.85012524610309,Estándar,Estándar,Sí
Arabica,ngorogoro convenant estate,"Tanzania, United Republic Of",Other,1,60 kg,Africa Fine Coffee Association,"January 8th, 2015",Other,Washed / Wet,7.42,7.42,7.42,7.42,7.33,7.33,7.42,81.75,0.12,0,Blue-Green,4,1600.0,Alta (Arabica),Mill NGO,81.75,82.36264098160629,Estándar,Estándar,Sí
Arabica,cafe politico,Brazil,Other,1,5 lbs,Specialty Coffee Association,"August 25th, 2014",Bourbon,Natural / Dry,7.17,7.25,7.17,7.25,7.42,8.25,7.25,81.75,0.1,0,Blue-Green,1,1000.0,Media (Arabica),Select Harvest CAF,81.75,82.86899739443582,Estándar,Premium,No
Arabica,saul m. hernandez ramirez,Mexico,Other,10,1 kg,AMECAFE,"September 27th, 2012",Bourbon,Washed / Wet,7.5,7.5,7.33,7.42,7.25,7.25,7.5,81.75,0.13,2,Green,9,774.0,Baja (Arabica),Origins SAU,81.75,81.5388313976452,Estándar,Estándar,Sí
Arabica,sergio landa alarcon,Mexico,Other,100,1 kg,AMECAFE,"September 10th, 2012",Mundo Novo,Washed / Wet,7.42,7.5,7.17,7.67,7.33,7.42,7.25,81.75,0.13,0,Green,23,1250.0,Media (Arabica),Origins SER,81.75,79.93091047914697,Estándar,Estándar,Sí
Arabica,diego manuel woolrich ramirez,Mexico,Other,42,1 kg,AMECAFE,"September 4th, 2012",Typica,Washed / Wet,7.42,7.5,7.33,7.58,7.33,7.33,7.25,81.75,0.11,0,Green,1,1100.0,Media (Arabica),Select Harvest DIE,81.75,81.94351834309873,Estándar,Estándar,Sí
Arabica,armando luis pohlenz martinez,Mexico,la concordia,250,1 kg,AMECAFE,"August 30th, 2012",Caturra,Washed / Wet,7.33,7.42,7.33,7.67,7.42,7.25,7.33,81.75,0.12,10,Green,14,1550.0,Alta (Arabica),Select Harvest ARM,81.75,81.78886982951143,Estándar,Estándar,Sí
Arabica,enrique eduardo lopez aguilar,Mexico,la concordia,28,1 kg,AMECAFE,"June 6th, 2012",Typica,Washed / Wet,7.5,7.42,7.25,7.33,7.67,7.25,7.33,81.75,0.12,0,Green,1,1650.0,Alta (Arabica),Origins ENR,81.75,81.9305720523721,Estándar,Estándar,Sí
Arabica,exportadora de cafe condor s.a,Colombia,huila,250,70 kg,Almacafé,"December 22nd, 2011",Caturra,Washed / Wet,7.33,7.42,7.33,7.33,7.5,7.67,7.17,81.75,0.0,0,Green,1,1750.0,Alta (Arabica),Heritage EXP,81.75,83.64853651086844,Estándar,Premium,No
Arabica,racafe & cia s.c.a,Colombia,huila,275,70 kg,Almacafé,"October 4th, 2011",Caturra,Washed / Wet,7.42,7.58,6.92,7.08,7.25,8.0,7.5,81.75,0.08,0,Green,0,1775.0,Alta (Arabica),Heritage RAC,81.75,83.41727532293267,Estándar,Premium,No
Arabica,ipanema coffees,Brazil,south of minas,320,60 kg,Brazil Specialty Coffee Association,"October 20th, 2017",Bourbon,Natural / Dry,7.42,7.5,7.25,7.5,7.5,7.25,7.25,81.67,0.11,0,Green,5,890.0,Baja (Arabica),Private Reserve IPA,81.67,82.55968362231135,Estándar,Premium,No
Arabica,juan luis alvarado romero,Guatemala,san marcos,50,69 kg,Asociacion Nacional Del Café,"August 22nd, 2017",Bourbon,Washed / Wet,7.42,7.42,7.08,7.42,7.33,7.42,7.58,81.67,0.1,0,Green,1,1700.0,Alta (Arabica),Mill JUA,81.67,82.57214841149435,Estándar,Premium,No
Arabica,juan luis alvarado romero,Guatemala,santa rosa,80,69 kg,Asociacion Nacional Del Café,"June 5th, 2017",Bourbon,Washed / Wet,7.42,7.33,7.17,7.67,7.33,7.42,7.33,81.67,0.12,0,Green,3,371.61216,Baja (Arabica),Mill JUA,81.67,81.72885605737355,Estándar,Estándar,Sí
Arabica,cadexsa,Honduras,marcala,275,69 kg,Instituto Hondureño del Café,"May 2nd, 2016",Catuai,Washed / Wet,7.58,7.5,7.33,7.33,7.42,7.25,7.25,81.67,0.11,0,Blue-Green,2,1450.0,Media (Arabica),Select Harvest CAD,81.67,81.866162792011,Estándar,Estándar,Sí
Arabica,taylor winch (coffee) ltd.,"Tanzania, United Republic Of",Other,320,60 kg,Tanzanian Coffee Board,"April 27th, 2016",Other,Washed / Wet,7.17,7.33,7.33,7.42,7.5,7.33,7.58,81.67,0.0,0,Green,1,1800.0,Premium (Arabica),Heritage TAY,81.67,83.45687769079716,Estándar,Premium,No
Arabica,"comercial internacional exportadora, s.a.",Nicaragua,jinotega,275,69 kg,Instituto Hondureño del Café,"March 11th, 2016",Caturra,Washed / Wet,7.58,7.5,7.25,7.25,7.5,7.25,7.33,81.67,0.1,0,Green,1,1100.0,Media (Arabica),Private Reserve COM,81.67,81.76993054621101,Estándar,Estándar,Sí
Arabica,racafe & cia s.c.a,Colombia,Other,165,70 kg,Almacafé,"January 21st, 2016",Caturra,Washed / Wet,7.75,7.75,7.75,7.67,5.25,7.83,7.67,81.67,0.0,0,Green,1,1750.0,Alta (Arabica),Heritage RAC,81.67,83.60675831634074,Estándar,Premium,No
Arabica,ipanema coffees,Brazil,south of minas,320,2 kg,Brazil Specialty Coffee Association,"October 8th, 2015",Yellow Bourbon,Natural / Dry,7.25,7.75,6.92,7.42,7.5,7.58,7.25,81.67,0.0,0,Green,0,1.0,Baja (Arabica),Private Reserve IPA,81.67,82.25220756981413,Estándar,Estándar,Sí
Arabica,dae ltd company,"Tanzania, United Republic Of",Other,20,60 kg,Africa Fine Coffee Association,"January 2nd, 2015",Other,Washed / Wet,7.42,7.33,7.25,7.42,7.5,7.42,7.33,81.67,0.12,0,Green,0,1500.0,Alta (Arabica),Select Harvest DAE,81.67,82.26824969303978,Estándar,Estándar,Sí
Arabica,tembo coffee company ltd,"Tanzania, United Republic Of",Other,10,60 kg,Africa Fine Coffee Association,"December 15th, 2014",Other,Washed / Wet,7.33,7.33,7.5,7.25,7.42,7.33,7.5,81.67,0.12,0,Green,7,1700.0,Alta (Arabica),Heritage TEM,81.67,82.2708864189068,Estándar,Estándar,Sí
Arabica,ipanema coffees,Brazil,south of minas,300,2 kg,Specialty Coffee Association,"October 16th, 2014",Bourbon,Washed / Wet,7.25,7.42,7.25,7.5,7.5,7.42,7.33,81.67,0.1,0,Green,2,1260.0,Media (Arabica),Private Reserve IPA,81.67,82.37185391519665,Estándar,Estándar,Sí
Arabica,chris finch,Indonesia,Other,320,4 kg,Specialty Coffee Association,"May 23rd, 2014",Other,Semi-Washed / Semi-Pulped,7.17,7.42,7.33,7.42,7.33,7.42,7.58,81.67,0.11,0,Blue-Green,0,1350.0,Media (Arabica),Private Reserve CHR,81.67,83.05987739735542,Estándar,Premium,No
Arabica,Desconocido,Honduras,comayagua,275,1 kg,Instituto Hondureño del Café,"May 16th, 2014",Caturra,Natural / Dry,7.5,7.33,7.5,7.5,7.17,7.17,7.5,81.67,0.1,0,Green,5,1400.0,Media (Arabica),Private Reserve DES,81.67,82.59506057094154,Estándar,Premium,No
Arabica,"ceca, s.a.",Costa Rica,tarrazu,275,69 kg,Specialty Coffee Association of Costa Rica,"April 26th, 2014",Caturra,Washed / Wet,7.5,7.17,7.17,7.17,7.5,7.08,8.08,81.67,0.11,0,Green,3,1850.0,Premium (Arabica),Select Harvest CEC,81.67,83.363747033603,Estándar,Premium,No
Arabica,dane loraas,Mexico,veracruz,320,5 lbs,Specialty Coffee Association,"April 2nd, 2014",Typica,Washed / Wet,7.42,7.42,7.67,8.0,7.58,7.5,7.42,81.67,0.0,0,Green,4,1250.0,Media (Arabica),Heritage DAN,81.67,81.56989483127641,Estándar,Estándar,Sí
Arabica,cqi taiwan icp cqi台灣合作夥伴,Taiwan,Other,10,30 kg,Blossom Valley International,"December 26th, 2013",Typica,Semi-Washed / Semi-Pulped,7.5,7.5,7.5,7.25,7.42,7.25,7.25,81.67,0.11,0,Green,0,150.0,Baja (Arabica),Select Harvest CQI,81.67,81.74045306379466,Estándar,Estándar,Sí
Arabica,cqi taiwan icp cqi台灣合作夥伴,Taiwan,Other,10,30 kg,Blossom Valley International,"December 26th, 2013",Typica,Washed / Wet,7.58,7.42,7.33,7.42,7.33,7.33,7.25,81.67,0.11,0,Green,0,750.0,Baja (Arabica),Select Harvest CQI,81.67,81.77006665056129,Estándar,Estándar,Sí
Arabica,fredy gordillo reyes,Mexico,"la concordia, chiapas",310,1 kg,AMECAFE,"March 29th, 2013",Typica,Washed / Wet,7.5,7.42,7.08,7.58,7.33,7.33,7.42,81.67,0.12,0,Green,6,1400.0,Media (Arabica),Select Harvest FRE,81.67,81.56969952392949,Estándar,Estándar,Sí
Arabica,juan luis alvarado romero,Guatemala,Other,275,69 kg,Asociacion Nacional Del Café,"October 5th, 2012",Bourbon,Washed / Wet,7.5,7.67,7.33,7.33,7.33,7.33,7.17,81.67,0.11,0,Green,4,534.19248,Baja (Arabica),Mill JUA,81.67,82.52317787836859,Estándar,Premium,No
Arabica,virginia gordillo gordillo,Mexico,Other,100,1 kg,AMECAFE,"September 11th, 2012",Typica,Washed / Wet,7.25,7.67,7.58,7.67,7.67,7.58,7.58,81.67,0.13,1,Green,13,1650.0,Alta (Arabica),Heritage VIR,81.67,81.17763188599498,Estándar,Estándar,Sí
Arabica,jose luis munoz guerrero,Mexico,Other,15,1 kg,AMECAFE,"August 30th, 2012",Bourbon,Washed / Wet,7.67,7.25,7.17,7.75,7.5,7.25,7.08,81.67,0.11,0,Green,4,1400.0,Media (Arabica),Heritage JOS,81.67,82.22233604656434,Estándar,Estándar,Sí
Arabica,christina dusing,Mexico,veracruz,275,1 kg,AMECAFE,"July 27th, 2012",Bourbon,Washed / Wet,7.5,7.42,7.33,7.42,7.42,7.42,7.17,81.67,0.11,0,Green,2,1200.0,Media (Arabica),Origins CHR,81.67,82.05577637425954,Estándar,Estándar,Sí
Arabica,alfredo bojalil,Mexico,"la concordia, chiapas",250,1 kg,AMECAFE,"April 2nd, 2012",Bourbon,Washed / Wet,7.58,7.42,7.25,7.58,7.25,7.17,7.42,81.67,0.11,0,Green,2,1400.0,Media (Arabica),Origins ALF,81.67,82.10476134174719,Estándar,Estándar,Sí
Arabica,miguel cortes moreno,Mexico,Other,12,1 kg,AMECAFE,"February 29th, 2012",Caturra,Semi-Washed / Semi-Pulped,7.75,7.58,7.25,7.17,7.58,7.33,7.67,81.67,0.11,0,Green,4,940.0,Baja (Arabica),Mill MIG,81.67,82.4735034904516,Estándar,Estándar,Sí
Arabica,kona pacific farmers cooperative,United States (Hawaii),kona,13,100 lbs,Specialty Coffee Association,"February 8th, 2012",Hawaiian Kona,Washed / Wet,7.42,7.33,7.33,7.33,7.17,7.83,7.25,81.67,0.1,1,Green,1,157.93516800000003,Baja (Arabica),Private Reserve KON,81.67,81.9208475241143,Estándar,Estándar,Sí
Arabica,mdh,Honduras,Other,275,69 kg,Instituto Hondureño del Café,"January 19th, 2018",Catimor,Washed / Wet,7.5,7.42,7.08,7.42,7.5,7.33,7.33,81.58,0.11,0,Blue-Green,3,1200.0,Media (Arabica),Select Harvest MDH,81.58,81.99970224208336,Estándar,Estándar,Sí
Arabica,"lin, che-hao krude 林哲豪",Taiwan,Other,20,50 kg,Specialty Coffee Association,"July 15th, 2016",Typica,Washed / Wet,7.42,7.42,7.25,7.67,7.33,7.25,7.25,81.58,0.1,0,Blue-Green,0,800.0,Baja (Arabica),Heritage LIN,81.58,82.2072498569653,Estándar,Estándar,Sí
Arabica,"ceca, s.a.",Costa Rica,Other,250,69 kg,Specialty Coffee Association of Costa Rica,"February 3rd, 2015",Caturra,Washed / Wet,7.58,7.42,7.5,7.17,7.08,7.58,7.25,81.58,0.12,0,Green,1,13.0,Baja (Arabica),Select Harvest CEC,81.58,82.10510722715378,Estándar,Estándar,Sí
Arabica,acacia hills ltd,"Tanzania, United Republic Of",Other,100,60 kg,Africa Fine Coffee Association,"December 18th, 2014",Other,Washed / Wet,7.42,7.42,7.33,7.42,7.42,7.33,7.25,81.58,0.12,0,Green,5,1800.0,Premium (Arabica),Mill ACA,81.58,82.53265283482806,Estándar,Premium,No
Arabica,afca,Malawi,Other,10,60 kg,Africa Fine Coffee Association,"October 31st, 2014",Gesha,Washed / Wet,7.42,7.42,7.17,7.58,7.33,7.33,7.33,81.58,0.13,0,Green,0,1100.0,Media (Arabica),Private Reserve AFC,81.58,81.76632091290921,Estándar,Estándar,Sí
Arabica,"lin, che-hao krude 林哲豪",Taiwan,Other,50,20 kg,Specialty Coffee Association,"August 25th, 2014",Typica,Semi-Washed / Semi-Pulped,7.33,7.17,7.08,7.08,8.33,8.25,7.0,81.58,0.0,0,Green,0,850.0,Baja (Arabica),Heritage LIN,81.58,81.69425370711043,Estándar,Estándar,Sí
Arabica,ipanema coffees,Brazil,south of minas,300,60 kg,NUCOFFEE,"November 6th, 2013",Yellow Bourbon,Washed / Wet,7.42,7.42,7.33,7.33,7.5,7.25,7.33,81.58,0.12,0,Blue-Green,3,1260.0,Media (Arabica),Private Reserve IPA,81.58,82.25128534526961,Estándar,Estándar,Sí
Arabica,juan luis alvarado romero,Guatemala,oriente,250,69 kg,Asociacion Nacional Del Café,"July 16th, 2013",Bourbon,Washed / Wet,7.42,7.33,7.17,7.58,7.42,7.5,7.17,81.58,0.12,0,Green,1,399.4830720000001,Baja (Arabica),Mill JUA,81.58,82.2014448603885,Estándar,Estándar,Sí
Arabica,fredy gordillo reyes,Mexico,"la concordia, chiapas",310,1 kg,AMECAFE,"March 29th, 2013",Typica,Washed / Wet,7.67,7.5,7.42,7.5,6.75,7.42,7.33,81.58,0.12,0,Green,9,1400.0,Media (Arabica),Select Harvest FRE,81.58,81.27943143515829,Estándar,Estándar,Sí
Arabica,enrique eduardo lopez aguilar,Mexico,la concordia,28,1 kg,AMECAFE,"June 6th, 2012",Other,Natural / Dry,7.33,7.5,7.25,7.5,7.5,7.17,7.33,81.58,0.11,0,Green,0,1600.0,Alta (Arabica),Origins ENR,81.58,83.11196996958986,Estándar,Premium,No
Arabica,enrique eduardo lopez aguilar,Mexico,la concordia,28,1 kg,AMECAFE,"June 6th, 2012",Typica,Natural / Dry,7.67,7.58,7.42,7.58,7.58,7.42,7.67,81.58,0.11,0,Green,2,1650.0,Alta (Arabica),Origins ENR,81.58,82.63343425047019,Estándar,Premium,No
Arabica,doi chaang coffee company,Thailand,Other,12,50 kg,Specialty Coffee Association,"November 16th, 2011",Caturra,Washed / Wet,7.08,7.33,7.58,7.58,7.17,7.5,7.33,81.58,0.01,0,Blue-Green,0,457.17585984,Baja (Arabica),Heritage DOI,81.58,82.9561045506741,Estándar,Premium,No
Arabica,doi tung development project,Thailand,Other,1,60 kg,Specialty Coffee Association,"August 16th, 2011",Caturra,Washed / Wet,7.33,7.33,7.17,7.5,7.58,7.33,7.33,81.58,0.2,0,Blue-Green,0,800.0,Baja (Arabica),Origins DOI,81.58,81.679724459589,Estándar,Estándar,Sí
Arabica,benjamin schmerler,Costa Rica,tarrazu,1,60 kg,Specialty Coffee Association,"June 14th, 2011",Caturra,Washed / Wet,7.25,7.17,7.33,7.33,7.5,7.75,7.25,81.58,0.0,0,Green,1,487.74096,Baja (Arabica),Heritage BEN,81.58,82.49112925576105,Estándar,Estándar,Sí
Arabica,juan luis alvarado romero,Guatemala,santa rosa,50,69 kg,Asociacion Nacional Del Café,"August 23rd, 2017",Bourbon,Washed / Wet,7.67,7.58,7.17,7.42,7.33,7.42,7.58,81.5,0.1,0,Green,0,371.61216,Baja (Arabica),Mill JUA,81.5,82.33739249560375,Estándar,Estándar,Sí
Arabica,"exportadora atlantic, s.a.",Nicaragua,Other,550,69 kg,Instituto Hondureño del Café,"June 20th, 2017",Caturra,Other,7.5,7.42,7.33,7.33,7.25,7.33,7.33,81.5,0.11,0,Green,3,1100.0,Media (Arabica),Select Harvest EXP,81.5,81.38395512889483,Estándar,Estándar,Sí
Arabica,elsy reyes,Honduras,comayagua,275,69 kg,Instituto Hondureño del Café,"June 3rd, 2017",Caturra,Washed / Wet,7.5,7.5,7.33,7.42,7.17,7.25,7.33,81.5,0.1,0,Green,5,1400.0,Media (Arabica),Mill ELS,81.5,82.31580491316001,Estándar,Estándar,Sí
Arabica,juan luis alvarado romero,Guatemala,santa rosa,50,69 kg,Asociacion Nacional Del Café,"June 1st, 2017",Bourbon,Washed / Wet,7.5,7.42,7.25,7.25,7.5,7.25,7.33,81.5,0.12,0,Green,0,431.999136,Baja (Arabica),Mill JUA,81.5,82.04333483692518,Estándar,Estándar,Sí
Arabica,cqi taiwan icp cqi台灣合作夥伴,Taiwan,Other,123,2 kg,Blossom Valley International,"September 17th, 2015",Typica,Natural / Dry,7.5,7.42,7.33,7.08,7.58,7.25,7.33,81.5,0.12,0,Green,2,180.0,Baja (Arabica),Select Harvest CQI,81.5,81.60036059602044,Estándar,Estándar,Sí
Arabica,genius coffee,Other,Other,1,1 kg,Coffee Quality Institute,"July 17th, 2015",Catuai,Washed / Wet,7.25,7.42,7.25,7.5,7.33,7.33,7.42,81.5,0.0,0,Green,4,371.61216,Baja (Arabica),Mill GEN,81.5,81.7077205112565,Estándar,Estándar,Sí
Arabica,santa laura exportadora de cafe s.l.e.c. s.a.,Costa Rica,Other,250,1 kg,Specialty Coffee Association of Costa Rica,"January 7th, 2015",Caturra,Washed / Wet,7.83,7.33,7.08,7.08,7.33,7.5,7.33,81.5,0.12,1,Green,2,1200.0,Media (Arabica),Private Reserve SAN,81.5,82.40145042014859,Estándar,Estándar,Sí
Arabica,afca,Malawi,Other,15,60 kg,Africa Fine Coffee Association,"November 4th, 2014",Gesha,Washed / Wet,7.67,7.42,6.92,7.5,7.5,7.17,7.33,81.5,0.12,0,Green,0,1599.0,Alta (Arabica),Private Reserve AFC,81.5,82.3829265097754,Estándar,Estándar,Sí
Arabica,juan luis alvarado romero,Guatemala,oriente,250,69 kg,Asociacion Nacional Del Café,"September 23rd, 2014",Other,Washed / Wet,7.5,7.42,7.17,7.58,7.25,7.42,7.17,81.5,0.12,0,Green,0,371.61216,Baja (Arabica),Mill JUA,81.5,81.4002944809859,Estándar,Estándar,Sí
Arabica,"lin, che-hao krude 林哲豪",Taiwan,Other,50,20 kg,Specialty Coffee Association,"August 18th, 2014",Typica,Washed / Wet,7.42,7.33,7.67,7.33,7.42,7.5,7.5,81.5,0.11,0,Blue-Green,0,900.0,Baja (Arabica),Heritage LIN,81.5,82.24145590240379,Estándar,Estándar,Sí
Arabica,jacques pereira carneiro,Brazil,Other,300,60 kg,Specialty Coffee Association,"July 29th, 2014",Yellow Bourbon,Semi-Washed / Semi-Pulped,7.58,7.5,7.5,7.67,7.67,7.83,7.75,81.5,0.0,1,Green,1,1200.0,Media (Arabica),Select Harvest JAC,81.5,82.56309792737622,Estándar,Premium,No
Arabica,myriam kaplan-pasternak,Other,Other,300,4 lbs,Specialty Coffee Association,"May 5th, 2014",Other,Washed / Wet,7.42,7.33,7.25,7.42,7.42,7.33,7.33,81.5,0.11,0,Blue-Green,0,825.0,Baja (Arabica),Heritage MYR,81.5,81.59969607072587,Estándar,Estándar,Sí
Arabica,cqi taiwan icp cqi台灣合作夥伴,Taiwan,Other,5,30 kg,Blossom Valley International,"December 26th, 2013",Typica,Other,7.5,7.42,7.25,7.25,7.33,7.33,7.42,81.5,0.11,0,Green,0,600.0,Baja (Arabica),Select Harvest CQI,81.5,81.39960250731791,Estándar,Estándar,Sí
Arabica,alfredo bojalil,Mexico,"la concordia, chiapas",250,1 kg,AMECAFE,"March 11th, 2013",Typica,Washed / Wet,7.33,7.33,7.17,7.42,7.5,7.5,7.25,81.5,0.13,0,Green,2,1150.0,Media (Arabica),Origins ALF,81.5,81.58461951993084,Estándar,Estándar,Sí
Arabica,alfredo bojalil,Mexico,Other,250,1 kg,AMECAFE,"August 30th, 2012",Typica,Washed / Wet,7.58,7.42,7.25,7.42,7.33,7.33,7.17,81.5,0.12,0,Green,5,1600.0,Alta (Arabica),Origins ALF,81.5,82.05788919481738,Estándar,Estándar,Sí
Arabica,jose luis munoz guerrero,Mexico,Other,30,1 kg,AMECAFE,"August 29th, 2012",Catuai,Washed / Wet,7.42,7.25,7.17,7.42,7.17,8.0,7.08,81.5,0.12,0,Green,10,1100.0,Media (Arabica),Heritage JOS,81.5,81.39964717976642,Estándar,Estándar,Sí
Arabica,jose luis munoz guerrero,Mexico,Other,20,1 kg,AMECAFE,"August 1st, 2012",Typica,Semi-Washed / Semi-Pulped,7.33,7.5,7.33,7.33,7.33,7.42,7.25,81.5,0.11,0,Green,6,1000.0,Media (Arabica),Heritage JOS,81.5,82.34510935693865,Estándar,Estándar,Sí
Arabica,tomas edelmann blass,Mexico,Other,50,80 kg,AMECAFE,"July 26th, 2012",Bourbon,Washed / Wet,7.42,7.42,7.33,7.17,7.25,7.42,7.5,81.5,0.13,0,Green,5,1250.0,Media (Arabica),Origins TOM,81.5,81.86258390397624,Estándar,Estándar,Sí
Arabica,maria de la paz aguilar guillen,Mexico,Other,15,1 kg,AMECAFE,"July 26th, 2012",Typica,Natural / Dry,7.5,7.5,7.25,7.5,7.42,7.58,7.42,81.5,0.11,0,Green,3,1100.0,Media (Arabica),Heritage MAR,81.5,82.59429128930728,Estándar,Premium,No
Arabica,specialty coffee association of indonesia,Indonesia,Other,10,60 kg,Specialty Coffee Association of Indonesia,"May 24th, 2012",Other,Washed / Wet,7.75,7.17,7.17,7.33,7.58,7.33,7.17,81.5,0.12,0,Green,0,1400.0,Media (Arabica),Select Harvest SPE,81.5,82.63040583396372,Estándar,Premium,No
Arabica,jacques pereira carneiro,Brazil,Other,300,1 kg,NUCOFFEE,"April 12th, 2012",Bourbon,Semi-Washed / Semi-Pulped,7.5,7.42,7.17,7.42,7.5,7.33,7.17,81.5,0.12,0,Blue-Green,2,125.0,Baja (Arabica),Select Harvest JAC,81.5,82.20654184958832,Estándar,Estándar,Sí
Arabica,juan luis alvarado romero,Guatemala,oriente,250,1 kg,Asociacion Nacional Del Café,"January 25th, 2012",Bourbon,Washed / Wet,7.33,7.5,7.33,7.42,7.17,7.33,7.42,81.5,0.11,0,Green,1,431.999136,Baja (Arabica),Mill JUA,81.5,82.38401756856496,Estándar,Estándar,Sí
Arabica,racafe & cia s.c.a,Colombia,cauca,250,70 kg,Almacafé,"September 7th, 2011",Caturra,Washed / Wet,7.42,7.42,7.17,7.42,7.42,7.33,7.33,81.5,0.06,1,Green,0,1450.0,Media (Arabica),Heritage RAC,81.5,83.5766310366456,Estándar,Premium,No
Arabica,kona pacific farmers cooperative,United States (Hawaii),kona,16,1,Specialty Coffee Association,"June 29th, 2010",Hawaiian Kona,Natural / Dry,7.33,7.33,7.33,7.5,7.5,7.83,7.33,81.5,0.0,0,Blue-Green,17,157.93516800000003,Baja (Arabica),Private Reserve KON,81.5,81.71403610590069,Estándar,Estándar,Sí
Arabica,cafes tomari sa de cv,Mexico,veracruz,200,69 kg,Centro Agroecológico del Café A.C.,"May 12th, 2017",Mundo Novo,Washed / Wet,7.58,7.33,7.08,7.33,7.5,7.33,7.25,81.42,0.12,1,Green,17,1100.0,Media (Arabica),Select Harvest CAF,81.42,80.54340754520717,Estándar,Estándar,Sí
Arabica,juan luis alvarado romero,Guatemala,san marcos,450,69 kg,Asociacion Nacional Del Café,"March 17th, 2016",Catuai,Washed / Wet,7.42,7.33,7.08,7.58,7.33,7.25,7.42,81.42,0.1,0,Green,0,418.06368,Baja (Arabica),Mill JUA,81.42,82.39511673491599,Estándar,Estándar,Sí
Arabica,cafebras,Brazil,cerrado,300,60 kg,Brazil Specialty Coffee Association,"December 3rd, 2015",Catuai,Natural / Dry,7.33,7.5,7.5,7.33,6.83,7.42,7.5,81.42,0.11,0,Green,2,1100.0,Media (Arabica),Select Harvest CAF,81.42,81.91032232245179,Estándar,Estándar,Sí
Arabica,cadexsa,Honduras,marcala,275,1 kg,Instituto Hondureño del Café,"May 12th, 2015",Catuai,Washed / Wet,7.5,7.33,7.17,7.25,7.5,7.42,7.25,81.42,0.12,0,Green,1,1400.0,Media (Arabica),Select Harvest CAD,81.42,81.53995945832192,Estándar,Estándar,Sí
Arabica,cqi taiwan icp cqi台灣合作夥伴,Taiwan,Other,10,60 kg,Blossom Valley International,"November 23rd, 2014",Typica,Washed / Wet,7.83,7.75,7.42,7.17,7.08,7.08,7.08,81.42,0.12,0,Green,0,110.0,Baja (Arabica),Select Harvest CQI,81.42,81.31988292364386,Estándar,Estándar,Sí
Arabica,afca,Malawi,Other,12,60 kg,Africa Fine Coffee Association,"November 4th, 2014",Gesha,Washed / Wet,7.58,7.17,7.33,7.42,7.08,7.42,7.42,81.42,0.12,0,Blue-Green,0,1422.0,Media (Arabica),Private Reserve AFC,81.42,82.48127762855783,Estándar,Estándar,Sí
Arabica,ipanema coffees,Brazil,south of minas,320,2 kg,Specialty Coffee Association,"October 17th, 2014",Bourbon,Natural / Dry,7.25,7.5,7.42,7.17,7.33,7.33,7.42,81.42,0.0,0,Green,0,1100.0,Media (Arabica),Private Reserve IPA,81.42,82.74550525321952,Estándar,Premium,No
Arabica,juan luis alvarado romero,Guatemala,Other,250,69 kg,Asociacion Nacional Del Café,"May 26th, 2014",Bourbon,Washed / Wet,7.42,7.5,7.17,7.42,7.42,7.42,7.08,81.42,0.1,0,Green,6,1550.0,Alta (Arabica),Mill JUA,81.42,82.70033228803918,Estándar,Premium,No
Arabica,kurt kappeli,Mexico,Other,280,2 kg,Specialty Coffee Association,"May 1st, 2014",Typica,Washed / Wet,7.67,7.33,7.25,7.17,7.25,7.42,7.33,81.42,0.0,1,Green,1,1550.0,Alta (Arabica),Origins KUR,81.42,81.6183570832333,Estándar,Estándar,Sí
Arabica,dane loraas,Peru,Other,280,5 lbs,Specialty Coffee Association,"February 27th, 2014",Caturra,Washed / Wet,7.42,7.42,7.17,7.33,7.42,7.42,7.25,81.42,0.1,1,Blue-Green,5,1300.0,Media (Arabica),Heritage DAN,81.42,82.64668345746273,Estándar,Premium,No
Arabica,juan luis alvarado romero,Guatemala,oriente,250,69 kg,Asociacion Nacional Del Café,"October 7th, 2013",Bourbon,Washed / Wet,7.42,7.33,7.25,7.42,7.42,7.5,7.08,81.42,0.12,0,Green,4,399.4830720000001,Baja (Arabica),Mill JUA,81.42,81.58522938628123,Estándar,Estándar,Sí
Arabica,saul m. hernandez ramirez,Mexico,Other,10,1 kg,AMECAFE,"September 27th, 2012",Caturra,Washed / Wet,7.42,7.33,7.25,7.17,7.25,7.42,7.58,81.42,0.13,1,Green,8,763.0,Baja (Arabica),Origins SAU,81.42,81.51999900024683,Estándar,Estándar,Sí
Arabica,grupo cafetalero los brujos spr de rl,Mexico,Other,20,1 kg,AMECAFE,"June 6th, 2012",Typica,Washed / Wet,7.42,7.42,7.25,7.25,7.5,7.33,7.25,81.42,0.13,0,Green,1,1100.0,Media (Arabica),Mill GRU,81.42,81.74908127077443,Estándar,Estándar,Sí
Arabica,exportadora de cafe condor s.a,Colombia,huila,250,70 kg,Almacafé,"November 11th, 2011",Caturra,Natural / Dry,7.5,7.42,7.25,7.17,7.17,7.75,7.17,81.42,0.11,0,Green,0,1750.0,Alta (Arabica),Heritage EXP,81.42,83.72155011501161,Estándar,Premium,No
Arabica,exportadora de cafe condor s.a,Colombia,cauca,250,70 kg,Almacafé,"February 22nd, 2011",Caturra,Washed / Wet,7.75,7.33,7.42,7.0,7.33,7.25,7.33,81.42,0.16,0,Green,2,1880.0,Premium (Arabica),Heritage EXP,81.42,82.92515468720612,Estándar,Premium,No
Arabica,kona pacific farmers cooperative,United States (Hawaii),kona,27,0 lbs,Specialty Coffee Association,"May 24th, 2010",Other,Natural / Dry,7.83,7.0,7.0,7.58,7.58,7.5,6.92,81.42,0.01,0,Blue-Green,10,157.93516800000003,Baja (Arabica),Private Reserve KON,81.42,81.9389004217018,Estándar,Estándar,Sí
Arabica,racafe & cia s.c.a,Colombia,huila,230,70 kg,Almacafé,"November 8th, 2016",Caturra,Washed / Wet,7.5,7.33,7.33,7.17,7.33,7.42,7.25,81.33,0.0,0,Green,0,1750.0,Alta (Arabica),Heritage RAC,81.33,83.57984940359765,Estándar,Premium,No
Arabica,bismarck castro,Honduras,comayagua,275,69 kg,Instituto Hondureño del Café,"June 9th, 2016",Caturra,Washed / Wet,7.5,7.5,7.0,7.17,7.5,7.33,7.33,81.33,0.11,0,Blue-Green,3,1500.0,Alta (Arabica),Heritage BIS,81.33,82.21546867477319,Estándar,Estándar,Sí
Arabica,angel oscar medina rodriguez,Mexico,veracruz,220,69 kg,Centro Agroecológico del Café A.C.,"February 25th, 2016",Typica,Washed / Wet,7.67,7.42,7.0,7.42,7.58,7.08,7.17,81.33,0.12,0,Green,0,1130.0,Media (Arabica),Select Harvest ANG,81.33,81.7519013169046,Estándar,Estándar,Sí
Arabica,cafebras,Brazil,cerrado,300,60 kg,Brazil Specialty Coffee Association,"November 20th, 2015",Catuai,Natural / Dry,7.25,7.33,7.33,7.33,7.33,7.42,7.33,81.33,0.11,0,Green,14,1100.0,Media (Arabica),Select Harvest CAF,81.33,81.50977114112206,Estándar,Estándar,Sí
Arabica,cadexsa,Honduras,marcala,275,1 kg,Instituto Hondureño del Café,"May 22nd, 2015",Catuai,Washed / Wet,7.58,7.42,7.17,7.42,7.17,7.17,7.42,81.33,0.09,0,Green,4,1350.0,Media (Arabica),Select Harvest CAD,81.33,81.79126290088183,Estándar,Estándar,Sí
Arabica,jacques pereira carneiro,Brazil,Other,300,60 kg,Brazil Specialty Coffee Association,"December 16th, 2014",Yellow Bourbon,Other,7.17,7.33,7.42,7.25,7.42,7.33,7.42,81.33,0.12,0,Green,6,1200.0,Media (Arabica),Select Harvest JAC,81.33,81.47767852383699,Estándar,Estándar,Sí
Arabica,victoria,Other,Other,2,2 kg,Specialty Coffee Association,"November 13th, 2014",Other,Washed / Wet,7.08,7.33,7.42,7.33,7.33,7.5,7.33,81.33,0.14,0,Green,3,1400.0,Media (Arabica),Select Harvest VIC,81.33,81.61564335879902,Estándar,Estándar,Sí
Arabica,afca,Malawi,Other,31,60 kg,Africa Fine Coffee Association,"November 4th, 2014",Gesha,Washed / Wet,7.75,7.33,7.08,7.33,7.33,7.25,7.25,81.33,0.13,0,Green,1,1200.0,Media (Arabica),Private Reserve AFC,81.33,81.82061148654932,Estándar,Estándar,Sí
Arabica,mayra yessenia torres,Honduras,san marcos,275,1 kg,Instituto Hondureño del Café,"January 22nd, 2014",Catuai,Washed / Wet,7.33,7.33,7.17,7.33,7.5,7.33,7.33,81.33,0.12,0,Green,3,1450.0,Media (Arabica),Private Reserve MAY,81.33,81.42997653210983,Estándar,Estándar,Sí
Arabica,julio perez hernandez,Mexico,Other,250,1 kg,AMECAFE,"August 30th, 2012",Typica,Washed / Wet,7.58,7.42,7.25,7.33,7.25,7.25,7.25,81.33,0.13,4,Green,13,1800.0,Premium (Arabica),Heritage JUL,81.33,81.42452564206967,Estándar,Estándar,Sí
Arabica,hector gabriel barreda nader,Mexico,veracruz,70,1 kg,AMECAFE,"July 11th, 2012",Typica,Washed / Wet,7.33,7.25,7.17,7.42,7.58,7.33,7.25,81.33,0.12,0,Green,4,1000.0,Media (Arabica),Private Reserve HEC,81.33,81.611551729662,Estándar,Estándar,Sí
Arabica,klem organics,Brazil,Other,42,5 kg,Specialty Coffee Association,"November 15th, 2017
",Catuai,Natural / Dry,7.5,7.58,7.5,7.5,7.75,7.83,7.58,81.33,0.11,0,Green,0,1100.0,Media (Arabica),Mill KLE,81.33,81.91904687965881,Estándar,Estándar,Sí
Arabica,"lin, che-hao krude 林哲豪",Taiwan,Other,20,50 kg,Specialty Coffee Association,"May 18th, 2016",Typica,Natural / Dry,7.83,7.75,7.67,7.83,7.83,7.75,5.25,81.25,0.12,0,Green,0,680.0,Baja (Arabica),Heritage LIN,81.25,81.94789495945672,Estándar,Estándar,Sí
Arabica,ipanema coffees,Brazil,south of minas,320,2 kg,Brazil Specialty Coffee Association,"October 8th, 2015",Yellow Bourbon,Natural / Dry,7.17,7.42,7.17,7.08,6.92,8.17,7.33,81.25,0.0,0,Green,1,1.0,Baja (Arabica),Private Reserve IPA,81.25,82.27002024592107,Estándar,Estándar,Sí
Arabica,"comercial internacional exportadora, s.a.",Nicaragua,jinotega,275,69 kg,Asociación de Cafés Especiales de Nicaragua,"July 6th, 2015",Catuai,Washed / Wet,7.08,7.5,7.33,7.17,7.42,7.25,7.5,81.25,0.1,0,Green,4,1100.0,Media (Arabica),Private Reserve COM,81.25,81.3500664485556,Estándar,Estándar,Sí
Arabica,cadexsa,Honduras,marcala,275,1 kg,Instituto Hondureño del Café,"May 12th, 2015",Catuai,Washed / Wet,7.42,7.17,7.17,7.5,7.33,7.25,7.42,81.25,0.12,0,Green,1,1400.0,Media (Arabica),Select Harvest CAD,81.25,81.53995945832192,Estándar,Estándar,Sí
Arabica,essencecoffee,Guatemala,huehuetenango,36,55 lbs,Blossom Valley International,"March 21st, 2015",Other,Washed / Wet,7.33,7.42,7.17,7.25,7.42,7.33,7.33,81.25,0.09,0,Blue-Green,2,1700.0,Alta (Arabica),Private Reserve ESS,81.25,83.46659992383572,Estándar,Premium,No
Arabica,shangrilla estate ltd,"Tanzania, United Republic Of",Other,100,60 kg,Africa Fine Coffee Association,"December 17th, 2014",Other,Washed / Wet,7.33,7.17,7.17,7.5,7.25,7.42,7.42,81.25,0.13,0,Green,5,1700.0,Alta (Arabica),Origins SHA,81.25,82.23134956742753,Estándar,Estándar,Sí
Arabica,cqi taiwan icp cqi台灣合作夥伴,Taiwan,Other,10,30 kg,Blossom Valley International,"December 26th, 2013",Typica,Semi-Washed / Semi-Pulped,7.5,7.5,7.25,7.25,7.25,7.25,7.25,81.25,0.11,0,Green,0,650.0,Baja (Arabica),Select Harvest CQI,81.25,82.14010558849363,Estándar,Estándar,Sí
Arabica,juan luis alvarado romero,Guatemala,Other,250,69 kg,Asociacion Nacional Del Café,"March 4th, 2013",Caturra,Washed / Wet,7.5,7.33,7.5,7.58,7.0,7.25,7.08,81.25,0.11,0,Green,4,464.5152000000001,Baja (Arabica),Mill JUA,81.25,82.66170033844615,Estándar,Premium,No
Arabica,alfredo bojalil,Mexico,Other,250,1 kg,AMECAFE,"July 26th, 2012",Typica,Washed / Wet,7.42,7.42,7.33,7.33,7.5,7.42,7.5,81.25,0.12,0,Green,1,1500.0,Alta (Arabica),Origins ALF,81.25,82.10239628957022,Estándar,Estándar,Sí
Arabica,"exportadora atlantic, s.a.",Nicaragua,Other,275,69 kg,Instituto Hondureño del Café,"March 8th, 2017",Caturra,Washed / Wet,7.33,7.5,7.17,7.17,7.58,7.17,7.25,81.17,0.09,0,Green,7,1200.0,Media (Arabica),Select Harvest EXP,81.17,81.72340518417656,Estándar,Estándar,Sí
Arabica,immaculata john,"Tanzania, United Republic Of",Other,100,60 kg,Africa Fine Coffee Association,"November 16th, 2015",Bourbon,Washed / Wet,7.67,7.17,7.17,7.33,7.5,7.17,7.17,81.17,0.12,0,Green,2,1050.0,Media (Arabica),Private Reserve IMM,81.17,81.98849353078982,Estándar,Estándar,Sí
Arabica,andreas kussmaul,Mexico,Other,275,1 kg,Asociación Mexicana De Cafés y Cafeterías De Especialidad A.C.,"June 25th, 2015",Caturra,Washed / Wet,7.75,7.58,7.08,7.25,7.08,7.25,7.17,81.17,0.12,0,Green,10,1200.0,Media (Arabica),Private Reserve AND,81.17,81.37841911633309,Estándar,Estándar,Sí
Arabica,"cafetalera internacional cafinter, s.a.",Costa Rica,Other,275,18975 kg,Specialty Coffee Association of Costa Rica,"May 22nd, 2015",Caturra,Washed / Wet,7.5,7.5,7.33,7.17,7.08,7.17,7.42,81.17,0.11,0,Blue-Green,0,1300.0,Media (Arabica),Select Harvest CAF,81.17,83.18819333994584,Estándar,Premium,No
Arabica,Desconocido,Honduras,Other,275,1 kg,Instituto Hondureño del Café,"March 11th, 2015",Catuai,Natural / Dry,7.42,7.33,7.0,7.42,7.33,7.33,7.33,81.17,0.13,0,Green,1,1450.0,Media (Arabica),Private Reserve DES,81.17,81.61975124310435,Estándar,Estándar,Sí
Arabica,松澤宏樹 koju matsuzawa,Thailand,Other,20,20 kg,Specialty Coffee Institute of Asia,"February 15th, 2015",Caturra,Washed / Wet,6.83,7.42,7.42,7.17,7.5,7.42,7.42,81.17,0.12,0,Blue-Green,0,1450.0,Media (Arabica),Mill 松澤宏,81.17,82.59959367899971,Estándar,Premium,No
Arabica,victoria,Other,Other,2,2 kg,Specialty Coffee Association,"January 8th, 2015",Typica,Natural / Dry,7.25,7.25,7.25,7.08,7.58,7.5,7.25,81.17,0.0,0,Blue-Green,4,1200.0,Media (Arabica),Select Harvest VIC,81.17,82.30733170828265,Estándar,Estándar,Sí
Arabica,taylor winch (t) ltd,"Tanzania, United Republic Of",Other,320,60 kg,Africa Fine Coffee Association,"December 17th, 2014",Bourbon,Washed / Wet,7.58,7.17,7.17,7.33,7.33,7.25,7.33,81.17,0.12,0,Blue-Green,2,1550.0,Alta (Arabica),Heritage TAY,81.17,82.44006336952259,Estándar,Estándar,Sí
Arabica,afca,Malawi,Other,300,60 kg,Africa Fine Coffee Association,"November 4th, 2014",Caturra,Washed / Wet,7.58,7.25,7.33,7.08,7.33,7.33,7.25,81.17,0.12,0,Green,12,995.0,Baja (Arabica),Private Reserve AFC,81.17,81.0697267977978,Estándar,Estándar,Sí
Arabica,eric thormaehlen,Costa Rica,Other,250,1 kg,Specialty Coffee Association of Costa Rica,"May 9th, 2014",Catuai,Washed / Wet,7.33,7.08,7.33,7.25,7.33,7.58,7.25,81.17,0.11,0,Green,3,1300.0,Media (Arabica),Heritage ERI,81.17,82.83186135543693,Estándar,Premium,No
Arabica,bourbon specialty coffees,Brazil,Other,300,1 kg,NUCOFFEE,"February 4th, 2014",Catuai,Natural / Dry,7.42,7.42,7.17,7.42,7.33,7.25,7.17,81.17,0.11,0,Green,3,1000.0,Media (Arabica),Origins BOU,81.17,81.8707314834285,Estándar,Estándar,Sí
Arabica,julio perez hernandez,Mexico,Other,250,1 kg,AMECAFE,"August 30th, 2012",Typica,Natural / Dry,7.42,7.25,7.08,7.75,7.42,7.17,7.08,81.17,0.13,3,Green,7,1800.0,Premium (Arabica),Heritage JUL,81.17,82.32597971367225,Estándar,Estándar,Sí
Arabica,the coffee source inc.,Guatemala,oriente,250,1 kg,Specialty Coffee Association,"August 20th, 2012",Caturra,Washed / Wet,7.42,7.25,7.33,7.25,7.25,7.42,7.25,81.17,0.12,0,Green,4,1450.0,Media (Arabica),Origins THE,81.17,82.02586232575752,Estándar,Estándar,Sí
Arabica,nucoffee,Brazil,south of minas,17,60 kg,NUCOFFEE,"January 23rd, 2012",Mundo Novo,Natural / Dry,7.42,7.33,7.25,7.42,7.5,7.17,7.08,81.17,0.12,0,Green,1,1000.0,Media (Arabica),Heritage NUC,81.17,82.35818150614288,Estándar,Estándar,Sí
Arabica,kona pacific farmers cooperative,United States (Hawaii),kona,4,100 lbs,Specialty Coffee Association,"September 22nd, 2011",Hawaiian Kona,Natural / Dry,7.25,7.75,7.67,7.67,7.42,7.67,7.75,81.17,0.04,3,Blue-Green,0,157.93516800000003,Baja (Arabica),Private Reserve KON,81.17,82.40182135763551,Estándar,Estándar,Sí
Arabica,kerchanshe,Ethiopia,sidamo,300,60 kg,Specialty Coffee Institute of Asia,"July 14th, 2017",Other,Natural / Dry,7.42,7.33,7.17,7.33,7.42,7.17,7.25,81.08,0.11,0,Green,1,1800.0,Premium (Arabica),Mill KER,81.08,85.17739360921587,Estándar,Premium,No
Arabica,gregorio sebba,Brazil,Other,500,60 kg,Specialty Coffee Association,"June 21st, 2017",Mundo Novo,Natural / Dry,7.58,7.42,7.5,7.25,7.75,7.58,7.33,81.08,0.11,5,Green,8,695.0,Baja (Arabica),Select Harvest GRE,81.08,81.61011908921645,Estándar,Estándar,Sí
Arabica,rolando lacayo,Nicaragua,jinotega,275,69 kg,Asociación de Cafés Especiales de Nicaragua,"March 28th, 2015",Other,Washed / Wet,7.33,7.33,7.33,7.42,7.33,7.33,7.0,81.08,0.11,0,Green,1,1100.0,Media (Arabica),Heritage ROL,81.08,81.43568955583487,Estándar,Estándar,Sí
Arabica,wali ali,Other,Other,1,5 lbs,Specialty Coffee Association,"March 4th, 2015",Other,Natural / Dry,7.42,7.17,7.33,7.42,7.25,7.33,7.17,81.08,0.0,0,Other,0,520.2570240000001,Baja (Arabica),Mill WAL,81.08,82.41624018693578,Estándar,Estándar,Sí
Arabica,taylor winch (t) ltd,"Tanzania, United Republic Of",Other,54,60 kg,Africa Fine Coffee Association,"January 2nd, 2015",Other,Washed / Wet,7.42,7.33,7.33,7.25,7.25,7.33,7.17,81.08,0.13,0,Green,2,1456.0,Media (Arabica),Heritage TAY,81.08,81.99404774113043,Estándar,Estándar,Sí
Arabica,the coffee source inc.,Costa Rica,Other,250,1 kg,Specialty Coffee Association of Costa Rica,"December 18th, 2014",Caturra,Washed / Wet,7.42,7.25,7.17,7.25,7.25,7.58,7.17,81.08,0.13,0,Green,0,1500.0,Alta (Arabica),Origins THE,81.08,82.6684488425839,Estándar,Premium,No
Arabica,german negron,Other,Other,18,5 lbs,Specialty Coffee Association,"May 28th, 2014",Other,Washed / Wet,7.67,7.75,7.67,7.58,7.58,7.67,8.5,81.08,0.0,0,Green,0,260.12851200000006,Baja (Arabica),Origins GER,81.08,81.52173229194379,Estándar,Estándar,Sí
Arabica,obed rendon ponce,Mexico,Other,100,1 kg,AMECAFE,"September 14th, 2012",Typica,Washed / Wet,7.25,7.42,7.33,7.33,7.17,7.33,7.25,81.08,0.13,5,Green,16,1650.0,Alta (Arabica),Select Harvest OBE,81.08,81.13342720633824,Estándar,Estándar,Sí
Arabica,diego manuel woolrich ramirez,Mexico,Other,30,1 kg,AMECAFE,"September 4th, 2012",Typica,Washed / Wet,7.33,7.25,7.33,7.42,7.25,7.42,7.08,81.08,0.12,0,Green,2,1300.0,Media (Arabica),Select Harvest DIE,81.08,81.9431049884153,Estándar,Estándar,Sí
Arabica,gerardo hernandez valderrabano,Mexico,Other,40,1 kg,AMECAFE,"August 30th, 2012",Typica,Washed / Wet,7.33,7.33,7.25,7.42,7.25,7.25,7.25,81.08,0.11,0,Green,5,1642.0,Alta (Arabica),Heritage GER,81.08,82.19001146651202,Estándar,Estándar,Sí
Arabica,balbino ramirez flores,Mexico,Other,15,1 kg,AMECAFE,"July 3rd, 2012",Typica,Washed / Wet,7.42,7.33,7.25,7.42,7.17,7.25,7.25,81.08,0.1,0,Green,1,1200.0,Media (Arabica),Mill BAL,81.08,82.06986524335454,Estándar,Estándar,Sí
Arabica,kona pacific farmers cooperative,United States (Hawaii),Other,2,100 lbs,Specialty Coffee Association,"February 13th, 2012",Hawaiian Kona,Washed / Wet,7.42,7.42,7.25,7.58,6.92,7.17,7.33,81.08,0.06,0,Blue-Green,0,157.93516800000003,Baja (Arabica),Private Reserve KON,81.08,82.77267555454024,Estándar,Premium,No
Arabica,bourbon specialty coffees,Brazil,Other,300,59 kg,Brazil Specialty Coffee Association,"January 16th, 2018",Bourbon,Pulped Natural / Honey,7.25,7.25,7.17,7.5,7.33,7.17,7.33,81.0,0.11,0,Green,9,1000.0,Media (Arabica),Origins BOU,81.0,81.51804674321848,Estándar,Estándar,Sí
Arabica,consejo salvadoreño del café,El Salvador,Other,100,69 kg,Salvadoran Coffee Council,"August 28th, 2017",Bourbon,Washed / Wet,7.42,7.08,7.08,7.33,7.25,7.58,7.25,81.0,0.0,0,Green,6,1450.0,Media (Arabica),Heritage CON,81.0,82.89674699421336,Estándar,Premium,No
Arabica,bourbon specialty coffees,Brazil,Other,300,59 kg,Brazil Specialty Coffee Association,"September 9th, 2016",Yellow Bourbon,Pulped Natural / Honey,7.33,7.17,7.17,7.67,7.33,7.17,7.17,81.0,0.11,0,Blue-Green,3,1000.0,Media (Arabica),Origins BOU,81.0,82.5897063538719,Estándar,Premium,No
Arabica,juan luis alvarado romero,Guatemala,Other,120,69 kg,Asociacion Nacional Del Café,"August 2nd, 2016",Bourbon,Washed / Wet,7.42,7.25,7.17,7.5,7.25,7.17,7.25,81.0,0.09,0,Green,8,3280.0,Premium (Arabica),Mill JUA,81.0,81.96092498618688,Estándar,Estándar,Sí
Arabica,racafe & cia s.c.a,Colombia,Other,43,70 kg,Almacafé,"July 22nd, 2016",Caturra,Washed / Wet,7.67,7.5,7.42,5.25,7.67,7.75,7.75,81.0,0.0,0,Green,4,1600.0,Alta (Arabica),Heritage RAC,81.0,83.48936795678561,Estándar,Premium,No
Arabica,juan luis alvarado romero,Guatemala,oriente,250,69 kg,Asociacion Nacional Del Café,"July 23rd, 2015",Bourbon,Washed / Wet,7.5,7.25,7.0,7.25,7.5,7.25,7.25,81.0,0.11,0,Green,1,371.61216,Baja (Arabica),Mill JUA,81.0,82.39355047236427,Estándar,Estándar,Sí
Arabica,"lin, che-hao krude 林哲豪",Taiwan,"dongshan dist., tainan city 臺南市東山區",10,5 kg,Specialty Coffee Association,"May 6th, 2015",Typica,Washed / Wet,7.25,7.17,7.17,7.25,7.5,7.33,7.33,81.0,0.12,0,Blue-Green,0,758.0,Baja (Arabica),Heritage LIN,81.0,81.8225191083129,Estándar,Estándar,Sí
Arabica,mayra yessenia torres,Honduras,san marcos,275,18975 kg,Instituto Hondureño del Café,"January 26th, 2015",Caturra,Natural / Dry,7.42,7.25,7.25,7.33,7.25,7.17,7.33,81.0,0.12,0,Green,1,1350.0,Media (Arabica),Private Reserve MAY,81.0,81.91700650333848,Estándar,Estándar,Sí
Arabica,bourbon specialty coffees,Brazil,cerrado,300,60 kg,Brazil Specialty Coffee Association,"January 15th, 2015",Mundo Novo,Natural / Dry,7.67,7.75,7.83,7.75,7.83,7.75,7.75,81.0,0.12,0,Green,0,1000.0,Media (Arabica),Origins BOU,81.0,81.86335762542359,Estándar,Estándar,Sí
Arabica,mlimani ngarashi,"Tanzania, United Republic Of",Other,1,60 kg,Africa Fine Coffee Association,"December 15th, 2014",Other,Washed / Wet,7.33,7.33,7.08,7.42,7.17,7.33,7.33,81.0,0.12,0,Green,5,1525.0,Alta (Arabica),Heritage MLI,81.0,82.14414846416769,Estándar,Estándar,Sí
Arabica,kyagalanyi ltd,Uganda,Other,320,60 kg,Uganda Coffee Development Authority,"June 30th, 2014",SL14,Natural / Dry,7.33,6.92,7.17,7.33,7.42,7.42,7.42,81.0,0.12,0,Green,3,1700.0,Alta (Arabica),Select Harvest KYA,81.0,84.27243974047755,Estándar,Premium,No
Arabica,cqi taiwan icp cqi台灣合作夥伴,Taiwan,Other,10,30 kg,Blossom Valley International,"December 26th, 2013",Typica,Semi-Washed / Semi-Pulped,7.5,6.92,7.33,7.33,7.33,7.33,7.25,81.0,0.11,0,Green,0,1100.0,Media (Arabica),Select Harvest CQI,81.0,82.73302050732781,Estándar,Premium,No
Arabica,doi tung development project,Thailand,thailand,2,1 kg,Specialty Coffee Association,"May 29th, 2013",Caturra,Washed / Wet,7.33,7.42,7.25,7.42,7.25,7.17,7.17,81.0,0.0,0,Green,3,800.0,Baja (Arabica),Origins DOI,81.0,82.28157203050915,Estándar,Estándar,Sí
Arabica,alejandro garcia palacios,Mexico,Other,10,1 kg,AMECAFE,"September 11th, 2012",Other,Washed / Wet,7.08,7.33,7.33,7.33,7.42,7.25,7.25,81.0,0.12,0,Green,12,950.0,Baja (Arabica),Private Reserve ALE,81.0,81.0623883785517,Estándar,Estándar,Sí
Arabica,organizaciones de productores de cafe colimense,Mexico,Other,200,1 kg,AMECAFE,"July 3rd, 2012",Typica,Washed / Wet,7.58,7.67,7.5,7.67,7.58,7.5,7.5,81.0,0.0,0,Green,8,1100.0,Media (Arabica),Origins ORG,81.0,81.18998485882462,Estándar,Estándar,Sí
Arabica,cqi taiwan icp cqi台灣合作夥伴,Taiwan,Other,150,1 kg,Blossom Valley International,"December 8th, 2017",Other,Washed / Wet,7.33,7.17,7.25,7.33,7.33,7.25,7.25,80.92,0.0,0,Blue-Green,0,200.0,Baja (Arabica),Select Harvest CQI,80.92,81.64128524485426,Estándar,Estándar,Sí
Arabica,juan luis alvarado romero,Guatemala,oriente,25,69 kg,Asociacion Nacional Del Café,"August 23rd, 2017",Bourbon,Washed / Wet,7.67,7.67,7.33,7.58,7.67,7.5,7.5,80.92,0.1,0,Green,2,1901.0,Premium (Arabica),Mill JUA,80.92,82.6302579766401,Estándar,Premium,No
Arabica,lydiah mwangi,Kenya,Other,150,60 kg,Kenya Coffee Traders Association,"July 7th, 2017",SL28,Washed / Wet,7.17,7.58,7.5,7.5,8.0,7.75,5.42,80.92,0.11,0,Green,3,1600.0,Alta (Arabica),Select Harvest LYD,80.92,83.74622677267436,Estándar,Premium,No
Arabica,grupo santab s.a de c.v.,Mexico,veracruz,240,69 kg,Centro Agroecológico del Café A.C.,"May 12th, 2017",Bourbon,Washed / Wet,7.5,7.33,7.17,7.42,7.5,7.33,7.33,80.92,0.11,0,Green,11,1100.0,Media (Arabica),Mill GRU,80.92,80.92039687959942,Estándar,Estándar,Sí
Arabica,min hlaing,Other,Other,2,2 kg,Coffee Quality Institute,"July 17th, 2015",Other,Other,7.17,7.42,7.0,7.58,7.33,7.0,7.42,80.92,0.0,0,Green,5,325.16064,Baja (Arabica),Mill MIN,80.92,81.1307987505548,Estándar,Estándar,Sí
Arabica,eileen koyanagi,United States (Hawaii),kona,7,100 lbs,Specialty Coffee Association,"January 13th, 2015",Hawaiian Kona,Natural / Dry,7.42,7.08,7.17,7.17,7.58,7.25,7.25,80.92,0.1,2,Blue-Green,5,157.93516800000003,Baja (Arabica),Select Harvest EIL,80.92,81.96962022528807,Estándar,Estándar,Sí
Arabica,karatu estate,"Tanzania, United Republic Of",Other,250,60 kg,Africa Fine Coffee Association,"December 18th, 2014",Other,Washed / Wet,7.33,7.17,7.17,7.25,7.42,7.33,7.25,80.92,0.12,0,Green,0,1700.0,Alta (Arabica),Mill KAR,80.92,82.55844451590801,Estándar,Premium,No
Arabica,jacques pereira carneiro,Brazil,Other,300,60 kg,Brazil Specialty Coffee Association,"December 16th, 2014",Yellow Bourbon,Natural / Dry,7.25,7.33,7.25,7.25,7.25,7.33,7.25,80.92,0.12,0,Green,8,1200.0,Media (Arabica),Select Harvest JAC,80.92,82.1326285521713,Estándar,Estándar,Sí
Arabica,cqi taiwan icp cqi台灣合作夥伴,Taiwan,Other,10,60 kg,Blossom Valley International,"November 23rd, 2014",Typica,Washed / Wet,7.92,7.67,7.33,7.08,7.08,7.08,6.75,80.92,0.09,0,Green,0,550.0,Baja (Arabica),Select Harvest CQI,80.92,81.758949747414,Estándar,Estándar,Sí
Arabica,ipanema coffees,Brazil,south of minas,320,2 kg,Specialty Coffee Association,"October 16th, 2014",Bourbon,Natural / Dry,7.17,7.42,7.17,7.25,7.25,7.33,7.33,80.92,0.1,0,Green,0,1100.0,Media (Arabica),Private Reserve IPA,80.92,82.8164319717364,Estándar,Premium,No
Arabica,chris finch,Nicaragua,Other,275,1 lbs,Specialty Coffee Association,"July 16th, 2014",Caturra,Washed / Wet,7.33,7.08,7.25,7.0,7.5,7.42,7.33,80.92,0.1,1,Green,3,1050.0,Media (Arabica),Private Reserve CHR,80.92,81.76517466625967,Estándar,Estándar,Sí
Arabica,juan luis alvarado romero,Guatemala,Other,250,69 kg,Asociacion Nacional Del Café,"June 10th, 2014",Pacas,Washed / Wet,7.58,7.42,6.92,7.5,7.25,7.17,7.08,80.92,0.12,2,Green,5,464.5152000000001,Baja (Arabica),Mill JUA,80.92,81.72858674455433,Estándar,Estándar,Sí
Arabica,cqi taiwan icp cqi台灣合作夥伴,Taiwan,Other,35,30 kg,Blossom Valley International,"December 26th, 2013",Typica,Washed / Wet,7.42,7.25,7.25,7.25,7.25,7.25,7.25,80.92,0.11,0,Green,0,900.0,Baja (Arabica),Select Harvest CQI,80.92,81.93850635498418,Estándar,Estándar,Sí
Arabica,cqi taiwan icp cqi台灣合作夥伴,Taiwan,Other,5,30 kg,Blossom Valley International,"December 26th, 2013",Typica,Other,7.25,7.17,7.08,7.08,7.08,8.08,7.17,80.92,0.11,0,Green,0,688.0,Baja (Arabica),Select Harvest CQI,80.92,81.4753129287798,Estándar,Estándar,Sí
Arabica,cqi taiwan icp cqi台灣合作夥伴,Taiwan,Other,10,20 kg,Blossom Valley International,"December 26th, 2013",Typica,Washed / Wet,7.42,7.25,7.25,7.25,7.25,7.25,7.25,80.92,0.11,0,Green,0,300.0,Baja (Arabica),Select Harvest CQI,80.92,81.45357499272554,Estándar,Estándar,Sí
Arabica,eduardo luis augusto velazquez solis,Mexico,Other,60,1 kg,AMECAFE,"July 11th, 2012",Typica,Washed / Wet,7.58,7.33,7.08,7.5,7.17,7.25,7.0,80.92,0.13,0,Green,12,1186.0,Media (Arabica),Private Reserve EDU,80.92,80.99884482978689,Estándar,Estándar,Sí
Arabica,doi tung development project,Thailand,Other,3,1 lbs,Specialty Coffee Association,"April 13th, 2010",Other,Washed / Wet,7.67,7.58,7.33,7.33,7.17,7.0,6.83,80.92,0.0,0,Blue-Green,0,800.0,Baja (Arabica),Origins DOI,80.92,82.64103236550997,Estándar,Premium,No
Arabica,cqi taiwan icp cqi台灣合作夥伴,Other,Other,20,50 kg,Blossom Valley International,"June 22nd, 2017",Catimor,Washed / Wet,7.42,7.33,7.17,7.17,7.17,7.25,7.33,80.83,0.0,0,Green,0,1300.0,Media (Arabica),Select Harvest CQI,80.83,82.37981217898147,Estándar,Estándar,Sí
Arabica,the coffee source inc.,Guatemala,Other,250,1 kg,Specialty Coffee Association of Costa Rica,"May 26th, 2014",Caturra,Washed / Wet,7.67,7.25,7.08,7.33,7.17,7.25,7.08,80.83,0.11,0,Green,1,1200.0,Media (Arabica),Origins THE,80.83,82.95114938379501,Estándar,Premium,No
Arabica,luis roberto fermoso beltran,Mexico,Other,15,1 kg,AMECAFE,"August 30th, 2012",Catuai,Semi-Washed / Semi-Pulped,7.17,7.08,7.25,7.42,7.25,7.33,7.33,80.83,0.13,0,Green,7,1210.0,Media (Arabica),Select Harvest LUI,80.83,82.21234449103997,Estándar,Estándar,Sí
Arabica,jose manuel vergara cortes,Mexico,Other,30,1 kg,AMECAFE,"August 29th, 2012",Typica,Washed / Wet,7.33,7.25,7.33,7.33,7.25,7.17,7.17,80.83,0.11,0,Green,3,1100.0,Media (Arabica),Private Reserve JOS,80.83,81.8955338127407,Estándar,Estándar,Sí
Arabica,christina dusing,Mexico,veracruz,100,1 kg,AMECAFE,"July 3rd, 2012",Bourbon,Washed / Wet,7.5,7.17,7.33,7.25,7.17,7.17,7.25,80.83,0.13,0,Green,1,100.0,Baja (Arabica),Origins CHR,80.83,82.19957264671469,Estándar,Estándar,Sí
Arabica,kona pacific farmers cooperative,United States (Hawaii),kona,7,100 lbs,Specialty Coffee Association,"February 23rd, 2012",Hawaiian Kona,Washed / Wet,7.42,7.33,7.0,7.25,7.33,7.5,7.0,80.83,0.1,2,Blue-Green,0,157.93516800000003,Baja (Arabica),Private Reserve KON,80.83,81.9332963393739,Estándar,Estándar,Sí
Arabica,exportadora de cafe condor s.a,Colombia,huila,250,70 kg,Almacafé,"January 25th, 2011",Caturra,Washed / Wet,7.33,7.33,7.0,6.83,7.33,7.67,7.33,80.83,0.01,0,Green,1,1800.0,Premium (Arabica),Heritage EXP,80.83,83.7016217835729,Estándar,Premium,No
Arabica,bourbon specialty coffees,Brazil,Other,320,60 kg,Brazil Specialty Coffee Association,"October 8th, 2015",Bourbon,Natural / Dry,7.17,7.25,7.08,7.17,7.25,7.58,7.25,80.75,0.0,0,Green,1,1000.0,Media (Arabica),Origins BOU,80.75,82.80031393019,Estándar,Premium,No
Arabica,u soe,Other,Other,1,2 kg,Coffee Quality Institute,"July 17th, 2015",Catuai,Washed / Wet,6.92,7.5,7.0,7.58,7.5,7.08,7.17,80.75,0.0,0,Green,2,3825.0,Premium (Arabica),Select Harvest U S,80.75,80.84972931389662,Estándar,Estándar,Sí
Arabica,juan luis alvarado romero,Guatemala,huehuetenango,275,69 kg,Asociacion Nacional Del Café,"June 18th, 2015",Caturra,Washed / Wet,7.5,7.33,7.0,7.42,7.17,7.17,7.17,80.75,0.12,0,Green,1,520.2570240000001,Baja (Arabica),Mill JUA,80.75,83.21890320400816,Estándar,Premium,No
Arabica,bismarck castro,Honduras,Other,275,1 kg,Instituto Hondureño del Café,"May 25th, 2015",Caturra,Natural / Dry,7.5,7.33,7.0,7.42,7.25,7.17,7.08,80.75,0.11,0,Green,2,1450.0,Media (Arabica),Heritage BIS,80.75,82.18809823117942,Estándar,Estándar,Sí
Arabica,essencecoffee,Other,Other,100,60 kg,Blossom Valley International,"May 23rd, 2015",Caturra,Other,7.25,7.33,7.17,7.33,7.33,7.17,7.17,80.75,0.11,1,Green,4,1680.0,Alta (Arabica),Private Reserve ESS,80.75,81.78011759478272,Estándar,Estándar,Sí
Arabica,cadexsa,Honduras,marcala,275,1 kg,Instituto Hondureño del Café,"May 22nd, 2015",Catuai,Washed / Wet,7.42,7.17,7.08,7.42,7.25,7.25,7.17,80.75,0.09,0,Green,2,1350.0,Media (Arabica),Select Harvest CAD,80.75,81.87215758672126,Estándar,Estándar,Sí
Arabica,Desconocido,Honduras,Other,275,1 kg,Instituto Hondureño del Café,"March 11th, 2015",Catuai,Natural / Dry,7.25,7.33,7.08,7.5,7.25,7.33,7.0,80.75,0.13,0,Green,1,1450.0,Media (Arabica),Private Reserve DES,80.75,81.61975124310435,Estándar,Estándar,Sí
Arabica,the coffee source inc.,Costa Rica,Other,250,3 lbs,Specialty Coffee Association,"April 11th, 2014",Caturra,Washed / Wet,7.33,7.33,7.25,7.25,7.17,7.17,7.25,80.75,0.11,0,Green,0,1300.0,Media (Arabica),Origins THE,80.75,82.86842177479834,Estándar,Premium,No
Arabica,diego manuel woolrich ramirez,Mexico,Other,30,1 kg,AMECAFE,"September 4th, 2012",Typica,Washed / Wet,7.58,7.33,7.42,7.25,7.5,7.5,7.5,80.75,0.11,0,Green,2,1200.0,Media (Arabica),Select Harvest DIE,80.75,81.97623717393968,Estándar,Estándar,Sí
Arabica,myriam kaplan-pasternak,Other,Other,1,2 kg,Specialty Coffee Association,"May 22nd, 2012",Typica,Washed / Wet,7.42,7.0,7.42,7.25,7.08,7.33,7.25,80.75,0.12,0,Green,0,1000.0,Media (Arabica),Heritage MYR,80.75,81.20346079806309,Estándar,Estándar,Sí
Arabica,kona pacific farmers cooperative,United States (Hawaii),kona,3,2 lbs,Specialty Coffee Association,"December 21st, 2011",Other,Natural / Dry,7.08,7.33,7.17,7.25,7.33,7.67,6.92,80.75,0.13,0,Blue-Green,6,157.93516800000003,Baja (Arabica),Private Reserve KON,80.75,81.39151220180541,Estándar,Estándar,Sí
Arabica,cqi taiwan icp cqi台灣合作夥伴,Taiwan,Other,160,1 kg,Blossom Valley International,"August 12th, 2016",Typica,Other,7.33,7.08,7.08,7.08,7.42,7.33,7.33,80.67,0.0,0,Green,1,750.0,Baja (Arabica),Select Harvest CQI,80.67,81.24914881448309,Estándar,Estándar,Sí
Arabica,aulia arif syahri,Indonesia,Other,200,30 kg,Specialty Coffee Association,"November 10th, 2015",Other,Semi-Washed / Semi-Pulped,7.58,7.42,7.0,7.67,7.5,7.5,7.33,80.67,0.13,0,Blue-Green,1,1350.0,Media (Arabica),Origins AUL,80.67,82.76578364323908,Estándar,Premium,No
Arabica,juan luis alvarado romero,Guatemala,antigua,150,60 kg,Asociacion Nacional Del Café,"October 23rd, 2015",Bourbon,Washed / Wet,7.67,7.42,6.83,7.17,7.42,7.17,7.0,80.67,0.11,0,Green,0,1500.0,Alta (Arabica),Mill JUA,80.67,83.00826335857145,Estándar,Premium,No
Arabica,"ceca, s.a.",Costa Rica,tarrazu,240,1 kg,Specialty Coffee Association of Costa Rica,"February 27th, 2015",Caturra,Washed / Wet,7.83,7.5,7.67,7.67,7.83,7.5,8.0,80.67,0.11,0,Blue-Green,4,185.0,Baja (Arabica),Select Harvest CEC,80.67,82.52320006637298,Estándar,Premium,No
Arabica,afca,Malawi,Other,100,60 kg,Africa Fine Coffee Association,"November 4th, 2014",Caturra,Washed / Wet,7.5,7.25,7.17,7.17,7.25,7.17,7.17,80.67,0.12,0,Blue-Green,1,995.0,Baja (Arabica),Private Reserve AFC,80.67,82.14605153957272,Estándar,Estándar,Sí
Arabica,cafe de don balbino s.c. de r.l. de c.v.,Mexico,Other,20,1 kg,AMECAFE,"October 23rd, 2014",Typica,Washed / Wet,7.25,7.17,7.17,7.25,7.17,7.42,7.25,80.67,0.12,0,Green,4,1200.0,Media (Arabica),Heritage CAF,80.67,81.82138179061901,Estándar,Estándar,Sí
Arabica,compañia colombiana agroindustrial s.a,Colombia,santander,250,70 kg,Almacafé,"April 14th, 2014",Caturra,Natural / Dry,7.67,7.5,7.42,7.67,7.5,7.75,8.5,80.67,0.0,0,Green,1,1550.0,Alta (Arabica),Heritage COM,80.67,83.84964033699342,Estándar,Premium,No
Arabica,juan luis alvarado romero,Guatemala,Other,250,69 kg,Asociacion Nacional Del Café,"June 5th, 2013",Bourbon,Washed / Wet,7.67,7.17,7.0,7.5,7.0,7.0,7.33,80.67,0.12,0,Green,5,1550.0,Alta (Arabica),Mill JUA,80.67,82.50830722928553,Estándar,Premium,No
Arabica,juan luis alvarado romero,Guatemala,oriente,250,1 kg,Asociacion Nacional Del Café,"January 25th, 2012",Bourbon,Washed / Wet,7.0,7.33,7.5,7.33,7.0,7.33,7.17,80.67,0.11,0,Green,2,431.999136,Baja (Arabica),Mill JUA,80.67,82.2002257912009,Estándar,Estándar,Sí
Arabica,juan luis alvarado romero,Guatemala,oriente,250,1 kg,Asociacion Nacional Del Café,"January 25th, 2012",Bourbon,Washed / Wet,7.0,7.5,7.33,7.17,7.17,7.17,7.33,80.67,0.11,0,Green,3,431.999136,Baja (Arabica),Mill JUA,80.67,81.99420753668706,Estándar,Estándar,Sí
Arabica,racafe & cia s.c.a,Colombia,Other,149,70 kg,Almacafé,"March 15th, 2011",Caturra,Washed / Wet,7.17,7.25,7.08,7.42,7.08,7.42,7.25,80.67,0.18,0,Green,2,1750.0,Alta (Arabica),Heritage RAC,80.67,82.1078023768863,Estándar,Estándar,Sí
Arabica,bourbon specialty coffees,Brazil,Other,94,60 kg,Brazil Specialty Coffee Association,"March 11th, 2016",Bourbon,Natural / Dry,7.33,7.25,7.33,7.08,7.58,7.25,7.42,80.58,0.11,0,Green,7,1000.0,Media (Arabica),Origins BOU,80.58,82.07289784406551,Estándar,Estándar,Sí
Arabica,"exportadora atlantic, s.a.",Nicaragua,Other,275,69 kg,Instituto Hondureño del Café,"February 26th, 2016",Caturra,Washed / Wet,7.08,7.5,7.0,7.25,7.42,7.0,7.33,80.58,0.11,0,Green,0,1100.0,Media (Arabica),Select Harvest EXP,80.58,81.89899983835933,Estándar,Estándar,Sí
Arabica,burka coffee estate,"Tanzania, United Republic Of",Other,10,60 kg,Africa Fine Coffee Association,"January 6th, 2015",Other,Washed / Wet,7.25,7.08,7.08,7.33,7.33,7.25,7.25,80.58,0.12,0,Blue-Green,1,1400.0,Media (Arabica),Private Reserve BUR,80.58,82.21181109512536,Estándar,Estándar,Sí
Arabica,ipanema coffees,Brazil,south of minas,300,2 kg,Specialty Coffee Association,"October 17th, 2014",Bourbon,Semi-Washed / Semi-Pulped,7.42,7.25,7.33,7.0,7.08,7.25,7.25,80.58,0.0,0,Green,3,1200.0,Media (Arabica),Private Reserve IPA,80.58,82.58268280660323,Estándar,Premium,No
Arabica,beneficio santa rosa,Honduras,Other,275,69 kg,Instituto Hondureño del Café,"April 30th, 2014",Caturra,Washed / Wet,7.5,7.17,7.0,7.42,7.33,7.0,7.17,80.58,0.11,0,Green,5,1400.0,Media (Arabica),Private Reserve BEN,80.58,81.67404564169188,Estándar,Estándar,Sí
Arabica,juan luis alvarado romero,Guatemala,huehuetenango,275,69 kg,Asociacion Nacional Del Café,"January 28th, 2014",Bourbon,Natural / Dry,7.17,7.42,6.83,7.5,7.17,7.25,7.25,80.58,0.11,0,Green,5,421.7798016,Baja (Arabica),Mill JUA,80.58,82.91858993208096,Estándar,Premium,No
Arabica,kona pacific farmers cooperative,United States (Hawaii),Other,10,100 lbs,Specialty Coffee Association,"May 4th, 2011",Hawaiian Kona,Natural / Dry,7.42,7.58,7.5,7.92,7.83,7.83,7.83,80.58,0.0,0,Blue-Green,0,157.93516800000003,Baja (Arabica),Private Reserve KON,80.58,83.1156314140918,Estándar,Premium,No
Arabica,racafe & cia s.c.a,Colombia,Other,149,70 kg,Almacafé,"March 15th, 2011",Caturra,Washed / Wet,7.08,7.25,7.0,7.5,7.08,7.33,7.33,80.58,0.0,0,Green,2,1750.0,Alta (Arabica),Heritage RAC,80.58,83.62998959228528,Estándar,Premium,No
Arabica,cqi taiwan icp cqi台灣合作夥伴,Taiwan,Other,20,5 kg,Blossom Valley International,"December 8th, 2017",Other,Natural / Dry,7.17,7.17,7.17,7.42,7.17,7.25,7.17,80.5,0.0,0,Blue-Green,0,50.0,Baja (Arabica),Select Harvest CQI,80.5,81.74122042221855,Estándar,Estándar,Sí
Arabica,juan luis alvarado romero,Guatemala,santa rosa,275,69 kg,Asociacion Nacional Del Café,"September 8th, 2017",Caturra,Washed / Wet,7.33,7.25,7.08,7.17,7.25,7.17,7.25,80.5,0.1,0,Green,4,1500.0,Alta (Arabica),Mill JUA,80.5,82.76070269417957,Estándar,Premium,No
Arabica,janny marlith torres,Honduras,Other,15,69 kg,Instituto Hondureño del Café,"August 23rd, 2017",Catuai,Washed / Wet,7.58,7.33,7.0,7.17,7.33,7.08,7.0,80.5,0.11,0,Green,5,1650.0,Alta (Arabica),Heritage JAN,80.5,81.83636623766408,Estándar,Estándar,Sí
Arabica,case noyale ltd,Other,Other,1,2 kg,Kenya Coffee Traders Association,"February 11th, 2016",Other,Other,7.25,7.25,7.17,7.17,7.25,7.17,7.25,80.5,0.12,0,Green,0,280.0,Baja (Arabica),Select Harvest CAS,80.5,80.59999735562191,Estándar,Estándar,Sí
Arabica,bourbon specialty coffees,Brazil,Other,300,60 kg,Brazil Specialty Coffee Association,"November 17th, 2015",Yellow Bourbon,Semi-Washed / Semi-Pulped,7.25,7.33,7.17,7.5,7.33,7.25,7.33,80.5,0.11,0,Green,3,1250.0,Media (Arabica),Origins BOU,80.5,82.79459103496688,Estándar,Premium,No
Arabica,shwe yin mar coffee,Other,Other,1,2 kg,Coffee Quality Institute,"July 17th, 2015",Other,Washed / Wet,7.17,7.33,7.17,7.42,7.25,7.08,7.08,80.5,0.0,0,Green,2,3800.0,Premium (Arabica),Origins SHW,80.5,80.9754719704265,Estándar,Estándar,Sí
Arabica,juan luis alvarado romero,Guatemala,oriente,275,69 kg,Asociacion Nacional Del Café,"April 23rd, 2014",Other,Washed / Wet,7.5,7.17,6.83,7.5,7.17,7.17,7.17,80.5,0.11,0,Green,3,371.61216,Baja (Arabica),Mill JUA,80.5,81.10234034240578,Estándar,Estándar,Sí
Arabica,jacques pereira carneiro,Brazil,Other,300,60 kg,Specialty Coffee Association,"April 17th, 2014",Yellow Bourbon,Semi-Washed / Semi-Pulped,7.42,7.42,7.08,7.33,7.67,7.5,7.42,80.5,0.1,0,Green,10,1250.0,Media (Arabica),Select Harvest JAC,80.5,82.27774209742758,Estándar,Estándar,Sí
Arabica,eileen koyanagi,United States (Hawaii),kona,10,100 lbs,Specialty Coffee Association,"February 4th, 2014",Hawaiian Kona,Natural / Dry,7.42,7.33,7.33,7.58,7.58,7.42,7.17,80.5,0.11,1,Green,0,157.93516800000003,Baja (Arabica),Select Harvest EIL,80.5,81.91073957491147,Estándar,Estándar,Sí
Arabica,juan luis alvarado romero,Guatemala,huehuetenango,250,1 kg,Asociacion Nacional Del Café,"February 13th, 2013",Bourbon,Washed / Wet,7.5,7.5,7.0,7.67,7.17,7.0,6.67,80.5,0.12,1,Green,1,566.7085440000001,Baja (Arabica),Mill JUA,80.5,82.73092998455064,Estándar,Premium,No
Arabica,israel eduardo paz garcia,Mexico,zaragoza itundujia,18,1 kg,AMECAFE,"September 17th, 2012",Typica,Washed / Wet,7.25,7.25,7.08,7.33,7.25,7.17,7.17,80.5,0.15,0,Green,1,1450.0,Media (Arabica),Heritage ISR,80.5,80.2277295700727,Estándar,Estándar,Sí
Arabica,cadexsa,Honduras,marcala,275,69 kg,Instituto Hondureño del Café,"February 3rd, 2016",Caturra,Washed / Wet,7.25,7.42,7.0,7.42,7.33,7.0,7.0,80.42,0.1,0,Green,0,1450.0,Media (Arabica),Select Harvest CAD,80.42,82.05931846625063,Estándar,Estándar,Sí
Arabica,cqi taiwan icp cqi台灣合作夥伴,Taiwan,Other,10,60 kg,Blossom Valley International,"November 23rd, 2014",Typica,Washed / Wet,7.58,7.17,7.17,7.17,7.17,7.17,7.0,80.42,0.14,0,Green,0,600.0,Baja (Arabica),Select Harvest CQI,80.42,81.31471354556197,Estándar,Estándar,Sí
Arabica,lusso lab,El Salvador,Other,2,2 kg,Specialty Coffee Association,"April 26th, 2014",Bourbon,Washed / Wet,7.33,7.17,7.08,7.08,7.33,7.17,7.25,80.42,0.0,0,Green,1,1450.0,Media (Arabica),Mill LUS,80.42,83.1408536475944,Estándar,Premium,No
Arabica,adam ciruli ye,China,yunnan,1,2 kg,Specialty Coffee Association,"January 17th, 2014",Other,Washed / Wet,7.25,7.08,7.25,7.17,7.33,7.17,7.17,80.42,0.17,0,Green,14,1700.0,Alta (Arabica),Origins ADA,80.42,81.3243419232889,Estándar,Estándar,Sí
Arabica,cqi taiwan icp cqi台灣合作夥伴,Taiwan,Other,10,30 kg,"Blossom Valley International
","December 26th, 2013
",Typica,Washed / Wet,7.25,7.25,7.17,7.25,7.25,7.25,7.0,80.42,0.11,0,Green,0,600.0,Baja (Arabica),Select Harvest CQI,80.42,81.63285033425021,Estándar,Estándar,Sí
Arabica,alfredo bojalil,Mexico,Other,250,1 kg,AMECAFE,"September 4th, 2012",Typica,Washed / Wet,6.92,7.17,7.08,7.5,7.33,7.17,7.25,80.42,0.1,2,Green,4,1050.0,Media (Arabica),Origins ALF,80.42,81.83988658101744,Estándar,Estándar,Sí
Arabica,armando luis pohlenz martinez,Mexico,la concordia,250,1 kg,AMECAFE,"August 30th, 2012",Caturra,Washed / Wet,7.42,7.08,7.08,7.33,7.25,7.17,7.08,80.42,0.12,4,Green,16,1550.0,Alta (Arabica),Select Harvest ARM,80.42,80.52011253692697,Estándar,Estándar,Sí
Arabica,simon mahinda,Other,Other,300,60 kg,Kenya Coffee Traders Association,"January 22nd, 2016",Bourbon,Washed / Wet,7.08,7.25,7.17,7.33,7.08,7.08,7.33,80.33,0.12,0,Green,0,1700.0,Alta (Arabica),Private Reserve SIM,80.33,82.24952928832809,Estándar,Estándar,Sí
Arabica,delfina leon shine,"Tanzania, United Republic Of",Other,10,60 kg,Africa Fine Coffee Association,"November 16th, 2015",Bourbon,Washed / Wet,7.25,7.17,7.0,7.25,7.42,7.08,7.17,80.33,0.13,0,Green,5,1700.0,Alta (Arabica),Select Harvest DEL,80.33,82.06922741318178,Estándar,Estándar,Sí
Arabica,kongoni estate,"Tanzania, United Republic Of",Other,1,60 kg,Africa Fine Coffee Association,"December 18th, 2014",Other,Washed / Wet,7.25,7.17,7.25,7.25,7.25,7.08,7.08,80.33,0.12,0,Blue-Green,5,1600.0,Alta (Arabica),Private Reserve KON,80.33,82.30888549814387,Estándar,Estándar,Sí
Arabica,cqi taiwan icp cqi台灣合作夥伴,Taiwan,Other,10,30 kg,Blossom Valley International,"December 26th, 2013",Yellow Bourbon,Other,7.25,7.25,7.08,7.25,7.25,7.25,7.0,80.33,0.11,0,Green,0,600.0,Baja (Arabica),Select Harvest CQI,80.33,81.70305252292862,Estándar,Estándar,Sí
Arabica,juan luis alvarado romero,Guatemala,oriente,250,69 kg,Asociacion Nacional Del Café,"June 6th, 2013",Bourbon,Washed / Wet,7.33,7.33,6.83,7.5,7.0,7.17,7.17,80.33,0.11,1,Green,4,399.4830720000001,Baja (Arabica),Mill JUA,80.33,81.62018494075775,Estándar,Estándar,Sí
Arabica,miguel cortes moreno,Mexico,Other,10,1 kg,AMECAFE,"August 30th, 2012",Typica,Semi-Washed / Semi-Pulped,7.25,7.08,7.08,7.33,7.33,7.17,7.08,80.33,0.11,0,Green,21,940.0,Baja (Arabica),Mill MIG,80.33,80.38718357924782,Estándar,Estándar,Sí
Arabica,kona pacific farmers cooperative,United States (Hawaii),kona,10,100 lbs,Specialty Coffee Association,"February 8th, 2012",Hawaiian Kona,Washed / Wet,7.17,7.5,6.92,7.33,7.67,7.33,7.08,80.33,0.12,5,Green,7,157.93516800000003,Baja (Arabica),Private Reserve KON,80.33,80.42973357038527,Estándar,Estándar,Sí
Arabica,ethiopia commodity exchange,Ethiopia,Other,360,6,Ethiopia Commodity Exchange,"June 17th, 2010",Other,Natural / Dry,7.25,7.25,7.25,7.33,7.5,8.0,7.08,80.33,0.1,0,Green,1,1800.0,Premium (Arabica),Select Harvest ETH,80.33,86.13437573462149,Estándar,Premium,No
Arabica,volcafe ltda. - brasil,Brazil,Other,440,59 kg,Brazil Specialty Coffee Association,"November 3rd, 2017",Catuai,Natural / Dry,7.17,7.33,7.42,7.08,7.0,7.0,7.25,80.25,0.11,0,Green,1,995.0,Baja (Arabica),Select Harvest VOL,80.25,81.85368931789017,Estándar,Estándar,Sí
Arabica,bismarck castro,Honduras,comayagua,275,69 kg,Instituto Hondureño del Café,"April 6th, 2017",Caturra,Natural / Dry,7.25,7.25,7.0,7.0,7.42,7.0,7.33,80.25,0.1,0,Green,4,1400.0,Media (Arabica),Heritage BIS,80.25,82.66812242757555,Estándar,Premium,No
Arabica,cafe de don balbino s.c. de r.l. de c.v.,Mexico,Other,60,69 kg,Centro Agroecológico del Café A.C.,"April 26th, 2016",Caturra,Washed / Wet,7.25,7.17,7.0,7.33,7.33,7.0,7.17,80.25,0.1,0,Green,2,1600.0,Alta (Arabica),Heritage CAF,80.25,82.5814345907695,Estándar,Premium,No
Arabica,bob mccauley,Other,Other,2,2 kg,Specialty Coffee Association,"August 27th, 2015",Other,Natural / Dry,8.0,7.08,7.0,7.33,7.08,6.92,6.83,80.25,0.11,1,Green,26,278.70912,Baja (Arabica),Origins BOB,80.25,80.47568498647173,Estándar,Estándar,Sí
Arabica,gloria antonieta escobar urrutia,Nicaragua,Other,275,69 kg,Asociación de Cafés Especiales de Nicaragua,"February 20th, 2015",Caturra,Washed / Wet,7.08,6.92,7.0,7.25,7.5,7.25,7.25,80.25,0.11,0,Green,2,900.0,Baja (Arabica),Select Harvest GLO,80.25,81.71907103430735,Estándar,Estándar,Sí
Arabica,eileen koyanagi,United States (Hawaii),kona,2,100 lbs,Specialty Coffee Association,"March 3rd, 2014",Hawaiian Kona,Natural / Dry,7.5,7.08,7.67,7.67,7.42,7.58,7.33,80.25,0.12,4,Green,13,157.93516800000003,Baja (Arabica),Select Harvest EIL,80.25,79.98581665859886,Estándar,Estándar,Sí
Arabica,honor dela fuente,Colombia,Other,1,2 kg,Specialty Coffee Association,"January 8th, 2014",Typica,Washed / Wet,7.42,8.0,7.83,7.75,8.08,7.58,7.58,80.25,0.1,0,Green,0,1750.0,Alta (Arabica),Private Reserve HON,80.25,83.08989138150307,Estándar,Premium,No
Arabica,cqi taiwan icp cqi台灣合作夥伴,Taiwan,Other,5,30 kg,Blossom Valley International,"December 26th, 2013",Typica,Semi-Washed / Semi-Pulped,7.25,7.08,7.25,7.25,7.17,7.25,7.0,80.25,0.11,0,Green,0,700.0,Baja (Arabica),Select Harvest CQI,80.25,82.19623308461334,Estándar,Estándar,Sí
Arabica,the coffee source inc.,Guatemala,oriente,250,1 kg,Specialty Coffee Association,"January 9th, 2013",Caturra,Washed / Wet,7.0,7.17,7.33,7.33,7.0,7.17,7.25,80.25,0.11,1,Green,12,1400.0,Media (Arabica),Origins THE,80.25,80.65592671255938,Estándar,Estándar,Sí
Arabica,saul m. hernandez ramirez,Mexico,Other,10,1 kg,AMECAFE,"September 27th, 2012",Caturra,Washed / Wet,7.58,7.33,7.17,7.25,6.75,7.0,7.17,80.25,0.11,2,Green,8,808.0,Baja (Arabica),Origins SAU,80.25,81.72338991553774,Estándar,Estándar,Sí
Arabica,"sunvirtue co., ltd.",Other,Other,1,2 kg,Specialty Coffee Association,"May 9th, 2017",Catimor,Other,7.42,7.25,7.25,7.58,7.42,7.33,7.25,80.17,0.0,0,Green,2,1550.0,Alta (Arabica),Heritage SUN,80.17,82.330160893818,Estándar,Estándar,Sí
Arabica,"exportadora atlantic, s.a.",Nicaragua,jinotega,275,2 kg,Asociación de Cafés Especiales de Nicaragua,"April 24th, 2015",Caturra,Washed / Wet,7.17,7.08,7.08,7.33,7.25,7.08,7.17,80.17,0.11,0,Green,2,1187.5,Media (Arabica),Select Harvest EXP,80.17,81.6079896219681,Estándar,Estándar,Sí
Arabica,cadexsa,Honduras,marcala,275,1 kg,Instituto Hondureño del Café,"January 26th, 2015",Catuai,Washed / Wet,7.25,7.25,7.0,7.17,7.08,7.08,7.33,80.17,0.11,0,Green,0,1400.0,Media (Arabica),Select Harvest CAD,80.17,81.68819911137189,Estándar,Estándar,Sí
Arabica,juan luis alvarado romero,Guatemala,oriente,250,69 kg,Asociacion Nacional Del Café,"August 7th, 2013",Bourbon,Washed / Wet,7.33,7.33,7.0,7.17,7.17,7.17,7.0,80.17,0.11,0,Green,2,399.4830720000001,Baja (Arabica),Mill JUA,80.17,82.20528852034096,Estándar,Estándar,Sí
Arabica,pablo enrique martinez gama,Mexico,coatepec,20,1 kg,AMECAFE,"October 9th, 2012",Typica,Washed / Wet,7.33,7.08,6.92,7.42,7.25,7.08,7.08,80.17,0.11,0,Green,2,1250.0,Media (Arabica),Heritage PAB,80.17,81.67007912406551,Estándar,Estándar,Sí
Arabica,israel eduardo paz garcia,Mexico,zaragoza itundujia,15,1 kg,AMECAFE,"September 13th, 2012",Typica,Washed / Wet,7.58,7.42,7.33,7.5,7.08,7.17,7.42,80.17,0.14,1,Green,2,1550.0,Alta (Arabica),Heritage ISR,80.17,80.26969709042221,Estándar,Estándar,Sí
Arabica,marco virgilio ramirez teliz,Mexico,veracruz,15,1 kg,AMECAFE,"September 10th, 2012",Bourbon,Washed / Wet,7.33,7.33,7.17,7.08,7.25,7.0,7.0,80.17,0.12,0,Green,12,1000.0,Media (Arabica),Select Harvest MAR,80.17,80.6526344771532,Estándar,Estándar,Sí
Arabica,juan luis alvarado romero,Guatemala,oriente,250,1 kg,Asociacion Nacional Del Café,"May 24th, 2012",Bourbon,Washed / Wet,7.33,7.33,7.0,7.33,7.0,7.0,7.17,80.17,0.11,0,Green,5,399.4830720000001,Baja (Arabica),Mill JUA,80.17,81.53390604488506,Estándar,Estándar,Sí
Arabica,kona pacific farmers cooperative,United States (Hawaii),kona,22,100 lbs,Specialty Coffee Association,"September 22nd, 2011",Hawaiian Kona,Natural / Dry,7.58,7.5,7.33,7.33,7.67,7.33,7.42,80.17,0.05,12,Blue-Green,1,157.93516800000003,Baja (Arabica),Private Reserve KON,80.17,80.46551505932125,Estándar,Estándar,Sí
Arabica,brayan cunha souza,Brazil,Other,440,60 kg,Brazil Specialty Coffee Association,"November 29th, 2017",Bourbon,Pulped Natural / Honey,7.17,7.17,7.0,7.17,7.25,7.25,7.08,80.08,0.11,0,Green,5,1100.0,Media (Arabica),Origins BRA,80.08,81.96611711758244,Estándar,Estándar,Sí
Arabica,cqi taiwan icp cqi台灣合作夥伴,Taiwan,Other,10,60 kg,Blossom Valley International,"November 23rd, 2014",Typica,Washed / Wet,7.42,7.25,7.25,7.17,7.0,7.0,7.0,80.08,0.07,0,Green,0,850.0,Baja (Arabica),Select Harvest CQI,80.08,82.16598652179823,Estándar,Estándar,Sí
Arabica,honor dela fuente,Nicaragua,Other,1,5 lbs,Specialty Coffee Association,"February 25th, 2014",Caturra,Natural / Dry,7.25,7.17,6.92,7.25,7.17,7.25,7.08,80.08,0.1,0,Green,4,1100.0,Media (Arabica),Private Reserve HON,80.08,82.26216666353928,Estándar,Estándar,Sí
Arabica,cqi taiwan icp cqi台灣合作夥伴,Taiwan,Other,10,30 kg,Blossom Valley International,"December 26th, 2013",Typica,Other,7.25,7.25,7.25,7.25,7.08,7.0,7.0,80.08,0.11,0,Green,0,200.0,Baja (Arabica),Select Harvest CQI,80.08,81.20279125348868,Estándar,Estándar,Sí
Arabica,cqi taiwan icp cqi台灣合作夥伴,Taiwan,Other,10,30 kg,Blossom Valley International,"December 26th, 2013",Typica,Washed / Wet,7.25,7.25,7.25,7.0,7.25,7.08,7.0,80.08,0.11,0,Green,0,150.0,Baja (Arabica),Select Harvest CQI,80.08,81.40698555935703,Estándar,Estándar,Sí
Arabica,cqi taiwan icp cqi台灣合作夥伴,Taiwan,Other,10,30 kg,Blossom Valley International,"December 26th, 2013",Typica,Semi-Washed / Semi-Pulped,7.25,7.25,7.25,7.08,7.17,7.08,7.0,80.08,0.11,0,Green,0,250.0,Baja (Arabica),Select Harvest CQI,80.08,81.79748390296426,Estándar,Estándar,Sí
Arabica,israel eduardo paz garcia,Mexico,zaragoza itundujia,13,1 kg,AMECAFE,"September 14th, 2012",Typica,Washed / Wet,7.33,7.17,7.25,7.08,7.08,7.08,7.08,80.08,0.15,0,Green,0,1300.0,Media (Arabica),Heritage ISR,80.08,80.22159356961096,Estándar,Estándar,Sí
Arabica,federico pacheco perez,Mexico,Other,10,1 kg,AMECAFE,"August 30th, 2012",Typica,Washed / Wet,7.25,7.08,7.0,7.17,7.33,7.17,7.08,80.08,0.14,1,Green,17,1300.0,Media (Arabica),Heritage FED,80.08,80.26479176460302,Estándar,Estándar,Sí
Arabica,"comercial internacional exportadora, s.a.",Nicaragua,jinotega,275,69 kg,Instituto Hondureño del Café,"June 13th, 2017",Caturra,Washed / Wet,7.33,7.08,6.92,7.08,7.42,7.17,7.0,80.0,0.1,0,Green,5,1250.0,Media (Arabica),Private Reserve COM,80.0,81.52212442000798,Estándar,Estándar,Sí
Arabica,ngu shwe li,Other,Other,1,2 kg,Coffee Quality Institute,"July 17th, 2015",Other,Washed / Wet,7.17,7.33,7.0,7.42,7.17,7.0,6.92,80.0,0.0,0,Green,4,3845.0,Premium (Arabica),Heritage NGU,80.0,80.81740406276708,Estándar,Estándar,Sí
Arabica,kurt kappeli,Mexico,Other,280,2 kg,Specialty Coffee Association,"May 1st, 2014",Typica,Washed / Wet,7.58,7.75,7.42,7.5,7.5,7.5,7.42,80.0,0.0,0,Green,2,1400.0,Media (Arabica),Origins KUR,80.0,81.57231285604409,Estándar,Estándar,Sí
Arabica,cqi taiwan icp cqi台灣合作夥伴,Taiwan,Other,10,30 kg,Blossom Valley International,"December 26th, 2013",Typica,Washed / Wet,7.25,7.25,7.25,7.0,7.25,7.0,7.0,80.0,0.11,0,Green,0,250.0,Baja (Arabica),Select Harvest CQI,80.0,81.4351742520875,Estándar,Estándar,Sí
Arabica,doi tung development project,Thailand,thailand,2,1 kg,Specialty Coffee Association,"May 29th, 2013",Caturra,Washed / Wet,7.33,6.67,7.08,7.42,7.42,7.08,7.0,80.0,0.0,0,Green,0,800.0,Baja (Arabica),Origins DOI,80.0,82.27330005541414,Estándar,Estándar,Sí
Arabica,pablo enrique martinez gama,Mexico,coatepec,20,1 kg,AMECAFE,"September 10th, 2012",Typica,Washed / Wet,7.25,7.25,7.08,7.17,7.33,7.33,7.25,80.0,0.12,0,Green,9,1250.0,Media (Arabica),Heritage PAB,80.0,81.0020370117279,Estándar,Estándar,Sí
Arabica,semiramis casas velazquez,Mexico,Other,256,1 kg,AMECAFE,"September 4th, 2012",Other,Washed / Wet,7.08,7.33,7.0,7.33,7.08,7.0,7.17,80.0,0.11,0,Green,12,1100.0,Media (Arabica),Heritage SEM,80.0,81.29660468078369,Estándar,Estándar,Sí
Arabica,ethiopia commodity exchange,Ethiopia,Other,300,6,Ethiopia Commodity Exchange,"June 17th, 2010",Other,Natural / Dry,7.42,7.42,7.5,7.92,7.75,7.58,7.75,80.0,0.05,0,Green,2,1800.0,Premium (Arabica),Select Harvest ETH,80.0,86.53054386939431,Estándar,Premium,No
Arabica,federacion nacional de cafeteros,Colombia,huila,275,2 kg,Almacafé,"April 23rd, 2015",Caturra,Washed / Wet,7.83,7.67,7.58,7.75,7.83,7.17,7.42,79.92,0.0,0,Green,1,1750.0,Alta (Arabica),Select Harvest FED,79.92,83.64853651086844,Estándar,Premium,No
Arabica,eileen koyanagi,United States (Hawaii),kona,12,100 kg,Specialty Coffee Association,"May 12th, 2014",Hawaiian Kona,Natural / Dry,7.5,7.0,7.0,6.92,7.33,7.17,7.0,79.92,0.11,1,Green,3,157.93516800000003,Baja (Arabica),Select Harvest EIL,79.92,81.6932267534435,Estándar,Estándar,Sí
Arabica,calixto guillen vazquez,Mexico,chiapas,400,1 kg,AMECAFE,"March 29th, 2013",Bourbon,Washed / Wet,7.33,7.08,7.08,7.33,7.42,7.17,7.17,79.92,0.12,0,Green,4,1300.0,Media (Arabica),Origins CAL,79.92,81.69762752183199,Estándar,Estándar,Sí
Arabica,alejandro garcia palacios,Mexico,Other,10,1 kg,AMECAFE,"September 11th, 2012",Other,Washed / Wet,7.17,7.17,6.92,7.25,7.33,7.08,7.0,79.92,0.12,1,Green,7,1100.0,Media (Arabica),Private Reserve ALE,79.92,81.80281199895003,Estándar,Estándar,Sí
Arabica,christina dusing,Mexico,veracruz,82,1 kg,AMECAFE,"August 30th, 2012",Bourbon,Washed / Wet,7.5,7.17,7.0,7.17,7.25,7.08,6.75,79.92,0.0,0,Green,0,1100.0,Media (Arabica),Origins CHR,79.92,81.92282506398637,Estándar,Estándar,Sí
Arabica,montegrande,Mexico,Other,250,1 kg,AMECAFE,"July 26th, 2012",Catuai,Washed / Wet,7.17,7.08,7.08,7.08,7.5,7.33,7.33,79.92,0.11,0,Green,3,1100.0,Media (Arabica),Mill MON,79.92,82.0876099923369,Estándar,Estándar,Sí
Arabica,pablo enrique martinez gama,Mexico,coatepec,100,1 kg,AMECAFE,"July 11th, 2012",Typica,Natural / Dry,7.33,7.25,7.0,7.42,7.17,7.17,7.25,79.92,0.12,0,Green,6,1250.0,Media (Arabica),Heritage PAB,79.92,82.17937440841602,Estándar,Estándar,Sí
Arabica,jesus carlos cadena valdivia,Mexico,veracruz,209,1 kg,AMECAFE,"July 11th, 2012",Mundo Novo,Washed / Wet,7.17,7.33,7.08,7.58,7.33,7.08,7.0,79.92,0.11,0,Green,0,1250.0,Media (Arabica),Private Reserve JES,79.92,82.20541780442144,Estándar,Estándar,Sí
Arabica,kona pacific farmers cooperative,United States (Hawaii),kona,40,100 lbs,Specialty Coffee Association,"September 22nd, 2011",Hawaiian Kona,Natural / Dry,7.5,7.42,7.58,7.42,7.5,7.58,7.58,79.92,0.05,3,Blue-Green,0,157.93516800000003,Baja (Arabica),Private Reserve KON,79.92,82.33859654093439,Estándar,Estándar,Sí
Arabica,kennedy macharia,Kenya,Other,200,12000 kg,Kenya Coffee Traders Association,"August 25th, 2017",Other,Washed / Wet,7.0,7.08,7.0,7.17,7.25,7.25,7.08,79.83,0.11,0,Green,5,1500.0,Alta (Arabica),Select Harvest KEN,79.83,83.67489322558889,Estándar,Premium,No
Arabica,juan luis alvarado romero,Guatemala,san marcos,50,69 kg,Asociacion Nacional Del Café,"August 22nd, 2017",Bourbon,Washed / Wet,7.33,7.25,6.92,7.33,7.25,7.33,7.08,79.83,0.1,0,Green,2,1700.0,Alta (Arabica),Mill JUA,79.83,82.51962899668163,Estándar,Premium,No
Arabica,asociación aldea global jinotega,Nicaragua,jinotega,75,2 kg,Asociación de Cafés Especiales de Nicaragua,"March 30th, 2015",Caturra,Washed / Wet,6.83,7.17,7.17,6.92,7.5,7.08,7.17,79.83,0.11,0,Green,0,1250.0,Media (Arabica),Private Reserve ASO,79.83,81.73640706638331,Estándar,Estándar,Sí
Arabica,sergio de la vequia bernardi,Mexico,veracruz,250,1 kg,AMECAFE,"July 11th, 2012",Typica,Washed / Wet,7.17,7.08,7.0,7.25,7.5,7.0,6.83,79.83,0.12,0,Green,3,1300.0,Media (Arabica),Origins SER,79.83,81.71300928096721,Estándar,Estándar,Sí
Arabica,kona pacific farmers cooperative,United States (Hawaii),kona,12,100 lbs,Specialty Coffee Association,"April 5th, 2012",Hawaiian Kona,Natural / Dry,7.58,7.08,6.83,7.17,7.5,7.17,7.17,79.83,0.12,7,Blue-Green,10,157.93516800000003,Baja (Arabica),Private Reserve KON,79.83,80.58987155685898,Estándar,Estándar,Sí
Arabica,"lin, che-hao krude 林哲豪",Taiwan,Other,28,50 kg,Specialty Coffee Association,"March 21st, 2015",Typica,Natural / Dry,7.75,7.33,7.17,7.33,7.67,7.83,7.33,79.75,0.0,0,Green,0,1000.0,Media (Arabica),Heritage LIN,79.75,82.22014871722214,Estándar,Estándar,Sí
Arabica,"lin, che-hao krude 林哲豪",Taiwan,Other,50,20 kg,Specialty Coffee Association,"July 28th, 2014",Typica,Washed / Wet,7.08,7.08,7.25,7.0,7.17,7.17,7.0,79.75,0.1,0,Blue-Green,0,600.0,Baja (Arabica),Heritage LIN,79.75,81.99535527681019,Estándar,Estándar,Sí
Arabica,doi tung development project,Thailand,thailand,1,1 kg,Specialty Coffee Association,"June 16th, 2014",Caturra,Washed / Wet,7.25,7.08,6.92,7.5,7.08,6.92,7.0,79.75,0.12,0,Green,0,800.0,Baja (Arabica),Origins DOI,79.75,82.39969865628896,Estándar,Estándar,Sí
Arabica,dane loraas,Peru,Other,320,5 lbs,Specialty Coffee Association,"January 23rd, 2014",Caturra,Washed / Wet,7.0,7.08,7.0,7.25,7.5,7.42,7.17,79.75,0.12,1,Green,2,1300.0,Media (Arabica),Heritage DAN,79.75,82.45471210536729,Estándar,Estándar,Sí
Arabica,the coffee source inc.,Costa Rica,Other,275,2 kg,Specialty Coffee Association,"September 23rd, 2013",Catuai,Washed / Wet,7.58,7.5,7.67,7.75,7.67,7.58,8.0,79.75,0.1,0,Blue-Green,4,1100.0,Media (Arabica),Origins THE,79.75,82.96772348408138,Estándar,Premium,No
Arabica,fredy gordillo reyes,Mexico,"la concordia, chiapas",310,1 kg,AMECAFE,"March 29th, 2013",Typica,Washed / Wet,7.58,7.08,7.0,7.0,7.5,6.92,6.67,79.75,0.12,0,Green,4,1400.0,Media (Arabica),Select Harvest FRE,79.75,81.69813297279931,Estándar,Estándar,Sí
Arabica,leonides de la cruz lopez,Mexico,chiapas,275,1 kg,AMECAFE,"March 29th, 2013",Bourbon,Washed / Wet,7.58,7.08,6.92,7.58,7.5,6.92,6.83,79.75,0.13,0,Green,4,1022.0,Media (Arabica),Private Reserve LEO,79.75,81.56219619473545,Estándar,Estándar,Sí
Arabica,calixto guillen vazquez,Mexico,chiapas,380,1 kg,AMECAFE,"March 29th, 2013",Bourbon,Washed / Wet,7.25,7.08,7.0,7.17,7.17,7.08,7.0,79.75,0.12,0,Green,5,1300.0,Media (Arabica),Origins CAL,79.75,81.60409171268991,Estándar,Estándar,Sí
Arabica,israel eduardo paz garcia,Mexico,zaragoza itundujia,12,1 kg,AMECAFE,"September 14th, 2012",Bourbon,Washed / Wet,7.25,7.17,7.17,7.08,7.17,7.0,6.92,79.75,0.14,0,Green,0,1450.0,Media (Arabica),Heritage ISR,79.75,80.93090520676691,Estándar,Estándar,Sí
Arabica,alfredo bojalil,Mexico,Other,250,1 kg,AMECAFE,"September 4th, 2012",Typica,Washed / Wet,7.33,7.25,7.0,7.08,7.08,7.0,7.0,79.75,0.1,1,Green,22,1050.0,Media (Arabica),Origins ALF,79.75,79.64974507049729,Estándar,Estándar,Sí
Arabica,lusso lab,Guatemala,antigua,275,69 kg,Specialty Coffee Association,"July 23rd, 2012",Bourbon,Washed / Wet,7.58,7.33,7.5,7.33,7.0,7.33,7.67,79.75,0.0,0,Green,4,431.999136,Baja (Arabica),Mill LUS,79.75,82.60926879824284,Estándar,Premium,No
Arabica,montegrande,Mexico,Other,36,1 kg,AMECAFE,"June 6th, 2012",Typica,Washed / Wet,7.25,6.83,6.92,7.08,7.25,7.08,7.33,79.75,0.12,0,Green,7,1100.0,Media (Arabica),Mill MON,79.75,81.58587926074658,Estándar,Estándar,Sí
Arabica,juan luis alvarado romero,Guatemala,oriente,25,69 kg,Asociacion Nacional Del Café,"June 22nd, 2017",Bourbon,Washed / Wet,7.42,7.42,7.25,7.58,7.42,7.33,7.25,79.67,0.1,0,Green,1,371.61216,Baja (Arabica),Mill JUA,79.67,82.57334353761635,Estándar,Premium,No
Arabica,consejo salvadoreño del café,El Salvador,Other,275,69 kg,Salvadoran Coffee Council,"March 23rd, 2017",Bourbon,Washed / Wet,7.25,7.08,7.0,6.83,7.33,7.17,7.0,79.67,0.0,0,Blue-Green,12,1250.0,Media (Arabica),Heritage CON,79.67,82.18650325679906,Estándar,Estándar,Sí
Arabica,doi tung development project,Thailand,thailand,1,1 kg,Specialty Coffee Association,"June 16th, 2014",Caturra,Washed / Wet,6.92,7.17,6.83,7.42,7.17,7.08,7.08,79.67,0.12,0,Blue-Green,0,800.0,Baja (Arabica),Origins DOI,79.67,82.63069745011191,Estándar,Premium,No
Arabica,juan luis alvarado romero,Guatemala,oriente,250,69 kg,Asociacion Nacional Del Café,"June 27th, 2013",Bourbon,Washed / Wet,7.5,7.0,6.83,7.08,7.08,7.17,7.0,79.67,0.11,0,Green,6,399.4830720000001,Baja (Arabica),Mill JUA,79.67,81.28276270439629,Estándar,Estándar,Sí
Arabica,fredy gordillo reyes,Mexico,"la concordia, chiapas",310,1 kg,AMECAFE,"March 29th, 2013",Typica,Washed / Wet,7.42,7.25,6.83,7.58,7.17,6.58,6.83,79.67,0.12,0,Green,6,1400.0,Media (Arabica),Select Harvest FRE,79.67,81.56969952392949,Estándar,Estándar,Sí
Arabica,saul m. hernandez ramirez,Mexico,Other,10,1 kg,AMECAFE,"September 27th, 2012",Caturra,Washed / Wet,7.33,7.17,7.0,6.75,7.08,7.0,7.33,79.67,0.13,5,Green,6,975.0,Baja (Arabica),Origins SAU,79.67,82.06553377627104,Estándar,Estándar,Sí
Arabica,alfredo bojalil,Mexico,Other,253,1 kg,AMECAFE,"June 4th, 2012",Mundo Novo,Washed / Wet,6.92,7.17,7.17,7.17,7.08,7.08,7.08,79.67,0.0,0,Green,9,1264.0,Media (Arabica),Origins ALF,79.67,81.71494423761396,Estándar,Estándar,Sí
Arabica,doi tung development project,Thailand,Other,5,1 lbs,Specialty Coffee Association,"April 9th, 2010",Other,Washed / Wet,7.17,7.17,7.0,7.0,7.25,6.92,7.17,79.67,0.0,1,Blue-Green,0,800.0,Baja (Arabica),Origins DOI,79.67,82.43667839439094,Estándar,Estándar,Sí
Arabica,obed rendon ponce,Mexico,Other,50,1 kg,AMECAFE,"September 17th, 2012",Typica,Washed / Wet,7.08,7.0,6.92,7.33,7.25,7.08,6.92,79.58,0.12,0,Green,11,1250.0,Media (Arabica),Select Harvest OBE,79.58,81.23189357994974,Estándar,Estándar,Sí
Arabica,armando luis pohlenz martinez,Mexico,la concordia,250,1 kg,AMECAFE,"August 30th, 2012",Caturra,Washed / Wet,7.25,6.92,6.92,7.33,7.25,7.0,6.92,79.58,0.13,0,Green,5,1550.0,Alta (Arabica),Select Harvest ARM,79.58,81.74404979959067,Estándar,Estándar,Sí
Arabica,exportadora de cafe condor s.a,Colombia,huila,250,70 kg,Almacafé,"February 9th, 2011",Caturra,Washed / Wet,7.25,7.17,7.0,6.75,7.17,7.33,6.92,79.58,0.1,0,Green,4,1800.0,Premium (Arabica),Heritage EXP,79.58,83.23438442249231,Estándar,Premium,No
Arabica,carl walker,Guatemala,Other,223,69 kg,Specialty Coffee Association,"January 13th, 2011",Bourbon,Washed / Wet,7.08,7.0,6.83,7.33,7.25,7.0,7.08,79.58,0.17,1,Green,19,404.1282240000001,Baja (Arabica),Origins CAR,79.58,79.67989313543623,Estándar,Estándar,Sí
Arabica,cooperativa el gorrion r.l,Nicaragua,jinotega,275,69 kg,Asociación de Cafés Especiales de Nicaragua,"July 6th, 2015",Caturra,Natural / Dry,6.92,6.92,7.0,7.42,7.25,7.0,7.0,79.5,0.12,0,Green,6,1050.0,Media (Arabica),Private Reserve COO,79.5,81.77701837495415,Estándar,Estándar,Sí
Arabica,cqi taiwan icp cqi台灣合作夥伴,Taiwan,Other,10,2 kg,Blossom Valley International,"May 23rd, 2015",Typica,Natural / Dry,6.92,7.0,7.17,7.0,7.42,7.0,7.0,79.5,0.0,0,Green,1,700.0,Baja (Arabica),Select Harvest CQI,79.5,81.88861819428814,Estándar,Estándar,Sí
Arabica,exportadora de cafe condor s.a,Colombia,cundinamarca,250,70 kg,Almacafé,"June 21st, 2013",Caturra,Washed / Wet,7.83,7.5,7.42,7.42,7.67,7.5,7.5,79.5,0.0,0,Green,2,1550.0,Alta (Arabica),Heritage EXP,79.5,83.32883957552046,Estándar,Premium,No
Arabica,armando luis pohlenz martinez,Mexico,la concordia,250,1 kg,AMECAFE,"August 1st, 2012",Caturra,Washed / Wet,7.25,7.08,6.92,7.25,7.58,7.08,7.0,79.5,0.12,1,Green,20,1550.0,Alta (Arabica),Select Harvest ARM,79.5,79.67485534320882,Estándar,Estándar,Sí
Arabica,mario jose fernandez,Mexico,Other,127,1 kg,AMECAFE,"July 11th, 2012",Typica,Washed / Wet,7.25,7.33,7.0,7.25,7.17,7.17,7.0,79.5,0.12,0,Blue-Green,5,1100.0,Media (Arabica),Mill MAR,79.5,82.09692849855904,Estándar,Estándar,Sí
Arabica,juan luis alvarado romero,Guatemala,oriente,250,69 kg,Asociacion Nacional Del Café,"May 13th, 2014",Bourbon,Washed / Wet,7.08,7.33,7.25,7.58,7.33,7.42,7.42,79.42,0.1,0,Green,2,371.61216,Baja (Arabica),Mill JUA,79.42,82.39334351182515,Estándar,Estándar,Sí
Arabica,juan luis alvarado romero,Guatemala,oriente,275,69 kg,Asociacion Nacional Del Café,"March 31st, 2014",Other,Washed / Wet,7.25,7.33,6.83,7.0,7.0,7.17,6.83,79.42,0.1,1,Green,4,371.61216,Baja (Arabica),Mill JUA,79.42,80.91417529424709,Estándar,Estándar,Sí
Arabica,adriana torres rico quevedo,Mexico,Other,10,1 kg,AMECAFE,"September 11th, 2012",Typica,Washed / Wet,7.0,6.83,6.83,7.42,7.33,7.17,6.83,79.42,0.13,0,Green,30,800.0,Baja (Arabica),Mill ADR,79.42,79.18402149485179,Estándar,Estándar,Sí
Arabica,rre kunene,Other,Other,2,1 kg,Specialty Coffee Association,"June 6th, 2017",Other,Washed / Wet,7.42,7.25,6.83,7.0,7.33,7.08,7.08,79.33,0.13,1,Blue-Green,2,200.0,Baja (Arabica),Select Harvest RRE,79.33,80.65286595171494,Estándar,Estándar,Sí
Arabica,the coffee source inc.,Colombia,Other,250,3 lbs,Specialty Coffee Association,"January 8th, 2014",Caturra,Washed / Wet,7.42,7.25,6.75,7.25,7.42,7.25,7.33,79.33,0.0,0,Green,3,1200.0,Media (Arabica),Origins THE,79.33,83.10505453866932,Estándar,Premium,No
Arabica,eric jesus cordoba arroyo,Mexico,Other,30,1 kg,AMECAFE,"September 17th, 2012",Typica,Washed / Wet,7.0,7.0,6.83,7.33,7.42,6.92,6.83,79.33,0.14,0,Green,23,950.0,Baja (Arabica),Select Harvest ERI,79.33,79.430141508818,Estándar,Estándar,Sí
Arabica,eric jesus cordoba arroyo,Mexico,Other,50,1 kg,AMECAFE,"September 10th, 2012",Typica,Washed / Wet,7.42,7.17,7.08,7.17,7.08,7.08,7.0,79.33,0.14,0,Green,19,750.0,Baja (Arabica),Select Harvest ERI,79.33,79.90131621217705,Estándar,Estándar,Sí
Arabica,juan luis alvarado romero,Guatemala,oriente,250,1 kg,Asociacion Nacional Del Café,"January 13th, 2012",Bourbon,Washed / Wet,7.17,6.5,6.33,7.25,7.58,7.33,7.17,79.33,0.11,0,Green,6,431.999136,Baja (Arabica),Mill JUA,79.33,81.27772265845344,Estándar,Estándar,Sí
Arabica,"lin, che-hao krude 林哲豪",Taiwan,Other,50,20 kg,Specialty Coffee Association,"November 7th, 2014",Typica,Washed / Wet,7.08,6.83,6.83,7.25,7.42,7.08,6.75,79.25,0.11,0,Blue-Green,0,850.0,Baja (Arabica),Heritage LIN,79.25,82.18171415609181,Estándar,Estándar,Sí
Arabica,marco virgilio ramirez teliz,Mexico,veracruz,12,1 kg,AMECAFE,"September 10th, 2012",Bourbon,Washed / Wet,7.0,7.0,6.92,7.17,7.17,7.08,6.92,79.25,0.13,0,Green,10,1000.0,Media (Arabica),Select Harvest MAR,79.25,80.90386261870725,Estándar,Estándar,Sí
Arabica,juan luis alvarado romero,Guatemala,santa rosa,50,69 kg,Asociacion Nacional Del Café,"August 22nd, 2017",Bourbon,Washed / Wet,7.33,7.42,7.33,7.42,7.5,7.42,7.42,79.17,0.1,0,Green,0,371.61216,Baja (Arabica),Mill JUA,79.17,82.33739249560375,Estándar,Estándar,Sí
Arabica,janny marlith torres,Honduras,Other,15,69 kg,Instituto Hondureño del Café,"July 27th, 2017",Catuai,Washed / Wet,7.58,7.0,6.75,6.92,7.0,6.92,7.0,79.17,0.11,0,Green,5,1650.0,Alta (Arabica),Heritage JAN,79.17,81.83636623766408,Estándar,Estándar,Sí
Arabica,juan luis alvarado romero,Guatemala,Other,250,69 kg,Asociacion Nacional Del Café,"May 23rd, 2016",Bourbon,Washed / Wet,7.08,7.0,6.92,7.42,7.0,6.92,6.83,79.17,0.11,0,Green,6,1320.0,Media (Arabica),Mill JUA,79.17,82.38805559601983,Estándar,Estándar,Sí
Arabica,juan luis alvarado romero,Guatemala,Other,275,69 kg,Asociacion Nacional Del Café,"June 30th, 2015",Catuai,Washed / Wet,7.25,7.17,6.75,7.25,7.0,6.92,6.83,79.17,0.11,0,Green,6,1550.0,Alta (Arabica),Mill JUA,79.17,82.44980542576648,Estándar,Estándar,Sí
Arabica,brent hall,Costa Rica,Other,1,2 kg,Specialty Coffee Association,"December 10th, 2013",Catuai,Washed / Wet,7.17,7.42,7.5,8.0,7.25,7.83,7.33,79.17,0.1,5,Green,20,1300.0,Media (Arabica),Select Harvest BRE,79.17,80.45894303068981,Estándar,Estándar,Sí
Arabica,israel eduardo paz garcia,Mexico,zaragoza itundujia,10,1 kg,AMECAFE,"September 13th, 2012",Typica,Washed / Wet,7.25,7.08,6.92,7.08,7.17,7.17,7.17,79.17,0.14,0,Green,8,1550.0,Alta (Arabica),Heritage ISR,79.17,80.09706402474892,Estándar,Estándar,Sí
Arabica,julio cesar robles flores,Mexico,Other,53,1 kg,AMECAFE,"August 30th, 2012",Typica,Washed / Wet,7.17,6.92,6.92,7.08,7.17,7.0,6.92,79.17,0.14,0,Green,34,1450.0,Media (Arabica),Private Reserve JUL,79.17,79.27013268424615,Estándar,Estándar,Sí
Arabica,masamichi hiroike,Mexico,Other,250,6,Specialty Coffee Association,"April 9th, 2010",Typica,Washed / Wet,6.75,6.75,6.83,7.25,7.58,7.08,6.92,79.17,0.01,0,Green,8,1200.0,Media (Arabica),Mill MAS,79.17,81.36963363534502,Estándar,Estándar,Sí
Arabica,juan luis alvarado romero,Guatemala,san marcos,50,69 kg,Asociacion Nacional Del Café,"August 23rd, 2017",Bourbon,Washed / Wet,7.58,7.67,7.42,7.42,7.67,7.67,7.67,79.08,0.1,0,Green,1,1700.0,Alta (Arabica),Mill JUA,79.08,82.57214841149435,Estándar,Premium,No
Arabica,german negron,Other,Other,18,5 lbs,Specialty Coffee Association,"June 9th, 2014",Other,Washed / Wet,7.42,7.08,6.75,7.33,7.33,6.92,6.92,79.08,0.13,0,Green,0,260.12851200000006,Baja (Arabica),Origins GER,79.08,80.65263860867265,Estándar,Estándar,Sí
Arabica,israel eduardo paz garcia,Mexico,zaragoza itundujia,13,1 kg,AMECAFE,"September 13th, 2012",Typica,Washed / Wet,7.33,7.0,6.92,7.25,7.33,7.08,6.83,79.08,0.16,0,Green,2,1500.0,Alta (Arabica),Heritage ISR,79.08,80.109945393826,Estándar,Estándar,Sí
Arabica,juana rodriguez gutierrez,Mexico,Other,10,1 kg,AMECAFE,"September 12th, 2012",Mundo Novo,Washed / Wet,7.25,7.08,6.75,7.33,7.42,7.0,6.92,79.08,0.11,0,Green,45,1100.0,Media (Arabica),Select Harvest JUA,79.08,79.72106297457321,Estándar,Estándar,Sí
Arabica,balbino ramirez flores,Mexico,Other,10,1 kg,AMECAFE,"July 3rd, 2012",Typica,Washed / Wet,7.17,7.25,7.25,7.17,7.25,7.08,7.25,79.08,0.1,0,Blue-Green,0,1200.0,Media (Arabica),Mill BAL,79.08,82.51540001793211,Estándar,Premium,No
Arabica,racafe & cia s.c.a,Other,Other,149,70 kg,Almacafé,"March 1st, 2011",Other,Washed / Wet,6.75,6.75,6.42,6.83,7.58,7.5,7.25,79.08,0.1,0,Other,3,1942.0,Premium (Arabica),Heritage RAC,79.08,83.66481800787643,Estándar,Premium,No
Arabica,juan luis alvarado romero,Guatemala,oriente,250,69 kg,Asociacion Nacional Del Café,"September 11th, 2014",Other,Washed / Wet,7.33,7.17,6.58,7.42,7.08,6.83,6.58,79.0,0.12,0,Green,3,371.61216,Baja (Arabica),Mill JUA,79.0,80.93507803033046,Estándar,Estándar,Sí
Arabica,cafes finos de exportacion s de r.l.,Honduras,Other,275,2 kg,Instituto Hondureño del Café,"April 26th, 2014",Pacas,Washed / Wet,7.0,7.0,7.0,7.0,7.0,7.0,7.0,79.0,0.11,0,Green,12,1350.0,Media (Arabica),Private Reserve CAF,79.0,80.70923980088419,Estándar,Estándar,Sí
Arabica,sustainable harvest coffee,Peru,Other,280,69 kg,Specialty Coffee Association,"January 8th, 2013",Typica,Washed / Wet,7.67,7.17,7.08,7.25,8.0,7.5,7.0,79.0,0.0,0,Green,4,1400.0,Media (Arabica),Private Reserve SUS,79.0,82.25304977776048,Estándar,Estándar,Sí
Arabica,gonzalo de aquino flores,Mexico,Other,14,1 kg,AMECAFE,"September 17th, 2012",Mundo Novo,Natural / Dry,6.75,7.08,6.67,7.25,7.17,7.08,7.0,79.0,0.12,0,Green,12,1300.0,Media (Arabica),Origins GON,79.0,82.19458440603199,Estándar,Estándar,Sí
Arabica,israel eduardo paz garcia,Mexico,zaragoza itundujia,16,1 kg,AMECAFE,"September 12th, 2012",Typica,Semi-Washed / Semi-Pulped,7.5,7.17,6.92,7.5,7.25,7.0,7.0,79.0,0.14,3,Green,17,1550.0,Alta (Arabica),Heritage ISR,79.0,79.97212701618606,Estándar,Estándar,Sí
Arabica,juan avenamar rodriguez funez,Mexico,Other,120,1 kg,AMECAFE,"August 30th, 2012",Typica,Washed / Wet,7.17,6.83,6.83,7.25,7.17,6.92,6.83,79.0,0.14,7,Green,38,12.0,Baja (Arabica),Origins JUA,79.0,80.3155734003147,Estándar,Estándar,Sí
Arabica,alfredo bojalil,Mexico,"la concordia, chiapas",250,1 kg,AMECAFE,"March 12th, 2013",Typica,Washed / Wet,7.33,7.0,6.75,7.08,7.17,7.25,7.0,78.92,0.12,0,Green,8,1300.0,Media (Arabica),Origins ALF,78.92,81.33860395420338,Estándar,Estándar,Sí
Arabica,israel eduardo paz garcia,Mexico,zaragoza itundujia,14,1 kg,AMECAFE,"September 17th, 2012",Typica,Washed / Wet,7.5,7.0,6.92,7.08,6.92,6.75,6.75,78.92,0.16,0,Green,0,1400.0,Media (Arabica),Heritage ISR,78.92,80.13842211652829,Estándar,Estándar,Sí
Arabica,"exportadora atlantic, s.a.",Nicaragua,Other,1,1 kg,Instituto Hondureño del Café,"May 22nd, 2017",Caturra,Other,7.17,7.0,6.92,7.0,7.0,7.0,6.75,78.83,0.1,0,Green,4,1100.0,Media (Arabica),Select Harvest EXP,78.83,81.43546576872419,Estándar,Estándar,Sí
Arabica,eileen koyanagi,United States (Hawaii),kona,11,2 lbs,Specialty Coffee Association,"January 17th, 2014",Hawaiian Kona,Natural / Dry,7.5,6.92,6.92,7.25,7.58,7.42,7.17,78.75,0.12,5,Green,8,157.93516800000003,Baja (Arabica),Select Harvest EIL,78.75,80.24583590960759,Estándar,Estándar,Sí
Arabica,juan luis alvarado romero,Guatemala,oriente,250,69 kg,Asociacion Nacional Del Café,"July 5th, 2013",Bourbon,Washed / Wet,7.33,7.08,6.33,7.25,7.0,7.0,6.75,78.75,0.12,1,Green,8,399.4830720000001,Baja (Arabica),Mill JUA,78.75,80.47403205052589,Estándar,Estándar,Sí
Arabica,octavio augusto diaz trejo,Mexico,veracruz,20,1 kg,AMECAFE,"August 1st, 2012",Typica,Washed / Wet,7.25,6.83,6.83,7.0,7.17,7.0,6.67,78.75,0.14,0,Green,0,1320.0,Media (Arabica),Mill OCT,78.75,81.53216772244772,Estándar,Estándar,Sí
Arabica,damaso martinez perez,Mexico,veracruz,35,1 kg,AMECAFE,"July 16th, 2012",Typica,Semi-Washed / Semi-Pulped,7.25,7.33,7.17,7.25,7.08,7.0,7.0,78.75,0.14,0,Green,0,1250.0,Media (Arabica),Heritage DAM,78.75,82.10363255710479,Estándar,Estándar,Sí
Arabica,"productores de especialidad emiliano zapeata, spr.",Mexico,Other,10,1 kg,AMECAFE,"June 6th, 2012",Bourbon,Washed / Wet,7.67,7.17,6.83,7.33,7.58,7.17,7.0,78.75,0.12,0,Green,0,1350.0,Media (Arabica),Select Harvest PRO,78.75,82.33081202563638,Estándar,Estándar,Sí
Arabica,adam ciruli ye,China,yunnan,1,2 kg,Specialty Coffee Association,"April 26th, 2014",Typica,Washed / Wet,7.0,6.92,6.83,7.17,7.17,7.17,7.08,78.67,0.0,0,Green,5,1850.0,Premium (Arabica),Origins ADA,78.67,82.65473726822596,Estándar,Premium,No
Arabica,juan garcia hernandez,Mexico,Other,20,1 kg,AMECAFE,"September 17th, 2012",Caturra,Washed / Wet,6.92,6.92,6.67,7.25,7.17,6.92,6.83,78.67,0.13,0,Green,2,1150.0,Media (Arabica),Select Harvest JUA,78.67,81.97638370193735,Estándar,Estándar,Sí
Arabica,"exportadora atlantic, s.a.",Nicaragua,Other,275,69 kg,Instituto Hondureño del Café,"February 17th, 2016",Caturra,Washed / Wet,7.08,7.0,6.75,6.83,7.08,6.92,6.92,78.58,0.1,1,Green,7,1100.0,Media (Arabica),Select Harvest EXP,78.58,81.44945950925681,Estándar,Estándar,Sí
Arabica,"exportadora atlantic, s.a.",Nicaragua,Other,275,2 kg,Asociación de Cafés Especiales de Nicaragua,"March 28th, 2015",Caturra,Natural / Dry,6.83,7.08,6.92,6.75,7.25,7.08,6.67,78.58,0.11,1,Green,1,1100.0,Media (Arabica),Select Harvest EXP,78.58,82.19561862396938,Estándar,Estándar,Sí
Arabica,juan luis alvarado romero,Guatemala,oriente,250,69 kg,Asociacion Nacional Del Café,"September 4th, 2014",Other,Washed / Wet,7.33,7.17,6.92,7.58,7.25,7.17,7.17,78.58,0.12,0,Green,3,371.61216,Baja (Arabica),Mill JUA,78.58,80.93507803033046,Estándar,Estándar,Sí
Arabica,"lin, che-hao krude 林哲豪",Taiwan,"dongshan dist., tainan city 臺南市東山區",50,20 kg,Specialty Coffee Association,"July 22nd, 2014",Typica,Washed / Wet,6.83,6.75,7.17,7.25,7.0,6.92,6.67,78.58,0.1,0,Green,0,800.0,Baja (Arabica),Heritage LIN,78.58,81.91806970798167,Estándar,Estándar,Sí
Arabica,alfredo bojalil,Mexico,Other,250,1 kg,AMECAFE,"July 26th, 2012",Typica,Washed / Wet,7.0,7.0,6.75,7.33,6.92,6.92,6.67,78.58,0.13,0,Green,1,1400.0,Media (Arabica),Origins ALF,78.58,81.91106048048965,Estándar,Estándar,Sí
Arabica,organizaciones de productores de cafe colimense,Mexico,Other,50,1 kg,AMECAFE,"July 2nd, 2012",Typica,Washed / Wet,7.92,7.58,7.58,7.92,7.92,7.5,7.5,78.58,0.1,0,Green,1,1300.0,Media (Arabica),Origins ORG,78.58,82.13538428352474,Estándar,Estándar,Sí
Arabica,kona pacific farmers cooperative,United States (Hawaii),kona,8,100 lbs,Specialty Coffee Association,"June 21st, 2011",Hawaiian Kona,Natural / Dry,7.92,6.83,7.08,7.42,6.75,7.33,7.25,78.58,0.0,0,Blue-Green,0,157.93516800000003,Baja (Arabica),Private Reserve KON,78.58,83.38655935337063,Estándar,Premium,No
Arabica,kurt kappeli,Mexico,Other,280,69 kg,Specialty Coffee Association,"April 26th, 2014",Bourbon,Washed / Wet,7.25,6.75,6.92,6.92,7.25,7.58,7.17,78.5,0.0,0,Green,0,1600.0,Alta (Arabica),Origins KUR,78.5,82.38640044235572,Estándar,Estándar,Sí
Arabica,rosario miguel hernandez,Mexico,Other,10,1 kg,AMECAFE,"September 14th, 2012",Typica,Washed / Wet,7.08,6.83,6.83,7.0,7.0,6.92,6.83,78.5,0.12,0,Green,14,1400.0,Media (Arabica),Heritage ROS,78.5,80.89691450319893,Estándar,Estándar,Sí
Arabica,francisco ruiz nunez,Mexico,Other,20,1 kg,AMECAFE,"July 26th, 2012",Caturra,Washed / Wet,7.25,7.17,7.0,6.83,7.58,7.08,6.92,78.5,0.13,1,Green,3,1200.0,Media (Arabica),Heritage FRA,78.5,81.91073112152263,Estándar,Estándar,Sí
Arabica,bourbon specialty coffees,Brazil,Other,300,60 kg,Brazil Specialty Coffee Association,"December 16th, 2014",Catuai,Natural / Dry,6.83,7.0,6.92,7.08,6.92,6.83,6.83,78.42,0.12,3,Green,4,1000.0,Media (Arabica),Origins BOU,78.42,81.54148798476747,Estándar,Estándar,Sí
Arabica,israel eduardo paz garcia,Mexico,zaragoza itundujia,10,1 kg,AMECAFE,"September 14th, 2012",Typica,Washed / Wet,7.58,7.17,7.0,7.17,7.33,7.0,7.17,78.42,0.14,0,Green,0,1500.0,Alta (Arabica),Heritage ISR,78.42,80.4123750363497,Estándar,Estándar,Sí
Arabica,eileen koyanagi,United States (Hawaii),kona,5,100 lbs,Specialty Coffee Association,"March 19th, 2014",Hawaiian Kona,Natural / Dry,7.5,7.75,7.58,7.83,7.92,7.92,7.83,78.33,0.1,0,Blue-Green,0,157.93516800000003,Baja (Arabica),Select Harvest EIL,78.33,82.97999135179565,Estándar,Premium,No
Arabica,juan luis alvarado romero,Guatemala,oriente,275,69 kg,Asociacion Nacional Del Café,"February 27th, 2014",Other,Washed / Wet,7.17,6.5,6.67,7.0,7.17,7.17,6.67,78.33,0.1,0,Green,2,371.61216,Baja (Arabica),Mill JUA,78.33,81.43827549589761,Estándar,Estándar,Sí
Arabica,juan luis alvarado romero,Guatemala,oriente,250,1 kg,Asociacion Nacional Del Café,"February 7th, 2013",Bourbon,Washed / Wet,7.17,7.17,6.5,7.17,7.0,6.83,6.5,78.33,0.11,1,Green,4,399.4830720000001,Baja (Arabica),Mill JUA,78.33,81.62018494075775,Estándar,Estándar,Sí
Arabica,pablo cervantes morelos        ,Mexico,Other,100,1 kg,AMECAFE,"September 11th, 2012",Typica,Natural / Dry,7.25,7.25,7.0,7.5,7.33,7.42,7.75,78.33,0.13,31,Green,47,1300.0,Media (Arabica),Origins PAB,78.33,80.44687584806576,Estándar,Estándar,Sí
Arabica,juan luis alvarado romero,Guatemala,oriente,250,1 kg,Asociacion Nacional Del Café,"January 13th, 2012",Bourbon,Washed / Wet,7.17,6.08,6.17,7.25,7.33,7.33,7.0,78.33,0.11,0,Green,9,431.999136,Baja (Arabica),Mill JUA,78.33,80.50467812980568,Estándar,Estándar,Sí
Arabica,eileen koyanagi,United States (Hawaii),kona,18,100 lbs,Specialty Coffee Association,"January 20th, 2015",Hawaiian Kona,Natural / Dry,7.5,7.5,7.33,7.58,7.5,7.42,7.42,78.25,0.11,2,Green,8,157.93516800000003,Baja (Arabica),Select Harvest EIL,78.25,80.86404969618083,Estándar,Estándar,Sí
Arabica,kona pacific farmers cooperative,United States (Hawaii),kona,5,100 lbs,Specialty Coffee Association,"May 24th, 2012",Hawaiian Kona,Natural / Dry,7.42,7.33,7.33,7.5,7.67,7.75,7.25,78.25,0.11,4,Green,31,157.93516800000003,Baja (Arabica),Private Reserve KON,78.25,79.6792098063513,Estándar,Estándar,Sí
Arabica,sanjava coffee,Indonesia,Other,2,1 kg,Specialty Coffee Association of Indonesia,"July 18th, 2017",Other,Washed / Wet,6.92,6.83,6.92,6.92,6.92,6.83,6.83,78.17,0.13,0,Blue-Green,1,1300.0,Media (Arabica),Select Harvest SAN,78.17,82.35199395352241,Estándar,Estándar,Sí
Arabica,gustavo amieva gonzalez,Mexico,Other,320,1 kg,AMECAFE,"July 11th, 2012",Typica,Washed / Wet,7.08,6.83,6.67,7.25,7.25,6.92,6.75,78.08,0.11,0,Green,3,1050.0,Media (Arabica),Origins GUS,78.08,81.87410621337706,Estándar,Estándar,Sí
Arabica,"lin, che-hao krude 林哲豪",Taiwan,Other,8,10 kg,Specialty Coffee Association,"June 6th, 2017",Yellow Bourbon,Washed / Wet,7.5,7.08,7.33,7.17,7.5,7.5,7.25,78.0,0.0,3,Green,4,650.0,Baja (Arabica),Heritage LIN,78.0,81.50469607536455,Estándar,Estándar,Sí
Arabica,cafes finos de exportacion s de r.l.,Honduras,Other,275,2 kg,Instituto Hondureño del Café,"May 15th, 2014",Pacas,Natural / Dry,6.83,7.0,6.67,7.0,7.0,6.83,6.67,78.0,0.11,2,Green,6,1350.0,Media (Arabica),Private Reserve CAF,78.0,81.42660375957757,Estándar,Estándar,Sí
Arabica,eileen koyanagi,United States (Hawaii),kona,5,100 lbs,Specialty Coffee Association,"March 18th, 2014",Hawaiian Kona,Natural / Dry,7.58,7.33,7.5,7.42,7.5,7.33,7.33,78.0,0.12,2,Green,3,157.93516800000003,Baja (Arabica),Select Harvest EIL,78.0,81.21652106756065,Estándar,Estándar,Sí
Arabica,juan luis alvarado romero,Guatemala,oriente,275,69 kg,Asociacion Nacional Del Café,"February 7th, 2014",Other,Washed / Wet,7.42,7.25,6.83,7.33,7.0,6.92,7.25,78.0,0.1,1,Green,2,371.61216,Baja (Arabica),Mill JUA,78.0,81.23589374266528,Estándar,Estándar,Sí
Arabica,samuel eli gurel,China,yunnan,16,2 kg,Specialty Coffee Association,"September 5th, 2013",Typica,Washed / Wet,7.33,7.17,6.92,7.08,7.33,7.0,7.17,78.0,0.1,0,Green,28,1200.0,Media (Arabica),Mill SAM,78.0,79.27890123260629,Estándar,Estándar,Sí
Arabica,juan luis alvarado romero,Guatemala,oriente,250,69 kg,Asociacion Nacional Del Café,"April 29th, 2013",Bourbon,Washed / Wet,7.0,6.83,6.83,7.17,6.67,6.83,6.67,78.0,0.11,3,Green,9,399.4830720000001,Baja (Arabica),Mill JUA,78.0,80.43499999293542,Estándar,Estándar,Sí
Arabica,alejandro garcia palacios,Mexico,Other,10,1 kg,AMECAFE,"September 11th, 2012",Other,Washed / Wet,7.25,7.33,7.0,7.0,7.25,7.08,7.08,78.0,0.12,2,Green,7,850.0,Baja (Arabica),Private Reserve ALE,78.0,81.57461507195579,Estándar,Estándar,Sí
Arabica,mao-heng chu,Colombia,Other,202,70 kg,Specialty Coffee Association,"December 1st, 2011",Caturra,Washed / Wet,7.42,7.17,7.0,7.17,7.67,7.17,7.08,78.0,0.1,1,Green,3,1750.0,Alta (Arabica),Mill MAO,78.0,83.14674929285904,Estándar,Premium,No
Arabica,santa laura exportadora de cafe s.l.e.c. s.a.,Costa Rica,Other,250,1 kg,Specialty Coffee Association of Costa Rica,"February 3rd, 2015",Caturra,Washed / Wet,7.5,7.25,7.42,7.0,7.08,6.83,6.83,77.92,0.12,2,Green,4,1200.0,Media (Arabica),Private Reserve SAN,77.92,82.17679168833524,Estándar,Estándar,Sí
Arabica,gustavo abarca solis,Mexico,Other,50,1 kg,AMECAFE,"July 26th, 2012",Typica,Washed / Wet,7.42,7.25,7.0,7.0,7.25,7.08,6.92,77.92,0.11,0,Green,3,1248.0,Media (Arabica),Heritage GUS,77.92,81.97606050159703,Estándar,Estándar,Sí
Arabica,juan luis alvarado romero,Guatemala,oriente,250,1 kg,Asociacion Nacional Del Café,"January 13th, 2012",Bourbon,Washed / Wet,7.17,6.17,6.17,7.08,7.33,6.83,7.17,77.92,0.11,0,Green,7,431.999136,Baja (Arabica),Mill JUA,77.92,81.02012163334618,Estándar,Estándar,Sí
Arabica,"bencafe, s. a.",Nicaragua,jinotega,275,69 kg,Specialty Coffee Association of Costa Rica,"February 29th, 2016",Caturra,Washed / Wet,7.42,7.0,7.0,7.17,7.08,7.0,7.17,77.83,0.1,0,Blue-Green,0,1000.0,Media (Arabica),Origins BEN,77.83,82.25811521487663,Estándar,Estándar,Sí
Arabica,cafe politico,Brazil,Other,1,5 lbs,Specialty Coffee Association,"August 25th, 2014",Bourbon,Washed / Wet,7.0,6.75,6.67,6.83,7.08,6.83,6.67,77.83,0.11,0,Green,2,1000.0,Media (Arabica),Select Harvest CAF,77.83,81.91231777946746,Estándar,Estándar,Sí
Arabica,juan luis alvarado romero,Guatemala,oriente,250,1 kg,Asociacion Nacional Del Café,"February 7th, 2013",Bourbon,Washed / Wet,7.0,6.83,6.67,7.17,6.83,6.83,6.5,77.83,0.11,0,Green,2,399.4830720000001,Baja (Arabica),Mill JUA,77.83,82.20528852034096,Estándar,Estándar,Sí
Arabica,"lin, che-hao krude 林哲豪",Taiwan,"dongshan dist., tainan city 臺南市東山區",100,10 kg,Specialty Coffee Association,"May 29th, 2013",Typica,Washed / Wet,7.17,6.75,6.58,7.33,7.33,7.17,6.67,77.67,0.11,0,Blue-Green,0,775.0,Baja (Arabica),Heritage LIN,77.67,81.94838134959052,Estándar,Estándar,Sí
Arabica,kona pacific farmers cooperative,United States (Hawaii),kona,5,100 lbs,Specialty Coffee Association,"May 3rd, 2013",Hawaiian Kona,Natural / Dry,7.58,7.67,7.58,7.67,7.42,7.42,7.58,77.58,0.12,1,Green,5,157.93516800000003,Baja (Arabica),Private Reserve KON,77.58,81.38398261389118,Estándar,Estándar,Sí
Arabica,stephany escamilla femat,Mexico,coatepec,23,1 kg,AMECAFE,"September 17th, 2012",Typica,Washed / Wet,7.17,6.75,6.58,6.75,6.83,6.75,6.67,77.5,0.13,0,Green,3,1300.0,Media (Arabica),Private Reserve STE,77.5,81.42617586740563,Estándar,Estándar,Sí
Arabica,juan luis alvarado romero,Guatemala,oriente,250,1 kg,Asociacion Nacional Del Café,"January 29th, 2013",Bourbon,Washed / Wet,7.08,6.92,6.33,7.0,6.92,7.0,6.17,77.42,0.11,2,Green,15,399.4830720000001,Baja (Arabica),Mill JUA,77.42,79.22873599331689,Estándar,Estándar,Sí
Arabica,ipanema coffees,Brazil,south of minas,320,60 kg,Brazil Specialty Coffee Association,"October 20th, 2017",Bourbon,Natural / Dry,7.5,7.33,7.42,7.58,7.58,6.92,7.0,77.33,0.0,0,Green,3,890.0,Baja (Arabica),Private Reserve IPA,77.33,82.74914184175545,Estándar,Premium,No
Arabica,juan luis alvarado romero,Guatemala,oriente,275,69 kg,Asociacion Nacional Del Café,"April 8th, 2014",Other,Washed / Wet,7.33,7.0,6.83,7.17,7.17,7.17,6.67,77.33,0.1,1,Green,2,371.61216,Baja (Arabica),Mill JUA,77.33,81.23589374266528,Estándar,Estándar,Sí
Arabica,israel eduardo paz garcia,Mexico,zaragoza itundujia,10,1 kg,AMECAFE,"September 13th, 2012",Typica,Washed / Wet,7.33,7.0,6.67,7.0,6.92,6.92,6.83,77.33,0.15,4,Green,5,1500.0,Alta (Arabica),Heritage ISR,77.33,80.45315114787927,Estándar,Estándar,Sí
Arabica,myriam kaplan-pasternak,Other,Other,1,4 lbs,Specialty Coffee Association,"May 5th, 2014",Typica,Washed / Wet,6.83,6.83,6.83,6.75,6.92,6.92,6.83,77.25,0.1,0,Blue-Green,1,825.0,Baja (Arabica),Heritage MYR,77.25,81.54611280054829,Estándar,Estándar,Sí
Arabica,eileen koyanagi,United States (Hawaii),kona,9,2 lbs,Specialty Coffee Association,"January 27th, 2014",Hawaiian Kona,Natural / Dry,7.08,6.92,6.83,6.67,7.58,7.42,6.75,77.25,0.12,1,Green,5,157.93516800000003,Baja (Arabica),Select Harvest EIL,77.25,81.38398261389118,Estándar,Estándar,Sí
Arabica,alejandro garcia palacios,Mexico,Other,10,1 kg,AMECAFE,"September 11th, 2012",Other,Washed / Wet,7.08,7.0,7.0,7.25,7.33,7.25,6.92,77.17,0.12,1,Green,11,1200.0,Media (Arabica),Private Reserve ALE,77.17,81.43834379934246,Estándar,Estándar,Sí
Arabica,andrew bowman,Peru,Other,275,2 kg,Specialty Coffee Association,"June 16th, 2015",Caturra,Washed / Wet,7.42,7.75,7.42,7.67,7.92,7.83,7.67,77.0,0.0,7,Green,9,1200.0,Media (Arabica),Mill AND,77.0,81.28476851230562,Estándar,Estándar,Sí
Arabica,joshua marsceau,Other,Other,20,50 kg,Specialty Coffee Association,"January 16th, 2017",Other,Natural / Dry,7.67,7.33,7.17,6.67,7.17,7.42,7.42,76.83,0.0,0,Green,0,1250.0,Media (Arabica),Private Reserve JOS,76.83,83.25251528191902,Estándar,Premium,No
Arabica,masamichi hiroike,Mexico,Other,250,6,Specialty Coffee Association,"April 9th, 2010",Typica,Washed / Wet,6.67,6.33,6.42,6.83,7.0,6.92,6.58,76.75,0.0,0,Green,0,1200.0,Media (Arabica),Mill MAS,76.75,81.42407100326483,Estándar,Estándar,Sí
Arabica,juan luis alvarado romero,Guatemala,oriente,250,2 kg,Asociacion Nacional Del Café,"January 3rd, 2012",Bourbon,Washed / Wet,6.42,6.5,6.5,7.33,6.33,6.92,6.5,76.5,0.12,0,Green,4,431.999136,Baja (Arabica),Mill JUA,76.5,81.57934906559353,Estándar,Estándar,Sí
Arabica,homero antonio de anda andrade,Mexico,coatepec,10,1 kg,AMECAFE,"July 26th, 2012",Typica,Washed / Wet,7.17,6.58,6.58,7.0,7.25,6.58,6.58,76.42,0.13,0,Green,14,1100.0,Media (Arabica),Private Reserve HOM,76.42,80.15606612836571,Estándar,Estándar,Sí
Arabica,juan luis alvarado romero,Guatemala,oriente,250,69 kg,Asociacion Nacional Del Café,"April 30th, 2012",Bourbon,Washed / Wet,7.5,7.0,6.83,7.5,7.17,7.33,7.0,76.33,0.11,0,Green,8,399.4830720000001,Baja (Arabica),Mill JUA,76.33,80.7662359968935,Estándar,Estándar,Sí
Arabica,juan luis alvarado romero,Guatemala,oriente,250,2 kg,Asociacion Nacional Del Café,"January 3rd, 2012",Bourbon,Washed / Wet,6.17,6.5,6.5,7.17,7.0,6.83,6.17,76.33,0.11,0,Green,5,431.999136,Baja (Arabica),Mill JUA,76.33,81.52893151831661,Estándar,Estándar,Sí
Arabica,eileen koyanagi,United States (Hawaii),kona,2,100 lbs,Specialty Coffee Association,"March 18th, 2014",Hawaiian Kona,Natural / Dry,7.25,7.08,6.83,7.17,7.33,6.83,7.08,76.25,0.0,0,Green,0,157.93516800000003,Baja (Arabica),Select Harvest EIL,76.25,82.85936356462278,Estándar,Premium,No
Arabica,eileen koyanagi,United States (Hawaii),kona,6,100 lbs,Specialty Coffee Association,"January 20th, 2014",Hawaiian Kona,Natural / Dry,7.5,7.33,7.33,7.58,7.67,7.25,7.5,76.17,0.0,0,Blue-Green,3,157.93516800000003,Baja (Arabica),Select Harvest EIL,76.17,83.32169289957454,Estándar,Premium,No
Arabica,israel eduardo paz garcia,Mexico,zaragoza itundujia,11,1 kg,AMECAFE,"September 17th, 2012",Typica,Washed / Wet,7.42,7.0,6.83,7.08,6.92,6.83,6.75,76.17,0.16,2,Green,4,1400.0,Media (Arabica),Heritage ISR,76.17,79.97473233746622,Estándar,Estándar,Sí
Arabica,william ho,Indonesia,Other,15,2 kg,Specialty Coffee Association,"January 18th, 2012",Other,Natural / Dry,7.33,7.0,6.5,6.08,7.58,6.33,6.67,76.17,0.12,4,Blue-Green,26,3500.0,Premium (Arabica),Origins WIL,76.17,80.53670982164898,Estándar,Estándar,Sí
Arabica,guillermo eduardo bobadilla muguira,Mexico,Other,20,1 kg,AMECAFE,"September 10th, 2012",Bourbon,Washed / Wet,7.08,6.83,6.83,7.17,7.17,7.08,6.58,76.08,0.12,0,Green,12,1250.0,Media (Arabica),Select Harvest GUI,76.08,80.97561614963753,Estándar,Estándar,Sí
Arabica,cafes finos de exportacion s de r.l.,Honduras,Other,275,2 kg,Instituto Hondureño del Café,"May 15th, 2014",Pacas,Natural / Dry,6.83,6.83,6.67,6.83,7.0,6.83,7.0,76.0,0.11,0,Green,7,1350.0,Media (Arabica),Private Reserve CAF,76.0,81.61502223560919,Estándar,Estándar,Sí
Arabica,ana gonzales,Other,Other,1,2 kg,Specialty Coffee Association,"May 14th, 2013",Other,Washed / Wet,6.83,6.5,6.5,6.92,6.75,7.0,6.67,75.83,0.12,0,Green,2,1000.0,Media (Arabica),Mill ANA,75.83,81.2943460799176,Estándar,Estándar,Sí
Arabica,volcafe ltda. - brasil,Brazil,Other,440,59 kg,Brazil Specialty Coffee Association,"October 27th, 2017",Bourbon,Natural / Dry,7.17,7.0,6.83,7.5,7.17,7.0,7.0,75.67,0.11,0,Green,6,1000.0,Media (Arabica),Select Harvest VOL,75.67,82.14718145824502,Estándar,Estándar,Sí
Arabica,juan luis alvarado romero,Guatemala,oriente,250,1 kg,Asociacion Nacional Del Café,"July 9th, 2012",Bourbon,Washed / Wet,7.92,7.58,7.17,7.58,7.33,7.17,6.83,75.58,0.11,0,Green,15,399.4830720000001,Baja (Arabica),Mill JUA,75.58,79.2700874744703,Estándar,Estándar,Sí
Arabica,juan luis alvarado romero,Guatemala,oriente,250,1 kg,Asociacion Nacional Del Café,"January 6th, 2012",Bourbon,Washed / Wet,6.67,6.5,6.33,7.0,7.17,6.75,6.5,75.58,0.12,0,Green,10,431.999136,Baja (Arabica),Mill JUA,75.58,80.0886620025817,Estándar,Estándar,Sí
Arabica,juana rodriguez gutierrez,Mexico,Other,10,1 kg,AMECAFE,"September 12th, 2012",Other,Washed / Wet,7.5,7.25,6.92,7.0,7.17,6.83,6.83,75.5,0.11,4,Green,20,1100.0,Media (Arabica),Select Harvest JUA,75.5,80.41627818829154,Estándar,Estándar,Sí
Arabica,francisco hernandez lorenzo,Mexico,Other,100,1 kg,AMECAFE,"September 12th, 2012",Mundo Novo,Washed / Wet,7.17,6.92,6.67,6.83,7.25,7.75,6.58,75.17,0.11,0,Green,20,1200.0,Media (Arabica),Select Harvest FRA,75.17,80.33748024269723,Estándar,Estándar,Sí
Arabica,montegrande,Mexico,Other,36,1 kg,AMECAFE,"June 6th, 2012",Other,Washed / Wet,7.25,6.83,6.67,7.08,7.17,6.83,6.67,75.17,0.12,0,Green,8,1100.0,Media (Arabica),Mill MON,75.17,81.71008358340427,Estándar,Estándar,Sí
Arabica,martin jimenez casiano,Mexico,Other,18,1 kg,AMECAFE,"March 5th, 2012",Typica,Washed / Wet,7.17,7.17,6.83,7.17,7.42,6.67,6.75,75.17,0.13,23,Blue-Green,29,1280.0,Media (Arabica),Heritage MAR,75.17,81.41864880409905,Estándar,Estándar,Sí
Arabica,"grupo juvenil magtayani, ac",Mexico,Other,43,1 kg,AMECAFE,"July 11th, 2012",Typica,Washed / Wet,7.0,6.92,6.75,6.92,7.17,6.83,6.75,75.0,0.14,15,Green,7,850.0,Baja (Arabica),Select Harvest GRU,75.0,80.78796051570083,Estándar,Estándar,Sí
Arabica,israel eduardo paz garcia,Mexico,zaragoza itundujia,14,1 kg,AMECAFE,"September 13th, 2012",Typica,Washed / Wet,7.08,6.75,6.58,7.0,7.0,6.75,6.42,74.92,0.17,0,Green,6,1500.0,Alta (Arabica),Heritage ISR,74.92,79.90954662639136,Estándar,Estándar,Sí
Arabica,pablo enrique martinez gama,Mexico,coatepec,20,1 kg,AMECAFE,"August 1st, 2012",Typica,Washed / Wet,7.33,6.75,6.67,7.25,7.5,7.0,7.0,74.83,0.12,0,Green,30,1250.0,Media (Arabica),Heritage PAB,74.83,78.87706663289921,Estándar,Estándar,Sí
Arabica,juan luis alvarado romero,Guatemala,oriente,250,1 kg,Asociacion Nacional Del Café,"January 9th, 2012",Bourbon,Washed / Wet,6.75,6.5,6.17,7.0,7.25,6.75,6.33,74.75,0.11,0,Green,8,431.999136,Baja (Arabica),Mill JUA,74.75,80.76086145316397,Estándar,Estándar,Sí
Arabica,juan luis alvarado romero,Guatemala,oriente,250,1 kg,Asociacion Nacional Del Café,"January 5th, 2012",Bourbon,Washed / Wet,6.75,6.67,6.17,7.17,7.0,6.58,6.42,74.75,0.11,0,Green,10,431.999136,Baja (Arabica),Mill JUA,74.75,80.25615379806274,Estándar,Estándar,Sí
Arabica,nestor mendez gomez,Mexico,chiapas,275,1 kg,AMECAFE,"March 29th, 2013",Typica,Washed / Wet,7.08,7.0,6.83,7.5,7.33,6.83,6.75,74.67,0.12,0,Green,7,1700.0,Alta (Arabica),Private Reserve NES,74.67,81.56873573712883,Estándar,Estándar,Sí
Arabica,eileen koyanagi,United States (Hawaii),kona,3,100 lbs,Specialty Coffee Association,"March 13th, 2014",Hawaiian Kona,Natural / Dry,7.5,7.25,7.0,7.25,7.42,7.33,7.33,74.42,0.0,1,Blue-Green,2,157.93516800000003,Baja (Arabica),Select Harvest EIL,74.42,83.18095531112127,Estándar,Premium,No
Arabica,juan luis alvarado romero,Guatemala,oriente,250,69 kg,Asociacion Nacional Del Café,"June 6th, 2013",Bourbon,Washed / Wet,6.5,6.33,6.5,7.5,7.33,6.83,6.0,74.33,0.11,1,Green,1,399.4830720000001,Baja (Arabica),Mill JUA,74.33,82.21443663930783,Estándar,Estándar,Sí
Arabica,jorge octavio escamilla prado,Mexico,Other,20,1 kg,AMECAFE,"September 10th, 2012",Typica,Washed / Wet,7.0,6.58,6.67,6.83,7.08,6.83,6.67,74.33,0.14,3,Green,11,1140.0,Media (Arabica),Origins JOR,74.33,81.28225100418292,Estándar,Estándar,Sí
Arabica,myrna roxana galvez gonzalez,Mexico,Other,100,1 kg,AMECAFE,"September 17th, 2012",Typica,Washed / Wet,6.92,6.42,6.17,7.33,7.25,6.75,6.5,74.0,0.13,0,Green,27,1200.0,Media (Arabica),Select Harvest MYR,74.0,79.18937658373781,Estándar,Estándar,Sí
Arabica,eugene holman pew,Mexico,coatepec,20,1 kg,AMECAFE,"August 1st, 2012",Typica,Washed / Wet,7.67,7.0,7.17,7.58,7.33,7.33,7.08,73.83,0.12,0,Green,19,1250.0,Media (Arabica),Select Harvest EUG,73.83,79.51396170101489,Estándar,Estándar,Sí
Arabica,kona pacific farmers cooperative,United States (Hawaii),kona,22,100 lbs,Specialty Coffee Association,"April 6th, 2012",Hawaiian Kona,Natural / Dry,7.17,7.17,7.17,7.58,7.67,6.92,7.33,73.67,0.0,9,Blue-Green,17,157.93516800000003,Baja (Arabica),Private Reserve KON,73.67,80.40534488350517,Estándar,Estándar,Sí
Arabica,bourbon specialty coffees,Brazil,Other,300,60 kg,Brazil Specialty Coffee Association,"December 28th, 2015",Bourbon,Natural / Dry,7.25,6.58,6.58,7.0,7.0,6.42,6.67,73.5,0.11,0,Green,0,1000.0,Media (Arabica),Origins BOU,73.5,82.3631240060658,Estándar,Estándar,Sí
Arabica,cafes finos de exportacion s de r.l.,Honduras,Other,275,2 kg,Instituto Hondureño del Café,"April 26th, 2014",Pacas,Washed / Wet,7.0,7.17,6.83,7.17,7.0,7.17,7.08,73.42,0.11,1,Green,16,1350.0,Media (Arabica),Private Reserve CAF,73.42,80.17741500211095,Estándar,Estándar,Sí
Arabica,kurt kappeli,Mexico,Other,280,69 kg,Specialty Coffee Association,"May 8th, 2014",Typica,Washed / Wet,7.08,7.08,6.92,7.08,6.92,6.92,6.92,72.92,0.0,1,Green,1,1200.0,Media (Arabica),Origins KUR,72.92,81.26531643515332,Estándar,Estándar,Sí
Arabica,honor dela fuente,Colombia,Other,1,5 lbs,Specialty Coffee Association,"March 3rd, 2014",Caturra,Natural / Dry,8.0,7.33,7.75,7.33,7.42,7.67,7.33,72.83,0.0,0,Blue-Green,15,1750.0,Alta (Arabica),Private Reserve HON,72.83,82.48307113083091,Estándar,Estándar,Sí
Arabica,eileen koyanagi,United States (Hawaii),kona,11,100 lbs,Specialty Coffee Association,"March 10th, 2014",Hawaiian Kona,Natural / Dry,6.92,6.92,6.92,7.5,7.58,7.17,6.92,72.58,0.11,5,Green,9,157.93516800000003,Baja (Arabica),Select Harvest EIL,72.58,80.22040196187788,Estándar,Estándar,Sí
Arabica,myriam kaplan-pasternak,Other,Other,85,130 lbs,Specialty Coffee Association,"August 23rd, 2011",Typica,Washed / Wet,6.92,6.75,7.08,7.17,7.33,6.67,6.42,72.33,0.08,1,Blue-Green,0,1020.0,Media (Arabica),Heritage MYR,72.33,81.72698310175626,Estándar,Estándar,Sí
Arabica,santa laura exportadora de cafe s.l.e.c. s.a.,Costa Rica,Other,250,1 kg,Specialty Coffee Association of Costa Rica,"February 3rd, 2015",Caturra,Washed / Wet,6.33,6.5,6.33,6.83,6.33,6.5,6.25,71.75,0.11,0,Green,7,1200.0,Media (Arabica),Private Reserve SAN,71.75,82.31699531409741,Estándar,Estándar,Sí
Arabica,jose armando norberto borzani lemini,Mexico,Other,10,1 kg,AMECAFE,"September 10th, 2012",Mundo Novo,Washed / Wet,6.92,6.92,6.92,6.92,7.17,7.0,6.58,71.08,0.12,4,Green,24,800.0,Baja (Arabica),Private Reserve JOS,71.08,79.74250629818307,Estándar,Estándar,Sí
Arabica,ricardo aaron sampieri marini,Mexico,veracruz,25,1 kg,AMECAFE,"July 11th, 2012",Bourbon,Washed / Wet,6.5,6.67,6.42,7.17,7.33,6.5,6.42,71.0,0.11,0,Green,0,1800.0,Premium (Arabica),Mill RIC,71.0,82.20022918533465,Estándar,Estándar,Sí
Arabica,kurt kappeli,Mexico,Other,280,2 kg,Specialty Coffee Association,"May 5th, 2014",Typica,Washed / Wet,6.92,7.0,6.83,6.92,7.42,6.92,6.75,70.75,0.12,0,Green,1,1000.0,Media (Arabica),Origins KUR,70.75,81.81778693788105,Estándar,Estándar,Sí
Arabica,volcafe ltda. - brasil,Brazil,cerrado,305,59 kg,Brazil Specialty Coffee Association,"October 27th, 2017",Bourbon,Natural / Dry,7.0,7.0,6.83,7.0,7.33,6.83,6.67,70.67,0.11,0,Green,55,1000.0,Media (Arabica),Select Harvest VOL,70.67,80.1783639076007,Estándar,Estándar,Sí
